timestamp,elapsed_s,stream_id,state,frame_age_s,generation,frames_received,last_frame_seq,is_live
2026-08-27T16:14:54.234670,0.0,cam_01,ONLINE,0.11,0,45,61,1
2026-08-27T16:14:54.234670,0.0,cam_02,ONLINE,0.06,0,45,63,1
2026-08-27T16:14:54.234670,0.0,cam_03,RECONNECTING,-1.0,0,0,-1,0
2026-08-27T16:14:54.234670,0.0,cam_04,RECONNECTING,-1.0,0,0,-1,0
2026-08-27T16:14:54.234670,0.0,cam_05,RECONNECTING,-1.0,0,0,-1,0
2026-08-27T16:14:54.234670,0.0,cam_06,RECONNECTING,-1.0,0,0,-1,0
2026-08-27T16:14:54.234670,0.0,cam_07,RECONNECTING,-1.0,0,0,-1,0
2026-08-27T16:14:54.234670,0.0,cam_08,RECONNECTING,-1.0,0,0,-1,0
2026-08-27T16:14:54.234670,0.0,cam_09,RECONNECTING,-1.0,0,0,-1,0
2026-08-27T16:14:54.234670,0.0,cam_10,RECONNECTING,-1.0,0,0,-1,0
2026-08-27T16:14:54.234670,0.0,cam_11,RECONNECTING,-1.0,0,0,-1,0
2026-08-27T16:14:54.234670,0.0,cam_12,RECONNECTING,-1.0,0,0,-1,0
2026-08-27T16:14:54.234670,0.0,cam_13,RECONNECTING,-1.0,0,0,-1,0
2026-08-27T16:14:54.234670,0.0,cam_14,RECONNECTING,-1.0,0,0,-1,0
2026-08-27T16:14:54.234670,0.0,cam_15,RECONNECTING,-1.0,0,0,-1,0
2026-08-27T16:15:04.308090,10.1,cam_01,ONLINE,0.33,0,107,131,1
2026-08-27T16:15:04.308090,10.1,cam_02,ONLINE,0.3,0,109,133,1
2026-08-27T16:15:04.308090,10.1,cam_03,ONLINE,0.2,0,2,8,1
2026-08-27T16:15:04.308090,10.1,cam_04,RECONNECTING,-1.0,0,0,-1,0
2026-08-27T16:15:04.308090,10.1,cam_05,RECONNECTING,-1.0,0,0,-1,0
2026-08-27T16:15:04.308090,10.1,cam_06,RECONNECTING,-1.0,0,0,-1,0
2026-08-27T16:15:04.308090,10.1,cam_07,ONLINE,0.23,0,60,73,1
2026-08-27T16:15:04.308090,10.1,cam_08,RECONNECTING,-1.0,0,0,-1,0
2026-08-27T16:15:04.308090,10.1,cam_09,RECONNECTING,-1.0,0,0,-1,0
2026-08-27T16:15:04.308090,10.1,cam_10,ONLINE,0.19,0,56,71,1
2026-08-27T16:15:04.308090,10.1,cam_11,RECONNECTING,-1.0,0,0,-1,0
2026-08-27T16:15:04.308090,10.1,cam_12,RECONNECTING,-1.0,0,0,-1,0
2026-08-27T16:15:04.308090,10.1,cam_13,RECONNECTING,-1.0,0,0,-1,0
2026-08-27T16:15:04.308090,10.1,cam_14,RECONNECTING,-1.0,0,0,-1,0
2026-08-27T16:15:04.308090,10.1,cam_15,ONLINE,0.23,0,1,9,1
2026-08-27T16:15:14.325564,20.1,cam_01,ONLINE,0.27,0,160,203,1
2026-08-27T16:15:14.325564,20.1,cam_02,ONLINE,0.52,0,161,203,1
2026-08-27T16:15:14.325564,20.1,cam_03,ONLINE,0.19,0,54,80,1
2026-08-27T16:15:14.325564,20.1,cam_04,RECONNECTING,-1.0,0,0,-1,0
2026-08-27T16:15:14.325564,20.1,cam_05,RECONNECTING,-1.0,0,0,-1,0
2026-08-27T16:15:14.325564,20.1,cam_06,RECONNECTING,-1.0,0,0,-1,0
2026-08-27T16:15:14.325564,20.1,cam_07,ONLINE,0.11,0,116,145,1
2026-08-27T16:15:14.325564,20.1,cam_08,ONLINE,0.05,0,9,20,1
2026-08-27T16:15:14.325564,20.1,cam_09,RECONNECTING,-1.0,0,0,-1,0
2026-08-27T16:15:14.325564,20.1,cam_10,ONLINE,0.16,0,98,143,1
2026-08-27T16:15:14.325564,20.1,cam_11,ONLINE,0.36,0,6,18,1
2026-08-27T16:15:14.325564,20.1,cam_12,RECONNECTING,-1.0,0,0,-1,0
2026-08-27T16:15:14.325564,20.1,cam_13,RECONNECTING,-1.0,0,0,-1,0
2026-08-27T16:15:14.325564,20.1,cam_14,RECONNECTING,-1.0,0,0,-1,0
2026-08-27T16:15:14.325564,20.1,cam_15,ONLINE,0.11,0,51,82,1
2026-08-27T16:15:24.346662,30.1,cam_01,ONLINE,0.22,0,215,275,1
2026-08-27T16:15:24.346662,30.1,cam_02,ONLINE,0.22,0,209,277,1
2026-08-27T16:15:24.346662,30.1,cam_03,ONLINE,0.3,0,103,151,1
2026-08-27T16:15:24.346662,30.1,cam_04,RECONNECTING,-1.0,0,0,-1,0
2026-08-27T16:15:24.346662,30.1,cam_05,ONLINE,0.45,0,15,26,1
2026-08-27T16:15:24.346662,30.1,cam_06,RECONNECTING,-1.0,0,0,-1,0
2026-08-27T16:15:24.346662,30.1,cam_07,ONLINE,0.22,0,160,216,1
2026-08-27T16:15:24.346662,30.1,cam_08,ONLINE,0.28,0,65,90,1
2026-08-27T16:15:24.346662,30.1,cam_09,RECONNECTING,-1.0,0,0,-1,0
2026-08-27T16:15:24.346662,30.1,cam_10,ONLINE,0.17,0,149,214,1
2026-08-27T16:15:24.346662,30.1,cam_11,ONLINE,0.2,0,56,90,1
2026-08-27T16:15:24.346662,30.1,cam_12,ONLINE,0.11,0,15,30,1
2026-08-27T16:15:24.346662,30.1,cam_13,RECONNECTING,-1.0,0,0,-1,0
2026-08-27T16:15:24.346662,30.1,cam_14,RECONNECTING,-1.0,0,0,-1,0
2026-08-27T16:15:24.346662,30.1,cam_15,ONLINE,0.12,0,96,153,1
2026-08-27T16:15:34.383255,40.1,cam_01,ONLINE,0.23,0,255,339,1
2026-08-27T16:15:34.383255,40.1,cam_02,ONLINE,0.16,0,247,341,1
2026-08-27T16:15:34.383255,40.1,cam_03,ONLINE,0.19,0,142,216,1
2026-08-27T16:15:34.383255,40.1,cam_04,RECONNECTING,-1.0,0,0,-1,0
2026-08-27T16:15:34.383255,40.1,cam_05,ONLINE,0.12,0,48,92,1
2026-08-27T16:15:34.383255,40.1,cam_06,ONLINE,0.05,0,11,29,1
2026-08-27T16:15:34.383255,40.1,cam_07,ONLINE,0.09,0,200,281,1
2026-08-27T16:15:34.383255,40.1,cam_08,ONLINE,0.19,0,99,155,1
2026-08-27T16:15:34.383255,40.1,cam_09,RECONNECTING,-1.0,0,0,-1,0
2026-08-27T16:15:34.383255,40.1,cam_10,ONLINE,0.09,0,182,279,1
2026-08-27T16:15:34.383255,40.1,cam_11,ONLINE,0.41,0,90,153,1
2026-08-27T16:15:34.383255,40.1,cam_12,ONLINE,0.41,0,51,92,1
2026-08-27T16:15:34.383255,40.1,cam_13,ONLINE,0.33,0,12,30,1
2026-08-27T16:15:34.383255,40.1,cam_14,RECONNECTING,-1.0,0,0,-1,0
2026-08-27T16:15:34.383255,40.1,cam_15,ONLINE,0.33,0,133,216,1
2026-08-27T16:15:44.397221,50.2,cam_01,ONLINE,0.84,0,285,406,1
2026-08-27T16:15:44.397221,50.2,cam_02,ONLINE,0.81,0,271,408,1
2026-08-27T16:15:44.397221,50.2,cam_03,ONLINE,0.8,0,173,283,1
2026-08-27T16:15:44.397221,50.2,cam_04,RECONNECTING,-1.0,0,0,-1,0
2026-08-27T16:15:44.397221,50.2,cam_05,ONLINE,0.69,0,80,160,1
2026-08-27T16:15:44.397221,50.2,cam_06,ONLINE,0.53,0,30,97,1
2026-08-27T16:15:44.397221,50.2,cam_07,ONLINE,0.5,0,225,340,1
2026-08-27T16:15:44.397221,50.2,cam_08,ONLINE,0.36,0,133,225,1
2026-08-27T16:15:44.397221,50.2,cam_09,ONLINE,0.45,0,12,40,1
2026-08-27T16:15:44.397221,50.2,cam_10,ONLINE,0.28,0,214,349,1
2026-08-27T16:15:44.397221,50.2,cam_11,ONLINE,0.08,0,121,227,1
2026-08-27T16:15:44.397221,50.2,cam_12,ONLINE,0.2,0,81,165,1
2026-08-27T16:15:44.397221,50.2,cam_13,ONLINE,0.16,0,47,102,1
2026-08-27T16:15:44.397221,50.2,cam_14,ONLINE,1.2,0,10,32,1
2026-08-27T16:15:44.397221,50.2,cam_15,ONLINE,0.89,0,164,283,1
2026-08-27T16:15:54.406329,60.2,cam_01,ONLINE,0.23,0,313,483,1
2026-08-27T16:15:54.406329,60.2,cam_02,ONLINE,0.25,0,295,485,1
2026-08-27T16:15:54.406329,60.2,cam_03,ONLINE,0.2,0,198,360,1
2026-08-27T16:15:54.406329,60.2,cam_04,ONLINE,0.59,0,15,44,1
2026-08-27T16:15:54.406329,60.2,cam_05,ONLINE,0.11,0,103,237,1
2026-08-27T16:15:54.406329,60.2,cam_06,ONLINE,0.14,0,53,173,1
2026-08-27T16:15:54.406329,60.2,cam_07,ONLINE,0.11,0,253,425,1
2026-08-27T16:15:54.406329,60.2,cam_08,ONLINE,0.66,0,161,296,1
2026-08-27T16:15:54.406329,60.2,cam_09,ONLINE,0.58,0,36,112,1
2026-08-27T16:15:54.406329,60.2,cam_10,ONLINE,0.3,0,242,422,1
2026-08-27T16:15:54.406329,60.2,cam_11,ONLINE,0.64,0,148,296,1
2026-08-27T16:15:54.406329,60.2,cam_12,ONLINE,0.88,0,107,233,1
2026-08-27T16:15:54.406329,60.2,cam_13,ONLINE,0.34,0,75,174,1
2026-08-27T16:15:54.406329,60.2,cam_14,ONLINE,0.36,0,19,99,1
2026-08-27T16:15:54.406329,60.2,cam_15,ONLINE,0.23,0,188,361,1
2026-08-27T16:16:04.455852,70.2,cam_01,ONLINE,0.14,0,341,556,1
2026-08-27T16:16:04.455852,70.2,cam_02,ONLINE,0.53,0,323,555,1
2026-08-27T16:16:04.455852,70.2,cam_03,ONLINE,0.11,0,228,433,1
2026-08-27T16:16:04.455852,70.2,cam_04,ONLINE,1.75,0,37,114,1
2026-08-27T16:16:04.455852,70.2,cam_05,STALE,8.92,0,108,247,0
2026-08-27T16:16:04.455852,70.2,cam_06,ONLINE,0.06,0,81,245,1
2026-08-27T16:16:04.455852,70.2,cam_07,ONLINE,0.14,0,282,497,1
2026-08-27T16:16:04.455852,70.2,cam_08,ONLINE,0.2,0,188,371,1
2026-08-27T16:16:04.455852,70.2,cam_09,ONLINE,0.22,0,67,186,1
2026-08-27T16:16:04.455852,70.2,cam_10,ONLINE,0.12,0,274,495,1
2026-08-27T16:16:04.455852,70.2,cam_11,ONLINE,0.19,0,173,371,1
2026-08-27T16:16:04.455852,70.2,cam_12,ONLINE,0.19,0,134,310,1
2026-08-27T16:16:04.455852,70.2,cam_13,ONLINE,0.23,0,106,247,1
2026-08-27T16:16:04.455852,70.2,cam_14,ONLINE,0.22,0,48,173,1
2026-08-27T16:16:04.455852,70.2,cam_15,ONLINE,0.12,0,216,434,1
2026-08-27T16:16:14.493142,80.2,cam_01,ONLINE,0.34,0,367,619,1
2026-08-27T16:16:14.493142,80.2,cam_02,ONLINE,0.45,0,354,620,1
2026-08-27T16:16:14.493142,80.2,cam_03,ONLINE,0.31,0,255,496,1
2026-08-27T16:16:14.493142,80.2,cam_04,ONLINE,0.22,0,54,189,1
2026-08-27T16:16:14.493142,80.2,cam_05,ONLINE,0.12,0,136,353,1
2026-08-27T16:16:14.493142,80.2,cam_06,ONLINE,0.16,0,108,309,1
2026-08-27T16:16:14.493142,80.2,cam_07,ONLINE,0.83,0,310,553,1
2026-08-27T16:16:14.493142,80.2,cam_08,ONLINE,0.69,0,220,432,1
2026-08-27T16:16:14.493142,80.2,cam_09,ONLINE,0.48,0,92,249,1
2026-08-27T16:16:14.493142,80.2,cam_10,ONLINE,0.94,0,295,539,1
2026-08-27T16:16:14.493142,80.2,cam_11,STALE,6.83,0,182,387,0
2026-08-27T16:16:14.493142,80.2,cam_12,ONLINE,0.5,0,166,372,1
2026-08-27T16:16:14.493142,80.2,cam_13,ONLINE,0.44,0,138,310,1
2026-08-27T16:16:14.493142,80.2,cam_14,ONLINE,0.44,0,77,236,1
2026-08-27T16:16:14.493142,80.2,cam_15,ONLINE,0.31,0,235,497,1
2026-08-27T16:16:24.515229,90.3,cam_01,ONLINE,0.33,0,389,690,1
2026-08-27T16:16:24.515229,90.3,cam_02,ONLINE,0.73,0,374,690,1
2026-08-27T16:16:24.515229,90.3,cam_03,ONLINE,0.23,0,278,568,1
2026-08-27T16:16:24.515229,90.3,cam_04,ONLINE,0.2,0,76,261,1
2026-08-27T16:16:24.515229,90.3,cam_05,ONLINE,0.23,0,156,424,1
2026-08-27T16:16:24.515229,90.3,cam_06,ONLINE,0.42,0,130,379,1
2026-08-27T16:16:24.515229,90.3,cam_07,STALE,6.84,0,313,563,0
2026-08-27T16:16:24.515229,90.3,cam_08,ONLINE,0.67,0,244,504,1
2026-08-27T16:16:24.515229,90.3,cam_09,ONLINE,0.61,0,111,320,1
2026-08-27T16:16:24.515229,90.3,cam_10,ONLINE,0.72,0,309,607,1
2026-08-27T16:16:24.515229,90.3,cam_11,ONLINE,0.97,0,193,481,1
2026-08-27T16:16:24.515229,90.3,cam_12,ONLINE,0.45,0,188,444,1
2026-08-27T16:16:24.515229,90.3,cam_13,ONLINE,0.31,0,160,382,1
2026-08-27T16:16:24.515229,90.3,cam_14,ONLINE,0.38,0,100,308,1
2026-08-27T16:16:24.515229,90.3,cam_15,ONLINE,0.23,0,257,569,1
2026-08-27T16:16:34.531086,100.3,cam_01,ONLINE,0.09,0,416,764,1
2026-08-27T16:16:34.531086,100.3,cam_02,ONLINE,0.12,0,396,766,1
2026-08-27T16:16:34.531086,100.3,cam_03,ONLINE,0.06,0,302,641,1
2026-08-27T16:16:34.531086,100.3,cam_04,ONLINE,0.27,0,100,332,1
2026-08-27T16:16:34.531086,100.3,cam_05,ONLINE,0.33,0,180,495,1
2026-08-27T16:16:34.531086,100.3,cam_06,ONLINE,0.27,0,154,452,1
2026-08-27T16:16:34.531086,100.3,cam_07,STALE,17.09,0,313,563,0
2026-08-27T16:16:34.531086,100.3,cam_08,ONLINE,0.17,0,269,579,1
2026-08-27T16:16:34.531086,100.3,cam_09,ONLINE,0.25,0,133,394,1
2026-08-27T16:16:34.531086,100.3,cam_10,ONLINE,0.23,0,331,684,1
2026-08-27T16:16:34.531086,100.3,cam_11,ONLINE,0.62,0,217,558,1
2026-08-27T16:16:34.531086,100.3,cam_12,ONLINE,0.22,0,214,518,1
2026-08-27T16:16:34.531086,100.3,cam_13,ONLINE,0.33,0,183,454,1
2026-08-27T16:16:34.531086,100.3,cam_14,ONLINE,0.17,0,124,381,1
2026-08-27T16:16:34.531086,100.3,cam_15,ONLINE,1.45,0,276,632,1
2026-08-27T16:16:44.563467,110.3,cam_01,ONLINE,0.5,0,434,828,1
2026-08-27T16:16:44.563467,110.3,cam_02,ONLINE,0.62,0,414,829,1
2026-08-27T16:16:44.563467,110.3,cam_03,ONLINE,0.59,0,322,704,1
2026-08-27T16:16:44.563467,110.3,cam_04,ONLINE,0.47,0,118,397,1
2026-08-27T16:16:44.563467,110.3,cam_05,ONLINE,0.41,0,201,561,1
2026-08-27T16:16:44.563467,110.3,cam_06,ONLINE,0.31,0,174,518,1
2026-08-27T16:16:44.563467,110.3,cam_07,ONLINE,0.34,0,323,35,1
2026-08-27T16:16:44.563467,110.3,cam_08,ONLINE,0.28,0,289,645,1
2026-08-27T16:16:44.563467,110.3,cam_09,ONLINE,0.34,0,150,460,1
2026-08-27T16:16:44.563467,110.3,cam_10,ONLINE,1.78,0,349,740,1
2026-08-27T16:16:44.563467,110.3,cam_11,ONLINE,0.28,0,231,627,1
2026-08-27T16:16:44.563467,110.3,cam_12,ONLINE,0.25,0,235,584,1
2026-08-27T16:16:44.563467,110.3,cam_13,ONLINE,0.12,0,200,522,1
2026-08-27T16:16:44.563467,110.3,cam_14,ONLINE,0.11,0,145,448,1
2026-08-27T16:16:44.563467,110.3,cam_15,STALE,10.95,0,276,632,0
2026-08-27T16:16:54.573898,120.3,cam_01,ONLINE,0.52,0,463,900,1
2026-08-27T16:16:54.573898,120.3,cam_02,ONLINE,0.3,0,444,903,1
2026-08-27T16:16:54.573898,120.3,cam_03,ONLINE,0.25,0,348,778,1
2026-08-27T16:16:54.573898,120.3,cam_04,ONLINE,0.22,0,143,471,1
2026-08-27T16:16:54.573898,120.3,cam_05,ONLINE,2.98,0,219,612,1
2026-08-27T16:16:54.573898,120.3,cam_06,ONLINE,0.34,0,201,590,1
2026-08-27T16:16:54.573898,120.3,cam_07,ONLINE,0.23,0,351,108,1
2026-08-27T16:16:54.573898,120.3,cam_08,ONLINE,2.44,0,300,681,1
2026-08-27T16:16:54.573898,120.3,cam_09,ONLINE,0.17,0,173,533,1
2026-08-27T16:16:54.573898,120.3,cam_10,ONLINE,0.19,0,375,823,1
2026-08-27T16:16:54.573898,120.3,cam_11,ONLINE,0.16,0,258,700,1
2026-08-27T16:16:54.573898,120.3,cam_12,ONLINE,0.14,0,258,657,1
2026-08-27T16:16:54.573898,120.3,cam_13,ONLINE,0.11,0,230,594,1
2026-08-27T16:16:54.573898,120.3,cam_14,ONLINE,0.61,0,172,517,1
2026-08-27T16:16:54.573898,120.3,cam_15,STALE,21.23,0,276,632,0
2026-08-27T16:17:04.617366,130.4,cam_01,ONLINE,0.19,0,489,974,1
2026-08-27T16:17:04.617366,130.4,cam_02,ONLINE,0.28,0,469,975,1
2026-08-27T16:17:04.617366,130.4,cam_03,ONLINE,0.28,0,372,850,1
2026-08-27T16:17:04.617366,130.4,cam_04,ONLINE,0.19,0,171,543,1
2026-08-27T16:17:04.617366,130.4,cam_05,ONLINE,0.16,0,242,707,1
2026-08-27T16:17:04.617366,130.4,cam_06,ONLINE,0.2,0,226,663,1
2026-08-27T16:17:04.617366,130.4,cam_07,ONLINE,0.39,0,373,179,1
2026-08-27T16:17:04.617366,130.4,cam_08,STALE,4.59,0,301,682,0
2026-08-27T16:17:04.617366,130.4,cam_09,ONLINE,0.34,0,200,604,1
2026-08-27T16:17:04.617366,130.4,cam_10,ONLINE,0.25,0,401,895,1
2026-08-27T16:17:04.617366,130.4,cam_11,ONLINE,0.3,0,284,771,1
2026-08-27T16:17:04.617366,130.4,cam_12,ONLINE,0.28,0,283,728,1
2026-08-27T16:17:04.617366,130.4,cam_13,ONLINE,0.28,0,257,665,1
2026-08-27T16:17:04.617366,130.4,cam_14,ONLINE,0.27,0,197,591,1
2026-08-27T16:17:04.617366,130.4,cam_15,ONLINE,0.19,0,298,75,1
2026-08-27T16:17:14.646560,140.4,cam_01,ONLINE,0.31,0,519,1045,1
2026-08-27T16:17:14.646560,140.4,cam_02,ONLINE,0.28,0,498,1047,1
2026-08-27T16:17:14.646560,140.4,cam_03,ONLINE,1.8,0,398,911,1
2026-08-27T16:17:14.646560,140.4,cam_04,ONLINE,1.91,0,194,603,1
2026-08-27T16:17:14.646560,140.4,cam_05,ONLINE,0.92,0,246,734,1
2026-08-27T16:17:14.646560,140.4,cam_06,ONLINE,0.25,0,256,734,1
2026-08-27T16:17:14.646560,140.4,cam_07,ONLINE,0.42,0,400,250,1
2026-08-27T16:17:14.646560,140.4,cam_08,STALE,14.84,0,301,682,0
2026-08-27T16:17:14.646560,140.4,cam_09,ONLINE,0.27,0,221,676,1
2026-08-27T16:17:14.646560,140.4,cam_10,ONLINE,0.59,0,427,964,1
2026-08-27T16:17:14.646560,140.4,cam_11,ONLINE,0.2,0,314,843,1
2026-08-27T16:17:14.646560,140.4,cam_12,ONLINE,0.17,0,315,800,1
2026-08-27T16:17:14.646560,140.4,cam_13,ONLINE,0.41,0,287,736,1
2026-08-27T16:17:14.646560,140.4,cam_14,ONLINE,0.25,0,228,663,1
2026-08-27T16:17:14.646560,140.4,cam_15,ONLINE,0.28,0,326,146,1
2026-08-27T16:17:24.675146,150.4,cam_01,ONLINE,0.36,0,544,1110,1
2026-08-27T16:17:24.675146,150.4,cam_02,ONLINE,0.41,0,525,1111,1
2026-08-27T16:17:24.675146,150.4,cam_03,ONLINE,0.31,0,424,987,1
2026-08-27T16:17:24.675146,150.4,cam_04,ONLINE,0.38,0,211,679,1
2026-08-27T16:17:24.675146,150.4,cam_05,ONLINE,0.75,0,264,840,1
2026-08-27T16:17:24.675146,150.4,cam_06,ONLINE,0.31,0,282,799,1
2026-08-27T16:17:24.675146,150.4,cam_07,ONLINE,0.36,0,426,316,1
2026-08-27T16:17:24.675146,150.4,cam_08,ONLINE,0.28,0,306,18,1
2026-08-27T16:17:24.675146,150.4,cam_09,ONLINE,0.23,0,244,742,1
2026-08-27T16:17:24.675146,150.4,cam_10,ONLINE,0.23,0,456,1032,1
2026-08-27T16:17:24.675146,150.4,cam_11,ONLINE,0.12,0,335,908,1
2026-08-27T16:17:24.675146,150.4,cam_12,ONLINE,0.12,0,344,866,1
2026-08-27T16:17:24.675146,150.4,cam_13,ONLINE,0.12,0,315,803,1
2026-08-27T16:17:24.675146,150.4,cam_14,STALE,4.56,0,244,698,0
2026-08-27T16:17:24.675146,150.4,cam_15,ONLINE,0.12,0,349,212,1
2026-08-27T16:17:34.699312,160.5,cam_01,ONLINE,0.17,0,568,1183,1
2026-08-27T16:17:34.699312,160.5,cam_02,ONLINE,1.17,0,547,1178,1
2026-08-27T16:17:34.699312,160.5,cam_03,ONLINE,0.41,0,448,1058,1
2026-08-27T16:17:34.699312,160.5,cam_04,ONLINE,0.25,0,234,752,1
2026-08-27T16:17:34.699312,160.5,cam_05,ONLINE,0.56,0,287,913,1
2026-08-27T16:17:34.699312,160.5,cam_06,ONLINE,0.33,0,306,871,1
2026-08-27T16:17:34.699312,160.5,cam_07,ONLINE,0.62,0,447,380,1
2026-08-27T16:17:34.699312,160.5,cam_08,ONLINE,1.86,0,327,79,1
2026-08-27T16:17:34.699312,160.5,cam_09,ONLINE,0.34,0,268,813,1
2026-08-27T16:17:34.699312,160.5,cam_10,ONLINE,0.36,0,480,1103,1
2026-08-27T16:17:34.699312,160.5,cam_11,STALE,4.61,0,342,929,0
2026-08-27T16:17:34.699312,160.5,cam_12,ONLINE,0.7,0,366,934,1
2026-08-27T16:17:34.699312,160.5,cam_13,ONLINE,0.28,0,339,874,1
2026-08-27T16:17:34.699312,160.5,cam_14,ONLINE,0.28,0,262,800,1
2026-08-27T16:17:34.699312,160.5,cam_15,ONLINE,0.28,0,373,283,1
2026-08-27T16:17:44.714747,170.5,cam_01,ONLINE,0.16,0,605,1256,1
2026-08-27T16:17:44.714747,170.5,cam_02,ONLINE,0.09,0,563,1258,1
2026-08-27T16:17:44.714747,170.5,cam_03,ONLINE,0.09,0,482,1133,1
2026-08-27T16:17:44.714747,170.5,cam_04,ONLINE,0.03,0,263,826,1
2026-08-27T16:17:44.714747,170.5,cam_05,ONLINE,0.39,0,321,987,1
2026-08-27T16:17:44.714747,170.5,cam_06,ONLINE,0.09,0,336,945,1
2026-08-27T16:17:44.714747,170.5,cam_07,ONLINE,0.06,0,467,462,1
2026-08-27T16:17:44.714747,170.5,cam_08,ONLINE,0.23,0,338,150,1
2026-08-27T16:17:44.714747,170.5,cam_09,ONLINE,0.09,0,296,887,1
2026-08-27T16:17:44.714747,170.5,cam_10,ONLINE,0.47,0,513,1175,1
2026-08-27T16:17:44.714747,170.5,cam_11,ONLINE,1.83,0,368,1031,1
2026-08-27T16:17:44.714747,170.5,cam_12,ONLINE,0.19,0,394,1010,1
2026-08-27T16:17:44.714747,170.5,cam_13,ONLINE,0.23,0,361,947,1
2026-08-27T16:17:44.714747,170.5,cam_14,ONLINE,0.52,0,287,871,1
2026-08-27T16:17:44.714747,170.5,cam_15,ONLINE,0.12,0,398,357,1
2026-08-27T16:17:54.731756,180.5,cam_01,ONLINE,0.14,0,631,1321,1
2026-08-27T16:17:54.731756,180.5,cam_02,ONLINE,0.58,0,587,1320,1
2026-08-27T16:17:54.731756,180.5,cam_03,STALE,5.05,0,495,1163,0
2026-08-27T16:17:54.731756,180.5,cam_04,ONLINE,0.3,0,291,889,1
2026-08-27T16:17:54.731756,180.5,cam_05,ONLINE,0.33,0,341,1052,1
2026-08-27T16:17:54.731756,180.5,cam_06,ONLINE,0.27,0,364,1009,1
2026-08-27T16:17:54.731756,180.5,cam_07,ONLINE,0.31,0,493,526,1
2026-08-27T16:17:54.731756,180.5,cam_08,ONLINE,0.52,0,364,213,1
2026-08-27T16:17:54.731756,180.5,cam_09,ONLINE,0.3,0,310,940,1
2026-08-27T16:17:54.731756,180.5,cam_10,ONLINE,0.17,0,534,1242,1
2026-08-27T16:17:54.731756,180.5,cam_11,ONLINE,0.22,0,389,1117,1
2026-08-27T16:17:54.731756,180.5,cam_12,ONLINE,0.48,0,410,1073,1
2026-08-27T16:17:54.731756,180.5,cam_13,ONLINE,0.2,0,383,1012,1
2026-08-27T16:17:54.731756,180.5,cam_14,ONLINE,1.95,0,298,922,1
2026-08-27T16:17:54.731756,180.5,cam_15,ONLINE,0.52,0,425,417,1
2026-08-27T16:18:04.773977,190.5,cam_01,ONLINE,0.16,0,654,1392,1
2026-08-27T16:18:04.773977,190.5,cam_02,ONLINE,0.12,0,612,1395,1
2026-08-27T16:18:04.773977,190.5,cam_03,ONLINE,0.08,0,512,1258,1
2026-08-27T16:18:04.773977,190.5,cam_04,ONLINE,0.05,0,315,961,1
2026-08-27T16:18:04.773977,190.5,cam_05,ONLINE,0.12,0,363,1126,1
2026-08-27T16:18:04.773977,190.5,cam_06,ONLINE,0.3,0,386,1081,1
2026-08-27T16:18:04.773977,190.5,cam_07,ONLINE,0.2,0,518,599,1
2026-08-27T16:18:04.773977,190.5,cam_08,ONLINE,2.05,0,375,255,1
2026-08-27T16:18:04.773977,190.5,cam_09,ONLINE,0.11,0,334,1013,1
2026-08-27T16:18:04.773977,190.5,cam_10,ONLINE,0.05,0,557,1315,1
2026-08-27T16:18:04.773977,190.5,cam_11,ONLINE,0.09,0,411,1190,1
2026-08-27T16:18:04.773977,190.5,cam_12,ONLINE,0.25,0,434,1147,1
2026-08-27T16:18:04.773977,190.5,cam_13,ONLINE,0.39,0,407,1082,1
2026-08-27T16:18:04.773977,190.5,cam_14,ONLINE,0.25,0,318,1010,1
2026-08-27T16:18:04.773977,190.5,cam_15,ONLINE,0.38,0,448,492,1
2026-08-27T16:18:14.801570,200.6,cam_01,ONLINE,0.17,0,684,1465,1
2026-08-27T16:18:14.801570,200.6,cam_02,ONLINE,1.25,0,627,1431,1
2026-08-27T16:18:14.801570,200.6,cam_03,ONLINE,0.38,0,538,1328,1
2026-08-27T16:18:14.801570,200.6,cam_04,ONLINE,0.16,0,339,1034,1
2026-08-27T16:18:14.801570,200.6,cam_05,ONLINE,0.06,0,386,1197,1
2026-08-27T16:18:14.801570,200.6,cam_06,ONLINE,0.09,0,412,1154,1
2026-08-27T16:18:14.801570,200.6,cam_07,ONLINE,0.16,0,544,671,1
2026-08-27T16:18:14.801570,200.6,cam_08,ONLINE,2.09,0,391,346,1
2026-08-27T16:18:14.801570,200.6,cam_09,ONLINE,1.41,0,359,1076,1
2026-08-27T16:18:14.801570,200.6,cam_10,ONLINE,0.47,0,584,1384,1
2026-08-27T16:18:14.801570,200.6,cam_11,ONLINE,0.42,0,440,1260,1
2026-08-27T16:18:14.801570,200.6,cam_12,ONLINE,1.08,0,449,1213,1
2026-08-27T16:18:14.801570,200.6,cam_13,ONLINE,0.23,0,434,1156,1
2026-08-27T16:18:14.801570,200.6,cam_14,ONLINE,0.25,0,337,1082,1
2026-08-27T16:18:14.801570,200.6,cam_15,ONLINE,0.27,0,475,565,1
2026-08-27T16:18:24.836293,210.6,cam_01,ONLINE,0.48,0,699,1536,1
2026-08-27T16:18:24.836293,210.6,cam_02,ONLINE,0.39,0,640,1524,1
2026-08-27T16:18:24.836293,210.6,cam_03,ONLINE,0.23,0,559,1402,1
2026-08-27T16:18:24.836293,210.6,cam_04,ONLINE,0.19,0,357,1107,1
2026-08-27T16:18:24.836293,210.6,cam_05,ONLINE,0.2,0,405,1270,1
2026-08-27T16:18:24.836293,210.6,cam_06,ONLINE,0.3,0,430,1226,1
2026-08-27T16:18:24.836293,210.6,cam_07,ONLINE,2.17,0,563,730,1
2026-08-27T16:18:24.836293,210.6,cam_08,ONLINE,0.27,0,415,432,1
2026-08-27T16:18:24.836293,210.6,cam_09,ONLINE,0.22,0,382,1158,1
2026-08-27T16:18:24.836293,210.6,cam_10,ONLINE,0.59,0,606,1450,1
2026-08-27T16:18:24.836293,210.6,cam_11,ONLINE,2.86,0,453,1316,1
2026-08-27T16:18:24.836293,210.6,cam_12,ONLINE,0.06,0,473,1293,1
2026-08-27T16:18:24.836293,210.6,cam_13,STALE,8.11,0,441,1174,0
2026-08-27T16:18:24.836293,210.6,cam_14,ONLINE,0.72,0,358,1152,1
2026-08-27T16:18:24.836293,210.6,cam_15,ONLINE,0.47,0,495,637,1
2026-08-27T16:18:34.866420,220.6,cam_01,ONLINE,0.22,0,725,1604,1
2026-08-27T16:18:34.866420,220.6,cam_02,ONLINE,0.17,0,669,1592,1
2026-08-27T16:18:34.866420,220.6,cam_03,ONLINE,0.14,0,591,1469,1
2026-08-27T16:18:34.866420,220.6,cam_04,ONLINE,2.67,0,374,1149,1
2026-08-27T16:18:34.866420,220.6,cam_05,ONLINE,1.7,0,429,1326,1
2026-08-27T16:18:34.866420,220.6,cam_06,STALE,6.61,0,433,1235,0
2026-08-27T16:18:34.866420,220.6,cam_07,STALE,7.61,0,568,758,0
2026-08-27T16:18:34.866420,220.6,cam_08,ONLINE,0.59,0,443,496,1
2026-08-27T16:18:34.866420,220.6,cam_09,ONLINE,0.44,0,411,1222,1
2026-08-27T16:18:34.866420,220.6,cam_10,ONLINE,0.78,0,612,1481,1
2026-08-27T16:18:34.866420,220.6,cam_11,ONLINE,0.72,0,470,1397,1
2026-08-27T16:18:34.866420,220.6,cam_12,ONLINE,0.44,0,500,1357,1
2026-08-27T16:18:34.866420,220.6,cam_13,ONLINE,0.41,0,469,1282,1
2026-08-27T16:18:34.866420,220.6,cam_14,ONLINE,0.42,0,386,1220,1
2026-08-27T16:18:34.866420,220.6,cam_15,ONLINE,0.28,0,523,704,1
2026-08-27T16:18:44.881256,230.6,cam_01,ONLINE,0.12,0,763,1677,1
2026-08-27T16:18:44.881256,230.6,cam_02,ONLINE,0.38,0,700,1664,1
2026-08-27T16:18:44.881256,230.6,cam_03,ONLINE,0.19,0,623,1541,1
2026-08-27T16:18:44.881256,230.6,cam_04,ONLINE,0.83,0,391,1233,1
2026-08-27T16:18:44.881256,230.6,cam_05,ONLINE,0.12,0,451,1403,1
2026-08-27T16:18:44.881256,230.6,cam_06,ONLINE,0.2,0,470,1352,1
2026-08-27T16:18:44.881256,230.6,cam_07,ONLINE,0.11,0,611,878,1
2026-08-27T16:18:44.881256,230.6,cam_08,ONLINE,0.25,0,475,570,1
2026-08-27T16:18:44.881256,230.6,cam_09,ONLINE,0.12,0,450,1297,1
2026-08-27T16:18:44.881256,230.6,cam_10,ONLINE,1.3,0,644,1587,1
2026-08-27T16:18:44.881256,230.6,cam_11,ONLINE,0.3,0,503,1472,1
2026-08-27T16:18:44.881256,230.6,cam_12,ONLINE,2.31,0,526,1416,1
2026-08-27T16:18:44.881256,230.6,cam_13,ONLINE,0.52,0,505,1354,1
2026-08-27T16:18:44.881256,230.6,cam_14,ONLINE,0.3,0,420,1293,1
2026-08-27T16:18:44.881256,230.6,cam_15,ONLINE,0.12,0,559,778,1
2026-08-27T16:18:54.914251,240.7,cam_01,ONLINE,0.08,0,796,1742,1
2026-08-27T16:18:54.914251,240.7,cam_02,ONLINE,0.31,0,729,1729,1
2026-08-27T16:18:54.914251,240.7,cam_03,ONLINE,1.61,0,645,1592,1
2026-08-27T16:18:54.914251,240.7,cam_04,ONLINE,0.12,0,418,1303,1
2026-08-27T16:18:54.914251,240.7,cam_05,ONLINE,0.06,0,474,1470,1
2026-08-27T16:18:54.914251,240.7,cam_06,ONLINE,0.08,0,491,1418,1
2026-08-27T16:18:54.914251,240.7,cam_07,ONLINE,0.11,0,640,943,1
2026-08-27T16:18:54.914251,240.7,cam_08,ONLINE,0.45,0,508,634,1
2026-08-27T16:18:54.914251,240.7,cam_09,ONLINE,0.67,0,476,1358,1
2026-08-27T16:18:54.914251,240.7,cam_10,ONLINE,0.27,0,671,1662,1
2026-08-27T16:18:54.914251,240.7,cam_11,ONLINE,0.31,0,536,1537,1
2026-08-27T16:18:54.914251,240.7,cam_12,ONLINE,0.45,0,563,1494,1
2026-08-27T16:18:54.914251,240.7,cam_13,ONLINE,0.31,0,538,1420,1
2026-08-27T16:18:54.914251,240.7,cam_14,ONLINE,0.19,0,451,1359,1
2026-08-27T16:18:54.914251,240.7,cam_15,ONLINE,0.17,0,590,842,1
2026-08-27T16:19:05.018018,250.8,cam_01,STALE,3.11,0,818,1794,0
2026-08-27T16:19:05.018018,250.8,cam_02,ONLINE,0.22,0,761,1803,1
2026-08-27T16:19:05.018018,250.8,cam_03,ONLINE,0.48,0,670,1677,1
2026-08-27T16:19:05.018018,250.8,cam_04,ONLINE,0.45,0,443,1374,1
2026-08-27T16:19:05.018018,250.8,cam_05,ONLINE,0.22,0,511,1547,1
2026-08-27T16:19:05.018018,250.8,cam_06,ONLINE,0.5,0,521,1486,1
2026-08-27T16:19:05.018018,250.8,cam_07,ONLINE,0.69,0,668,1010,1
2026-08-27T16:19:05.018018,250.8,cam_08,ONLINE,0.19,0,536,709,1
2026-08-27T16:19:05.018018,250.8,cam_09,ONLINE,0.27,0,503,1434,1
2026-08-27T16:19:05.018018,250.8,cam_10,ONLINE,0.12,0,702,1736,1
2026-08-27T16:19:05.018018,250.8,cam_11,ONLINE,1.75,0,566,1600,1
2026-08-27T16:19:05.018018,250.8,cam_12,ONLINE,0.17,0,597,1569,1
2026-08-27T16:19:05.018018,250.8,cam_13,ONLINE,0.08,0,576,1495,1
2026-08-27T16:19:05.018018,250.8,cam_14,ONLINE,0.11,0,485,1433,1
2026-08-27T16:19:05.018018,250.8,cam_15,ONLINE,0.64,0,624,912,1
2026-08-27T16:19:15.034505,260.8,cam_01,ONLINE,0.34,0,850,1886,1
2026-08-27T16:19:15.034505,260.8,cam_02,ONLINE,0.25,0,793,1875,1
2026-08-27T16:19:15.034505,260.8,cam_03,ONLINE,0.41,0,705,1750,1
2026-08-27T16:19:15.034505,260.8,cam_04,ONLINE,0.22,0,472,1448,1
2026-08-27T16:19:15.034505,260.8,cam_05,ONLINE,0.25,0,546,1619,1
2026-08-27T16:19:15.034505,260.8,cam_06,ONLINE,0.14,0,554,1563,1
2026-08-27T16:19:15.034505,260.8,cam_07,ONLINE,0.2,0,701,1088,1
2026-08-27T16:19:15.034505,260.8,cam_08,ONLINE,0.3,0,570,780,1
2026-08-27T16:19:15.034505,260.8,cam_09,ONLINE,0.22,0,534,1507,1
2026-08-27T16:19:15.034505,260.8,cam_10,ONLINE,0.45,0,734,1806,1
2026-08-27T16:19:15.034505,260.8,cam_11,ONLINE,0.41,0,595,1682,1
2026-08-27T16:19:15.034505,260.8,cam_12,ONLINE,1.14,0,622,1626,1
2026-08-27T16:19:15.034505,260.8,cam_13,ONLINE,0.42,0,592,1552,1
2026-08-27T16:19:15.034505,260.8,cam_14,ONLINE,0.42,0,517,1503,1
2026-08-27T16:19:15.034505,260.8,cam_15,ONLINE,0.42,0,663,986,1
2026-08-27T16:20:03.156366,0.0,cam_01,ONLINE,0.61,0,863,1913,1
2026-08-27T16:20:03.156366,0.0,cam_02,ONLINE,0.27,0,808,1904,1
2026-08-27T16:20:03.156366,0.0,cam_03,ONLINE,0.31,0,720,1780,1
2026-08-27T16:20:03.156366,0.0,cam_04,ONLINE,0.22,0,489,1477,1
2026-08-27T16:20:03.156366,0.0,cam_05,ONLINE,0.23,0,559,1648,1
2026-08-27T16:20:03.156366,0.0,cam_06,ONLINE,0.31,0,566,1591,1
2026-08-27T16:20:03.156366,0.0,cam_07,ONLINE,0.06,0,713,1118,1
2026-08-27T16:20:03.156366,0.0,cam_08,ONLINE,1.23,0,583,803,1
2026-08-27T16:20:03.156366,0.0,cam_09,ONLINE,0.73,0,544,1532,1
2026-08-27T16:20:03.156366,0.0,cam_10,ONLINE,0.92,0,748,1832,1
2026-08-27T16:20:03.156366,0.0,cam_11,ONLINE,0.69,0,607,1708,1
2026-08-27T16:20:03.156366,0.0,cam_12,STALE,5.28,0,622,1626,0
2026-08-27T16:20:03.156366,0.0,cam_13,ONLINE,0.56,0,607,1593,1
2026-08-27T16:20:03.156366,0.0,cam_14,ONLINE,0.44,0,529,1532,1
2026-08-27T16:20:03.156366,0.0,cam_15,ONLINE,0.33,0,680,1016,1
2026-08-27T16:20:13.211188,10.0,cam_01,ONLINE,0.61,0,863,1913,1
2026-08-27T16:20:13.211188,10.0,cam_02,ONLINE,0.27,0,808,1904,1
2026-08-27T16:20:13.211188,10.0,cam_03,ONLINE,0.31,0,720,1780,1
2026-08-27T16:20:13.211188,10.0,cam_04,ONLINE,0.22,0,489,1477,1
2026-08-27T16:20:13.211188,10.0,cam_05,ONLINE,0.23,0,559,1648,1
2026-08-27T16:20:13.211188,10.0,cam_06,ONLINE,0.31,0,566,1591,1
2026-08-27T16:20:13.211188,10.0,cam_07,ONLINE,0.06,0,713,1118,1
2026-08-27T16:20:13.211188,10.0,cam_08,ONLINE,1.23,0,583,803,1
2026-08-27T16:20:13.211188,10.0,cam_09,ONLINE,0.73,0,544,1532,1
2026-08-27T16:20:13.211188,10.0,cam_10,ONLINE,0.92,0,748,1832,1
2026-08-27T16:20:13.211188,10.0,cam_11,ONLINE,0.69,0,607,1708,1
2026-08-27T16:20:13.211188,10.0,cam_12,STALE,5.28,0,622,1626,0
2026-08-27T16:20:13.211188,10.0,cam_13,ONLINE,0.56,0,607,1593,1
2026-08-27T16:20:13.211188,10.0,cam_14,ONLINE,0.44,0,529,1532,1
2026-08-27T16:20:13.211188,10.0,cam_15,ONLINE,0.33,0,680,1016,1
2026-08-27T16:20:23.232770,20.1,cam_01,ONLINE,0.61,0,863,1913,1
2026-08-27T16:20:23.232770,20.1,cam_02,ONLINE,0.27,0,808,1904,1
2026-08-27T16:20:23.232770,20.1,cam_03,ONLINE,0.31,0,720,1780,1
2026-08-27T16:20:23.232770,20.1,cam_04,ONLINE,0.22,0,489,1477,1
2026-08-27T16:20:23.232770,20.1,cam_05,ONLINE,0.23,0,559,1648,1
2026-08-27T16:20:23.232770,20.1,cam_06,ONLINE,0.31,0,566,1591,1
2026-08-27T16:20:23.232770,20.1,cam_07,ONLINE,0.06,0,713,1118,1
2026-08-27T16:20:23.232770,20.1,cam_08,ONLINE,1.23,0,583,803,1
2026-08-27T16:20:23.232770,20.1,cam_09,ONLINE,0.73,0,544,1532,1
2026-08-27T16:20:23.232770,20.1,cam_10,ONLINE,0.92,0,748,1832,1
2026-08-27T16:20:23.232770,20.1,cam_11,ONLINE,0.69,0,607,1708,1
2026-08-27T16:20:23.232770,20.1,cam_12,STALE,5.28,0,622,1626,0
2026-08-27T16:20:23.232770,20.1,cam_13,ONLINE,0.56,0,607,1593,1
2026-08-27T16:20:23.232770,20.1,cam_14,ONLINE,0.44,0,529,1532,1
2026-08-27T16:20:23.232770,20.1,cam_15,ONLINE,0.33,0,680,1016,1
2026-08-27T16:20:33.253345,30.1,cam_01,ONLINE,0.61,0,863,1913,1
2026-08-27T16:20:33.253345,30.1,cam_02,ONLINE,0.27,0,808,1904,1
2026-08-27T16:20:33.253345,30.1,cam_03,ONLINE,0.31,0,720,1780,1
2026-08-27T16:20:33.253345,30.1,cam_04,ONLINE,0.22,0,489,1477,1
2026-08-27T16:20:33.253345,30.1,cam_05,ONLINE,0.23,0,559,1648,1
2026-08-27T16:20:33.253345,30.1,cam_06,ONLINE,0.31,0,566,1591,1
2026-08-27T16:20:33.253345,30.1,cam_07,ONLINE,0.06,0,713,1118,1
2026-08-27T16:20:33.253345,30.1,cam_08,ONLINE,1.23,0,583,803,1
2026-08-27T16:20:33.253345,30.1,cam_09,ONLINE,0.73,0,544,1532,1
2026-08-27T16:20:33.253345,30.1,cam_10,ONLINE,0.92,0,748,1832,1
2026-08-27T16:20:33.253345,30.1,cam_11,ONLINE,0.69,0,607,1708,1
2026-08-27T16:20:33.253345,30.1,cam_12,STALE,5.28,0,622,1626,0
2026-08-27T16:20:33.253345,30.1,cam_13,ONLINE,0.56,0,607,1593,1
2026-08-27T16:20:33.253345,30.1,cam_14,ONLINE,0.44,0,529,1532,1
2026-08-27T16:20:33.253345,30.1,cam_15,ONLINE,0.33,0,680,1016,1
2026-08-27T16:20:43.276514,40.1,cam_01,ONLINE,0.61,0,863,1913,1
2026-08-27T16:20:43.276514,40.1,cam_02,ONLINE,0.27,0,808,1904,1
2026-08-27T16:20:43.276514,40.1,cam_03,ONLINE,0.31,0,720,1780,1
2026-08-27T16:20:43.276514,40.1,cam_04,ONLINE,0.22,0,489,1477,1
2026-08-27T16:20:43.276514,40.1,cam_05,ONLINE,0.23,0,559,1648,1
2026-08-27T16:20:43.276514,40.1,cam_06,ONLINE,0.31,0,566,1591,1
2026-08-27T16:20:43.276514,40.1,cam_07,ONLINE,0.06,0,713,1118,1
2026-08-27T16:20:43.276514,40.1,cam_08,ONLINE,1.23,0,583,803,1
2026-08-27T16:20:43.276514,40.1,cam_09,ONLINE,0.73,0,544,1532,1
2026-08-27T16:20:43.276514,40.1,cam_10,ONLINE,0.92,0,748,1832,1
2026-08-27T16:20:43.276514,40.1,cam_11,ONLINE,0.69,0,607,1708,1
2026-08-27T16:20:43.276514,40.1,cam_12,STALE,5.28,0,622,1626,0
2026-08-27T16:20:43.276514,40.1,cam_13,ONLINE,0.56,0,607,1593,1
2026-08-27T16:20:43.276514,40.1,cam_14,ONLINE,0.44,0,529,1532,1
2026-08-27T16:20:43.276514,40.1,cam_15,ONLINE,0.33,0,680,1016,1
2026-08-27T16:20:53.297378,50.1,cam_01,ONLINE,0.61,0,863,1913,1
2026-08-27T16:20:53.297378,50.1,cam_02,ONLINE,0.27,0,808,1904,1
2026-08-27T16:20:53.297378,50.1,cam_03,ONLINE,0.31,0,720,1780,1
2026-08-27T16:20:53.297378,50.1,cam_04,ONLINE,0.22,0,489,1477,1
2026-08-27T16:20:53.297378,50.1,cam_05,ONLINE,0.23,0,559,1648,1
2026-08-27T16:20:53.297378,50.1,cam_06,ONLINE,0.31,0,566,1591,1
2026-08-27T16:20:53.297378,50.1,cam_07,ONLINE,0.06,0,713,1118,1
2026-08-27T16:20:53.297378,50.1,cam_08,ONLINE,1.23,0,583,803,1
2026-08-27T16:20:53.297378,50.1,cam_09,ONLINE,0.73,0,544,1532,1
2026-08-27T16:20:53.297378,50.1,cam_10,ONLINE,0.92,0,748,1832,1
2026-08-27T16:20:53.297378,50.1,cam_11,ONLINE,0.69,0,607,1708,1
2026-08-27T16:20:53.297378,50.1,cam_12,STALE,5.28,0,622,1626,0
2026-08-27T16:20:53.297378,50.1,cam_13,ONLINE,0.56,0,607,1593,1
2026-08-27T16:20:53.297378,50.1,cam_14,ONLINE,0.44,0,529,1532,1
2026-08-27T16:20:53.297378,50.1,cam_15,ONLINE,0.33,0,680,1016,1
2026-08-27T16:21:03.317736,60.2,cam_01,ONLINE,0.61,0,863,1913,1
2026-08-27T16:21:03.317736,60.2,cam_02,ONLINE,0.27,0,808,1904,1
2026-08-27T16:21:03.317736,60.2,cam_03,ONLINE,0.31,0,720,1780,1
2026-08-27T16:21:03.317736,60.2,cam_04,ONLINE,0.22,0,489,1477,1
2026-08-27T16:21:03.317736,60.2,cam_05,ONLINE,0.23,0,559,1648,1
2026-08-27T16:21:03.317736,60.2,cam_06,ONLINE,0.31,0,566,1591,1
2026-08-27T16:21:03.317736,60.2,cam_07,ONLINE,0.06,0,713,1118,1
2026-08-27T16:21:03.317736,60.2,cam_08,ONLINE,1.23,0,583,803,1
2026-08-27T16:21:03.317736,60.2,cam_09,ONLINE,0.73,0,544,1532,1
2026-08-27T16:21:03.317736,60.2,cam_10,ONLINE,0.92,0,748,1832,1
2026-08-27T16:21:03.317736,60.2,cam_11,ONLINE,0.69,0,607,1708,1
2026-08-27T16:21:03.317736,60.2,cam_12,STALE,5.28,0,622,1626,0
2026-08-27T16:21:03.317736,60.2,cam_13,ONLINE,0.56,0,607,1593,1
2026-08-27T16:21:03.317736,60.2,cam_14,ONLINE,0.44,0,529,1532,1
2026-08-27T16:21:03.317736,60.2,cam_15,ONLINE,0.33,0,680,1016,1
2026-08-27T16:21:13.343519,70.2,cam_01,ONLINE,0.61,0,863,1913,1
2026-08-27T16:21:13.343519,70.2,cam_02,ONLINE,0.27,0,808,1904,1
2026-08-27T16:21:13.343519,70.2,cam_03,ONLINE,0.31,0,720,1780,1
2026-08-27T16:21:13.343519,70.2,cam_04,ONLINE,0.22,0,489,1477,1
2026-08-27T16:21:13.343519,70.2,cam_05,ONLINE,0.23,0,559,1648,1
2026-08-27T16:21:13.343519,70.2,cam_06,ONLINE,0.31,0,566,1591,1
2026-08-27T16:21:13.343519,70.2,cam_07,ONLINE,0.06,0,713,1118,1
2026-08-27T16:21:13.343519,70.2,cam_08,ONLINE,1.23,0,583,803,1
2026-08-27T16:21:13.343519,70.2,cam_09,ONLINE,0.73,0,544,1532,1
2026-08-27T16:21:13.343519,70.2,cam_10,ONLINE,0.92,0,748,1832,1
2026-08-27T16:21:13.343519,70.2,cam_11,ONLINE,0.69,0,607,1708,1
2026-08-27T16:21:13.343519,70.2,cam_12,STALE,5.28,0,622,1626,0
2026-08-27T16:21:13.343519,70.2,cam_13,ONLINE,0.56,0,607,1593,1
2026-08-27T16:21:13.343519,70.2,cam_14,ONLINE,0.44,0,529,1532,1
2026-08-27T16:21:13.343519,70.2,cam_15,ONLINE,0.33,0,680,1016,1
2026-08-27T16:21:23.365277,80.2,cam_01,ONLINE,0.61,0,863,1913,1
2026-08-27T16:21:23.365277,80.2,cam_02,ONLINE,0.27,0,808,1904,1
2026-08-27T16:21:23.365277,80.2,cam_03,ONLINE,0.31,0,720,1780,1
2026-08-27T16:21:23.365277,80.2,cam_04,ONLINE,0.22,0,489,1477,1
2026-08-27T16:21:23.365277,80.2,cam_05,ONLINE,0.23,0,559,1648,1
2026-08-27T16:21:23.365277,80.2,cam_06,ONLINE,0.31,0,566,1591,1
2026-08-27T16:21:23.365277,80.2,cam_07,ONLINE,0.06,0,713,1118,1
2026-08-27T16:21:23.365277,80.2,cam_08,ONLINE,1.23,0,583,803,1
2026-08-27T16:21:23.365277,80.2,cam_09,ONLINE,0.73,0,544,1532,1
2026-08-27T16:21:23.365277,80.2,cam_10,ONLINE,0.92,0,748,1832,1
2026-08-27T16:21:23.365277,80.2,cam_11,ONLINE,0.69,0,607,1708,1
2026-08-27T16:21:23.365277,80.2,cam_12,STALE,5.28,0,622,1626,0
2026-08-27T16:21:23.365277,80.2,cam_13,ONLINE,0.56,0,607,1593,1
2026-08-27T16:21:23.365277,80.2,cam_14,ONLINE,0.44,0,529,1532,1
2026-08-27T16:21:23.365277,80.2,cam_15,ONLINE,0.33,0,680,1016,1
2026-08-27T16:21:33.398779,90.2,cam_01,ONLINE,0.61,0,863,1913,1
2026-08-27T16:21:33.398779,90.2,cam_02,ONLINE,0.27,0,808,1904,1
2026-08-27T16:21:33.398779,90.2,cam_03,ONLINE,0.31,0,720,1780,1
2026-08-27T16:21:33.398779,90.2,cam_04,ONLINE,0.22,0,489,1477,1
2026-08-27T16:21:33.398779,90.2,cam_05,ONLINE,0.23,0,559,1648,1
2026-08-27T16:21:33.398779,90.2,cam_06,ONLINE,0.31,0,566,1591,1
2026-08-27T16:21:33.398779,90.2,cam_07,ONLINE,0.06,0,713,1118,1
2026-08-27T16:21:33.398779,90.2,cam_08,ONLINE,1.23,0,583,803,1
2026-08-27T16:21:33.398779,90.2,cam_09,ONLINE,0.73,0,544,1532,1
2026-08-27T16:21:33.398779,90.2,cam_10,ONLINE,0.92,0,748,1832,1
2026-08-27T16:21:33.398779,90.2,cam_11,ONLINE,0.69,0,607,1708,1
2026-08-27T16:21:33.398779,90.2,cam_12,STALE,5.28,0,622,1626,0
2026-08-27T16:21:33.398779,90.2,cam_13,ONLINE,0.56,0,607,1593,1
2026-08-27T16:21:33.398779,90.2,cam_14,ONLINE,0.44,0,529,1532,1
2026-08-27T16:21:33.398779,90.2,cam_15,ONLINE,0.33,0,680,1016,1
2026-08-27T16:21:43.418479,100.2,cam_01,ONLINE,0.61,0,863,1913,1
2026-08-27T16:21:43.418479,100.2,cam_02,ONLINE,0.27,0,808,1904,1
2026-08-27T16:21:43.418479,100.2,cam_03,ONLINE,0.31,0,720,1780,1
2026-08-27T16:21:43.418479,100.2,cam_04,ONLINE,0.22,0,489,1477,1
2026-08-27T16:21:43.418479,100.2,cam_05,ONLINE,0.23,0,559,1648,1
2026-08-27T16:21:43.418479,100.2,cam_06,ONLINE,0.31,0,566,1591,1
2026-08-27T16:21:43.418479,100.2,cam_07,ONLINE,0.06,0,713,1118,1
2026-08-27T16:21:43.418479,100.2,cam_08,ONLINE,1.23,0,583,803,1
2026-08-27T16:21:43.418479,100.2,cam_09,ONLINE,0.73,0,544,1532,1
2026-08-27T16:21:43.418479,100.2,cam_10,ONLINE,0.92,0,748,1832,1
2026-08-27T16:21:43.418479,100.2,cam_11,ONLINE,0.69,0,607,1708,1
2026-08-27T16:21:43.418479,100.2,cam_12,STALE,5.28,0,622,1626,0
2026-08-27T16:21:43.418479,100.2,cam_13,ONLINE,0.56,0,607,1593,1
2026-08-27T16:21:43.418479,100.2,cam_14,ONLINE,0.44,0,529,1532,1
2026-08-27T16:21:43.418479,100.2,cam_15,ONLINE,0.33,0,680,1016,1
2026-08-27T16:21:53.441944,110.3,cam_01,ONLINE,0.61,0,863,1913,1
2026-08-27T16:21:53.441944,110.3,cam_02,ONLINE,0.27,0,808,1904,1
2026-08-27T16:21:53.441944,110.3,cam_03,ONLINE,0.31,0,720,1780,1
2026-08-27T16:21:53.441944,110.3,cam_04,ONLINE,0.22,0,489,1477,1
2026-08-27T16:21:53.441944,110.3,cam_05,ONLINE,0.23,0,559,1648,1
2026-08-27T16:21:53.441944,110.3,cam_06,ONLINE,0.31,0,566,1591,1
2026-08-27T16:21:53.441944,110.3,cam_07,ONLINE,0.06,0,713,1118,1
2026-08-27T16:21:53.441944,110.3,cam_08,ONLINE,1.23,0,583,803,1
2026-08-27T16:21:53.441944,110.3,cam_09,ONLINE,0.73,0,544,1532,1
2026-08-27T16:21:53.441944,110.3,cam_10,ONLINE,0.92,0,748,1832,1
2026-08-27T16:21:53.441944,110.3,cam_11,ONLINE,0.69,0,607,1708,1
2026-08-27T16:21:53.441944,110.3,cam_12,STALE,5.28,0,622,1626,0
2026-08-27T16:21:53.441944,110.3,cam_13,ONLINE,0.56,0,607,1593,1
2026-08-27T16:21:53.441944,110.3,cam_14,ONLINE,0.44,0,529,1532,1
2026-08-27T16:21:53.441944,110.3,cam_15,ONLINE,0.33,0,680,1016,1
2026-08-27T16:22:03.475219,120.3,cam_01,RECONNECTING,-1.0,0,0,-1,0
2026-08-27T16:22:03.475219,120.3,cam_02,RECONNECTING,-1.0,0,0,-1,0
2026-08-27T16:22:03.475219,120.3,cam_03,RECONNECTING,-1.0,0,0,-1,0
2026-08-27T16:22:03.475219,120.3,cam_04,RECONNECTING,-1.0,0,0,-1,0
2026-08-27T16:22:03.475219,120.3,cam_05,RECONNECTING,-1.0,0,0,-1,0
2026-08-27T16:22:03.475219,120.3,cam_06,RECONNECTING,-1.0,0,0,-1,0
2026-08-27T16:22:03.475219,120.3,cam_07,RECONNECTING,-1.0,0,0,-1,0
2026-08-27T16:22:03.475219,120.3,cam_08,RECONNECTING,-1.0,0,0,-1,0
2026-08-27T16:22:03.475219,120.3,cam_09,RECONNECTING,-1.0,0,0,-1,0
2026-08-27T16:22:03.475219,120.3,cam_10,RECONNECTING,-1.0,0,0,-1,0
2026-08-27T16:22:03.475219,120.3,cam_11,RECONNECTING,-1.0,0,0,-1,0
2026-08-27T16:22:03.475219,120.3,cam_12,RECONNECTING,-1.0,0,0,-1,0
2026-08-27T16:22:03.475219,120.3,cam_13,RECONNECTING,-1.0,0,0,-1,0
2026-08-27T16:22:03.475219,120.3,cam_14,RECONNECTING,-1.0,0,0,-1,0
2026-08-27T16:22:03.475219,120.3,cam_15,RECONNECTING,-1.0,0,0,-1,0
2026-08-27T16:22:13.544982,130.4,cam_01,ONLINE,0.09,0,34,55,1
2026-08-27T16:22:13.544982,130.4,cam_02,ONLINE,0.11,0,29,51,1
2026-08-27T16:22:13.544982,130.4,cam_03,RECONNECTING,-1.0,0,0,-1,0
2026-08-27T16:22:13.544982,130.4,cam_04,RECONNECTING,-1.0,0,0,-1,0
2026-08-27T16:22:13.544982,130.4,cam_05,RECONNECTING,-1.0,0,0,-1,0
2026-08-27T16:22:13.544982,130.4,cam_06,RECONNECTING,-1.0,0,0,-1,0
2026-08-27T16:22:13.544982,130.4,cam_07,RECONNECTING,-1.0,0,0,-1,0
2026-08-27T16:22:13.544982,130.4,cam_08,RECONNECTING,-1.0,0,0,-1,0
2026-08-27T16:22:13.544982,130.4,cam_09,RECONNECTING,-1.0,0,0,-1,0
2026-08-27T16:22:13.544982,130.4,cam_10,RECONNECTING,-1.0,0,0,-1,0
2026-08-27T16:22:13.544982,130.4,cam_11,RECONNECTING,-1.0,0,0,-1,0
2026-08-27T16:22:13.544982,130.4,cam_12,RECONNECTING,-1.0,0,0,-1,0
2026-08-27T16:22:13.544982,130.4,cam_13,RECONNECTING,-1.0,0,0,-1,0
2026-08-27T16:22:13.544982,130.4,cam_14,RECONNECTING,-1.0,0,0,-1,0
2026-08-27T16:22:13.544982,130.4,cam_15,RECONNECTING,-1.0,0,0,-1,0
2026-08-27T16:22:23.570577,140.4,cam_01,ONLINE,0.12,0,89,119,1
2026-08-27T16:22:23.570577,140.4,cam_02,ONLINE,0.14,0,89,115,1
2026-08-27T16:22:23.570577,140.4,cam_03,RECONNECTING,-1.0,0,0,-1,0
2026-08-27T16:22:23.570577,140.4,cam_04,RECONNECTING,-1.0,0,0,-1,0
2026-08-27T16:22:23.570577,140.4,cam_05,RECONNECTING,-1.0,0,0,-1,0
2026-08-27T16:22:23.570577,140.4,cam_06,RECONNECTING,-1.0,0,0,-1,0
2026-08-27T16:22:23.570577,140.4,cam_07,RECONNECTING,-1.0,0,0,-1,0
2026-08-27T16:22:23.570577,140.4,cam_08,RECONNECTING,-1.0,0,0,-1,0
2026-08-27T16:22:23.570577,140.4,cam_09,ONLINE,0.01,0,46,59,1
2026-08-27T16:22:23.570577,140.4,cam_10,ONLINE,0.09,0,39,54,1
2026-08-27T16:22:23.570577,140.4,cam_11,RECONNECTING,-1.0,0,0,-1,0
2026-08-27T16:22:23.570577,140.4,cam_12,RECONNECTING,-1.0,0,0,-1,0
2026-08-27T16:22:23.570577,140.4,cam_13,RECONNECTING,-1.0,0,0,-1,0
2026-08-27T16:22:23.570577,140.4,cam_14,RECONNECTING,-1.0,0,0,-1,0
2026-08-27T16:22:23.570577,140.4,cam_15,RECONNECTING,-1.0,0,0,-1,0
2026-08-27T16:22:33.583325,150.4,cam_01,ONLINE,0.12,0,133,190,1
2026-08-27T16:22:33.583325,150.4,cam_02,ONLINE,0.19,0,137,186,1
2026-08-27T16:22:33.583325,150.4,cam_03,RECONNECTING,-1.0,0,0,-1,0
2026-08-27T16:22:33.583325,150.4,cam_04,RECONNECTING,-1.0,0,0,-1,0
2026-08-27T16:22:33.583325,150.4,cam_05,RECONNECTING,-1.0,0,0,-1,0
2026-08-27T16:22:33.583325,150.4,cam_06,ONLINE,0.17,0,38,63,1
2026-08-27T16:22:33.583325,150.4,cam_07,RECONNECTING,-1.0,0,0,-1,0
2026-08-27T16:22:33.583325,150.4,cam_08,RECONNECTING,-1.0,0,0,-1,0
2026-08-27T16:22:33.583325,150.4,cam_09,ONLINE,0.19,0,98,129,1
2026-08-27T16:22:33.583325,150.4,cam_10,ONLINE,0.12,0,91,125,1
2026-08-27T16:22:33.583325,150.4,cam_11,ONLINE,0.12,0,36,69,1
2026-08-27T16:22:33.583325,150.4,cam_12,RECONNECTING,-1.0,0,0,-1,0
2026-08-27T16:22:33.583325,150.4,cam_13,RECONNECTING,-1.0,0,0,-1,0
2026-08-27T16:22:33.583325,150.4,cam_14,RECONNECTING,-1.0,0,0,-1,0
2026-08-27T16:22:33.583325,150.4,cam_15,RECONNECTING,-1.0,0,0,-1,0
2026-08-27T16:22:43.592542,160.4,cam_01,ONLINE,0.08,0,176,262,1
2026-08-27T16:22:43.592542,160.4,cam_02,ONLINE,0.11,0,190,258,1
2026-08-27T16:22:43.592542,160.4,cam_03,ONLINE,0.27,0,48,73,1
2026-08-27T16:22:43.592542,160.4,cam_04,RECONNECTING,-1.0,0,0,-1,0
2026-08-27T16:22:43.592542,160.4,cam_05,RECONNECTING,-1.0,0,0,-1,0
2026-08-27T16:22:43.592542,160.4,cam_06,ONLINE,0.27,0,89,134,1
2026-08-27T16:22:43.592542,160.4,cam_07,RECONNECTING,-1.0,0,0,-1,0
2026-08-27T16:22:43.592542,160.4,cam_08,RECONNECTING,-1.0,0,0,-1,0
2026-08-27T16:22:43.592542,160.4,cam_09,ONLINE,0.19,0,147,201,1
2026-08-27T16:22:43.592542,160.4,cam_10,ONLINE,1.97,0,133,184,1
2026-08-27T16:22:43.592542,160.4,cam_11,ONLINE,0.2,0,84,140,1
2026-08-27T16:22:43.592542,160.4,cam_12,ONLINE,0.08,0,49,77,1
2026-08-27T16:22:43.592542,160.4,cam_13,RECONNECTING,-1.0,0,0,-1,0
2026-08-27T16:22:43.592542,160.4,cam_14,ONLINE,0.08,0,4,15,1
2026-08-27T16:22:43.592542,160.4,cam_15,ONLINE,0.17,0,2,11,1
2026-08-27T16:22:53.624539,170.5,cam_01,ONLINE,0.05,0,218,334,1
2026-08-27T16:22:53.624539,170.5,cam_02,ONLINE,0.05,0,229,330,1
2026-08-27T16:22:53.624539,170.5,cam_03,ONLINE,0.08,0,92,146,1
2026-08-27T16:22:53.624539,170.5,cam_04,RECONNECTING,-1.0,0,0,-1,0
2026-08-27T16:22:53.624539,170.5,cam_05,RECONNECTING,-1.0,0,0,-1,0
2026-08-27T16:22:53.624539,170.5,cam_06,ONLINE,0.03,0,133,207,1
2026-08-27T16:22:53.624539,170.5,cam_07,ONLINE,0.05,0,6,18,1
2026-08-27T16:22:53.624539,170.5,cam_08,ONLINE,0.27,0,6,22,1
2026-08-27T16:22:53.624539,170.5,cam_09,ONLINE,0.27,0,191,272,1
2026-08-27T16:22:53.624539,170.5,cam_10,ONLINE,0.17,0,179,267,1
2026-08-27T16:22:53.624539,170.5,cam_11,ONLINE,0.31,0,127,211,1
2026-08-27T16:22:53.624539,170.5,cam_12,ONLINE,0.19,0,90,148,1
2026-08-27T16:22:53.624539,170.5,cam_13,RECONNECTING,-1.0,0,0,-1,0
2026-08-27T16:22:53.624539,170.5,cam_14,ONLINE,0.17,0,33,86,1
2026-08-27T16:22:53.624539,170.5,cam_15,ONLINE,0.05,0,46,83,1
2026-08-27T16:23:03.655862,180.5,cam_01,ONLINE,0.28,0,257,404,1
2026-08-27T16:23:03.655862,180.5,cam_02,ONLINE,0.28,0,270,400,1
2026-08-27T16:23:03.655862,180.5,cam_03,ONLINE,0.17,0,130,217,1
2026-08-27T16:23:03.655862,180.5,cam_04,ONLINE,0.17,0,15,34,1
2026-08-27T16:23:03.655862,180.5,cam_05,ONLINE,0.27,0,12,26,1
2026-08-27T16:23:03.655862,180.5,cam_06,ONLINE,1.59,0,162,268,1
2026-08-27T16:23:03.655862,180.5,cam_07,ONLINE,0.14,0,46,89,1
2026-08-27T16:23:03.655862,180.5,cam_08,ONLINE,0.14,0,41,94,1
2026-08-27T16:23:03.655862,180.5,cam_09,ONLINE,0.14,0,232,344,1
2026-08-27T16:23:03.655862,180.5,cam_10,ONLINE,0.42,0,218,337,1
2026-08-27T16:23:03.655862,180.5,cam_11,ONLINE,0.14,0,155,284,1
2026-08-27T16:23:03.655862,180.5,cam_12,ONLINE,0.44,0,128,218,1
2026-08-27T16:23:03.655862,180.5,cam_13,RECONNECTING,-1.0,0,0,-1,0
2026-08-27T16:23:03.655862,180.5,cam_14,ONLINE,0.41,0,74,156,1
2026-08-27T16:23:03.655862,180.5,cam_15,ONLINE,0.77,0,85,150,1
2026-08-27T16:23:13.722179,190.6,cam_01,ONLINE,0.44,0,285,468,1
2026-08-27T16:23:13.722179,190.6,cam_02,ONLINE,0.44,0,301,464,1
2026-08-27T16:23:13.722179,190.6,cam_03,ONLINE,0.3,0,150,281,1
2026-08-27T16:23:13.722179,190.6,cam_04,ONLINE,0.22,0,47,99,1
2026-08-27T16:23:13.722179,190.6,cam_05,ONLINE,0.17,0,42,92,1
2026-08-27T16:23:13.722179,190.6,cam_06,ONLINE,0.14,0,186,343,1
2026-08-27T16:23:13.722179,190.6,cam_07,ONLINE,0.05,0,64,155,1
2026-08-27T16:23:13.722179,190.6,cam_08,ONLINE,0.66,0,69,156,1
2026-08-27T16:23:13.722179,190.6,cam_09,ONLINE,0.08,0,267,410,1
2026-08-27T16:23:13.722179,190.6,cam_10,ONLINE,0.55,0,245,401,1
2026-08-27T16:23:13.722179,190.6,cam_11,ONLINE,0.45,0,185,347,1
2026-08-27T16:23:13.722179,190.6,cam_12,ONLINE,0.56,0,153,282,1
2026-08-27T16:23:13.722179,190.6,cam_13,ONLINE,0.42,0,13,33,1
2026-08-27T16:23:13.722179,190.6,cam_14,ONLINE,0.45,0,107,220,1
2026-08-27T16:23:13.722179,190.6,cam_15,ONLINE,0.42,0,114,217,1
2026-08-27T16:23:23.738868,200.6,cam_01,ONLINE,0.31,0,309,541,1
2026-08-27T16:23:23.738868,200.6,cam_02,ONLINE,0.27,0,333,538,1
2026-08-27T16:23:23.738868,200.6,cam_03,ONLINE,0.27,0,178,354,1
2026-08-27T16:23:23.738868,200.6,cam_04,ONLINE,0.45,0,79,170,1
2026-08-27T16:23:23.738868,200.6,cam_05,ONLINE,0.27,0,69,164,1
2026-08-27T16:23:23.738868,200.6,cam_06,ONLINE,0.25,0,215,415,1
2026-08-27T16:23:23.738868,200.6,cam_07,ONLINE,0.27,0,92,226,1
2026-08-27T16:23:23.738868,200.6,cam_08,ONLINE,0.33,0,96,231,1
2026-08-27T16:23:23.738868,200.6,cam_09,ONLINE,0.22,0,284,482,1
2026-08-27T16:23:23.738868,200.6,cam_10,ONLINE,0.27,0,275,476,1
2026-08-27T16:23:23.738868,200.6,cam_11,ONLINE,0.14,0,218,422,1
2026-08-27T16:23:23.738868,200.6,cam_12,ONLINE,0.53,0,178,355,1
2026-08-27T16:23:23.738868,200.6,cam_13,ONLINE,0.44,0,43,106,1
2026-08-27T16:23:23.738868,200.6,cam_14,ONLINE,0.09,0,138,296,1
2026-08-27T16:23:23.738868,200.6,cam_15,ONLINE,0.31,0,141,291,1
2026-08-27T16:23:33.782178,210.6,cam_01,ONLINE,0.08,0,331,607,1
2026-08-27T16:23:33.782178,210.6,cam_02,ONLINE,0.17,0,357,606,1
2026-08-27T16:23:33.782178,210.6,cam_03,ONLINE,0.16,0,200,422,1
2026-08-27T16:23:33.782178,210.6,cam_04,ONLINE,0.22,0,103,239,1
2026-08-27T16:23:33.782178,210.6,cam_05,ONLINE,0.3,0,94,231,1
2026-08-27T16:23:33.782178,210.6,cam_06,ONLINE,0.56,0,239,480,1
2026-08-27T16:23:33.782178,210.6,cam_07,ONLINE,0.36,0,115,293,1
2026-08-27T16:23:33.782178,210.6,cam_08,ONLINE,0.31,0,120,298,1
2026-08-27T16:23:33.782178,210.6,cam_09,ONLINE,0.33,0,308,548,1
2026-08-27T16:23:33.782178,210.6,cam_10,ONLINE,0.23,0,301,543,1
2026-08-27T16:23:33.782178,210.6,cam_11,ONLINE,0.22,0,241,488,1
2026-08-27T16:23:33.782178,210.6,cam_12,ONLINE,0.09,0,202,425,1
2026-08-27T16:23:33.782178,210.6,cam_13,ONLINE,0.16,0,61,175,1
2026-08-27T16:23:33.782178,210.6,cam_14,STALE,3.16,0,150,338,0
2026-08-27T16:23:33.782178,210.6,cam_15,ONLINE,0.22,0,166,359,1
2026-08-27T16:23:43.832818,220.7,cam_01,ONLINE,0.25,0,359,683,1
2026-08-27T16:23:43.832818,220.7,cam_02,ONLINE,0.27,0,381,679,1
2026-08-27T16:23:43.832818,220.7,cam_03,ONLINE,0.3,0,227,495,1
2026-08-27T16:23:43.832818,220.7,cam_04,ONLINE,0.3,0,131,310,1
2026-08-27T16:23:43.832818,220.7,cam_05,ONLINE,0.5,0,123,303,1
2026-08-27T16:23:43.832818,220.7,cam_06,ONLINE,0.22,0,267,556,1
2026-08-27T16:23:43.832818,220.7,cam_07,ONLINE,0.3,0,143,367,1
2026-08-27T16:23:43.832818,220.7,cam_08,ONLINE,0.22,0,148,373,1
2026-08-27T16:23:43.832818,220.7,cam_09,ONLINE,0.22,0,335,623,1
2026-08-27T16:23:43.832818,220.7,cam_10,ONLINE,0.14,0,328,618,1
2026-08-27T16:23:43.832818,220.7,cam_11,ONLINE,0.14,0,269,563,1
2026-08-27T16:23:43.832818,220.7,cam_12,ONLINE,0.25,0,217,498,1
2026-08-27T16:23:43.832818,220.7,cam_13,ONLINE,0.16,0,87,249,1
2026-08-27T16:23:43.832818,220.7,cam_14,STALE,13.69,0,150,338,0
2026-08-27T16:23:43.832818,220.7,cam_15,ONLINE,0.36,0,193,432,1
2026-08-27T16:23:53.852859,230.7,cam_01,ONLINE,0.31,0,384,756,1
2026-08-27T16:23:53.852859,230.7,cam_02,ONLINE,0.19,0,398,753,1
2026-08-27T16:23:53.852859,230.7,cam_03,ONLINE,0.14,0,255,569,1
2026-08-27T16:23:53.852859,230.7,cam_04,ONLINE,0.64,0,152,380,1
2026-08-27T16:23:53.852859,230.7,cam_05,ONLINE,0.19,0,147,379,1
2026-08-27T16:23:53.852859,230.7,cam_06,ONLINE,0.5,0,296,627,1
2026-08-27T16:23:53.852859,230.7,cam_07,ONLINE,0.19,0,166,441,1
2026-08-27T16:23:53.852859,230.7,cam_08,ONLINE,0.66,0,175,443,1
2026-08-27T16:23:53.852859,230.7,cam_09,ONLINE,0.94,0,360,691,1
2026-08-27T16:23:53.852859,230.7,cam_10,ONLINE,0.98,0,357,684,1
2026-08-27T16:23:53.852859,230.7,cam_11,ONLINE,0.72,0,299,632,1
2026-08-27T16:23:53.852859,230.7,cam_12,ONLINE,0.61,0,243,568,1
2026-08-27T16:23:53.852859,230.7,cam_13,ONLINE,0.61,0,113,319,1
2026-08-27T16:23:53.852859,230.7,cam_14,ONLINE,0.55,0,152,19,1
2026-08-27T16:23:53.852859,230.7,cam_15,ONLINE,0.45,0,220,504,1
2026-08-27T16:24:03.883007,240.7,cam_01,ONLINE,0.38,0,403,821,1
2026-08-27T16:24:03.883007,240.7,cam_02,ONLINE,0.12,0,418,819,1
2026-08-27T16:24:03.883007,240.7,cam_03,ONLINE,0.12,0,275,635,1
2026-08-27T16:24:03.883007,240.7,cam_04,ONLINE,0.12,0,169,452,1
2026-08-27T16:24:03.883007,240.7,cam_05,ONLINE,0.55,0,164,442,1
2026-08-27T16:24:03.883007,240.7,cam_06,ONLINE,0.27,0,315,695,1
2026-08-27T16:24:03.883007,240.7,cam_07,ONLINE,0.45,0,183,505,1
2026-08-27T16:24:03.883007,240.7,cam_08,ONLINE,0.34,0,192,511,1
2026-08-27T16:24:03.883007,240.7,cam_09,ONLINE,0.34,0,378,761,1
2026-08-27T16:24:03.883007,240.7,cam_10,ONLINE,0.36,0,375,755,1
2026-08-27T16:24:03.883007,240.7,cam_11,ONLINE,0.36,0,319,700,1
2026-08-27T16:24:03.883007,240.7,cam_12,ONLINE,0.23,0,262,637,1
2026-08-27T16:24:03.883007,240.7,cam_13,ONLINE,0.42,0,119,372,1
2026-08-27T16:24:03.883007,240.7,cam_14,ONLINE,0.23,0,168,87,1
2026-08-27T16:24:03.883007,240.7,cam_15,ONLINE,0.58,0,238,569,1
2026-08-27T16:24:13.932763,250.8,cam_01,ONLINE,0.75,0,427,892,1
2026-08-27T16:24:13.932763,250.8,cam_02,ONLINE,0.47,0,439,890,1
2026-08-27T16:24:13.932763,250.8,cam_03,ONLINE,0.55,0,297,706,1
2026-08-27T16:24:13.932763,250.8,cam_04,ONLINE,0.55,0,194,523,1
2026-08-27T16:24:13.932763,250.8,cam_05,ONLINE,0.52,0,183,516,1
2026-08-27T16:24:13.932763,250.8,cam_06,ONLINE,0.81,0,336,765,1
2026-08-27T16:24:13.932763,250.8,cam_07,ONLINE,0.39,0,206,579,1
2026-08-27T16:24:13.932763,250.8,cam_08,ONLINE,0.59,0,213,583,1
2026-08-27T16:24:13.932763,250.8,cam_09,ONLINE,0.47,0,401,834,1
2026-08-27T16:24:13.932763,250.8,cam_10,ONLINE,1.62,0,394,820,1
2026-08-27T16:24:13.932763,250.8,cam_11,ONLINE,0.39,0,341,774,1
2026-08-27T16:24:13.932763,250.8,cam_12,ONLINE,0.39,0,284,710,1
2026-08-27T16:24:13.932763,250.8,cam_13,ONLINE,0.36,0,127,454,1
2026-08-27T16:24:13.932763,250.8,cam_14,ONLINE,0.38,0,193,160,1
2026-08-27T16:24:13.932763,250.8,cam_15,ONLINE,0.12,0,259,646,1
2026-08-27T16:24:23.953359,260.8,cam_01,ONLINE,0.92,0,454,957,1
2026-08-27T16:24:23.953359,260.8,cam_02,ONLINE,0.56,0,468,956,1
2026-08-27T16:24:23.953359,260.8,cam_03,ONLINE,0.36,0,327,773,1
2026-08-27T16:24:23.953359,260.8,cam_04,STALE,5.42,0,202,555,0
2026-08-27T16:24:23.953359,260.8,cam_05,ONLINE,0.5,0,213,582,1
2026-08-27T16:24:23.953359,260.8,cam_06,ONLINE,0.38,0,360,834,1
2026-08-27T16:24:23.953359,260.8,cam_07,ONLINE,0.41,0,235,645,1
2026-08-27T16:24:23.953359,260.8,cam_08,STALE,6.0,0,219,611,0
2026-08-27T16:24:23.953359,260.8,cam_09,ONLINE,0.41,0,435,900,1
2026-08-27T16:24:23.953359,260.8,cam_10,ONLINE,0.31,0,423,895,1
2026-08-27T16:24:23.953359,260.8,cam_11,ONLINE,0.2,0,365,841,1
2026-08-27T16:24:23.953359,260.8,cam_12,ONLINE,0.19,0,313,777,1
2026-08-27T16:24:23.953359,260.8,cam_13,ONLINE,0.36,0,154,520,1
2026-08-27T16:24:23.953359,260.8,cam_14,ONLINE,1.17,0,213,213,1
2026-08-27T16:24:23.953359,260.8,cam_15,ONLINE,0.41,0,288,710,1
2026-08-27T16:24:33.969817,270.8,cam_01,ONLINE,0.08,0,483,1035,1
2026-08-27T16:24:33.969817,270.8,cam_02,ONLINE,0.09,0,503,1031,1
2026-08-27T16:24:33.969817,270.8,cam_03,ONLINE,0.16,0,357,847,1
2026-08-27T16:24:33.969817,270.8,cam_04,ONLINE,0.25,0,224,651,1
2026-08-27T16:24:33.969817,270.8,cam_05,ONLINE,0.36,0,236,655,1
2026-08-27T16:24:33.969817,270.8,cam_06,ONLINE,0.56,0,392,905,1
2026-08-27T16:24:33.969817,270.8,cam_07,ONLINE,0.25,0,270,718,1
2026-08-27T16:24:33.969817,270.8,cam_08,ONLINE,0.45,0,246,713,1
2026-08-27T16:24:33.969817,270.8,cam_09,ONLINE,1.16,0,467,967,1
2026-08-27T16:24:33.969817,270.8,cam_10,ONLINE,0.25,0,456,968,1
2026-08-27T16:24:33.969817,270.8,cam_11,ONLINE,0.23,0,395,913,1
2026-08-27T16:24:33.969817,270.8,cam_12,ONLINE,0.23,0,341,849,1
2026-08-27T16:24:33.969817,270.8,cam_13,ONLINE,0.28,0,188,594,1
2026-08-27T16:24:33.969817,270.8,cam_14,ONLINE,0.48,0,220,239,1
2026-08-27T16:24:33.969817,270.8,cam_15,ONLINE,0.14,0,315,784,1
2026-08-27T16:24:43.987896,280.8,cam_01,ONLINE,0.28,0,513,1104,1
2026-08-27T16:24:43.987896,280.8,cam_02,ONLINE,0.16,0,539,1102,1
2026-08-27T16:24:43.987896,280.8,cam_03,ONLINE,0.36,0,390,917,1
2026-08-27T16:24:43.987896,280.8,cam_04,ONLINE,0.2,0,255,723,1
2026-08-27T16:24:43.987896,280.8,cam_05,STALE,3.03,0,255,708,0
2026-08-27T16:24:43.987896,280.8,cam_06,ONLINE,0.16,0,428,979,1
2026-08-27T16:24:43.987896,280.8,cam_07,ONLINE,0.17,0,306,790,1
2026-08-27T16:24:43.987896,280.8,cam_08,ONLINE,0.25,0,279,786,1
2026-08-27T16:24:43.987896,280.8,cam_09,ONLINE,0.19,0,500,1045,1
2026-08-27T16:24:43.987896,280.8,cam_10,ONLINE,0.12,0,494,1040,1
2026-08-27T16:24:43.987896,280.8,cam_11,ONLINE,0.11,0,427,985,1
2026-08-27T16:24:43.987896,280.8,cam_12,ONLINE,0.8,0,345,863,1
2026-08-27T16:24:43.987896,280.8,cam_13,ONLINE,0.16,0,221,666,1
2026-08-27T16:24:43.987896,280.8,cam_14,ONLINE,0.7,0,251,350,1
2026-08-27T16:24:43.987896,280.8,cam_15,ONLINE,0.34,0,350,854,1
2026-08-27T16:24:54.002996,290.8,cam_01,ONLINE,0.09,0,545,1178,1
2026-08-27T16:24:54.002996,290.8,cam_02,ONLINE,0.56,0,572,1171,1
2026-08-27T16:24:54.002996,290.8,cam_03,ONLINE,0.16,0,425,990,1
2026-08-27T16:24:54.002996,290.8,cam_04,ONLINE,0.11,0,286,796,1
2026-08-27T16:24:54.002996,290.8,cam_05,ONLINE,0.56,0,270,787,1
2026-08-27T16:24:54.002996,290.8,cam_06,ONLINE,0.55,0,460,1048,1
2026-08-27T16:24:54.002996,290.8,cam_07,ONLINE,0.45,0,337,860,1
2026-08-27T16:24:54.002996,290.8,cam_08,ONLINE,0.31,0,310,857,1
2026-08-27T16:24:54.002996,290.8,cam_09,ONLINE,0.31,0,531,1116,1
2026-08-27T16:24:54.002996,290.8,cam_10,ONLINE,0.22,0,529,1111,1
2026-08-27T16:24:54.002996,290.8,cam_11,ONLINE,0.22,0,455,1056,1
2026-08-27T16:24:54.002996,290.8,cam_12,ONLINE,2.89,0,346,864,1
2026-08-27T16:24:54.002996,290.8,cam_13,ONLINE,0.11,0,252,738,1
2026-08-27T16:24:54.002996,290.8,cam_14,ONLINE,0.19,0,288,425,1
2026-08-27T16:24:54.002996,290.8,cam_15,ONLINE,0.19,0,381,927,1
2026-08-27T16:25:04.035151,300.9,cam_01,ONLINE,0.11,0,576,1237,1
2026-08-27T16:25:04.035151,300.9,cam_02,ONLINE,0.09,0,607,1239,1
2026-08-27T16:25:04.035151,300.9,cam_03,ONLINE,0.45,0,459,1052,1
2026-08-27T16:25:04.035151,300.9,cam_04,ONLINE,0.14,0,323,860,1
2026-08-27T16:25:04.035151,300.9,cam_05,ONLINE,0.5,0,302,852,1
2026-08-27T16:25:04.035151,300.9,cam_06,ONLINE,0.31,0,467,1073,1
2026-08-27T16:25:04.035151,300.9,cam_07,ONLINE,0.23,0,368,925,1
2026-08-27T16:25:04.035151,300.9,cam_08,ONLINE,0.44,0,344,921,1
2026-08-27T16:25:04.035151,300.9,cam_09,ONLINE,0.17,0,564,1182,1
2026-08-27T16:25:04.035151,300.9,cam_10,ONLINE,0.42,0,559,1174,1
2026-08-27T16:25:04.035151,300.9,cam_11,ONLINE,0.52,0,485,1119,1
2026-08-27T16:25:04.035151,300.9,cam_12,STALE,12.17,0,346,864,0
2026-08-27T16:25:04.035151,300.9,cam_13,ONLINE,0.34,0,278,801,1
2026-08-27T16:25:04.035151,300.9,cam_14,ONLINE,0.2,0,321,490,1
2026-08-27T16:25:04.035151,300.9,cam_15,ONLINE,0.11,0,407,992,1
2026-08-27T16:25:14.095421,310.9,cam_01,ONLINE,0.08,0,607,1314,1
2026-08-27T16:25:14.095421,310.9,cam_02,ONLINE,0.08,0,650,1311,1
2026-08-27T16:25:14.095421,310.9,cam_03,ONLINE,0.81,0,498,1122,1
2026-08-27T16:25:14.095421,310.9,cam_04,ONLINE,0.16,0,364,933,1
2026-08-27T16:25:14.095421,310.9,cam_05,ONLINE,0.09,0,345,927,1
2026-08-27T16:25:14.095421,310.9,cam_06,ONLINE,0.22,0,508,1171,1
2026-08-27T16:25:14.095421,310.9,cam_07,ONLINE,0.16,0,411,999,1
2026-08-27T16:25:14.095421,310.9,cam_08,ONLINE,0.22,0,383,995,1
2026-08-27T16:25:14.095421,310.9,cam_09,ONLINE,0.22,0,612,1254,1
2026-08-27T16:25:14.095421,310.9,cam_10,ONLINE,0.27,0,603,1248,1
2026-08-27T16:25:14.095421,310.9,cam_11,ONLINE,0.11,0,531,1194,1
2026-08-27T16:25:14.095421,310.9,cam_12,STALE,22.45,0,346,864,0
2026-08-27T16:25:14.095421,310.9,cam_13,ONLINE,0.33,0,309,874,1
2026-08-27T16:25:14.095421,310.9,cam_14,ONLINE,0.09,0,364,563,1
2026-08-27T16:25:14.095421,310.9,cam_15,ONLINE,0.16,0,424,1045,1
2026-08-27T16:25:24.111804,321.0,cam_01,ONLINE,0.03,0,648,1387,1
2026-08-27T16:25:24.111804,321.0,cam_02,ONLINE,0.11,0,687,1383,1
2026-08-27T16:25:24.111804,321.0,cam_03,ONLINE,0.06,0,538,1199,1
2026-08-27T16:25:24.111804,321.0,cam_04,ONLINE,0.12,0,404,1005,1
2026-08-27T16:25:24.111804,321.0,cam_05,ONLINE,0.09,0,386,999,1
2026-08-27T16:25:24.111804,321.0,cam_06,ONLINE,0.81,0,541,1239,1
2026-08-27T16:25:24.111804,321.0,cam_07,ONLINE,0.11,0,455,1071,1
2026-08-27T16:25:24.111804,321.0,cam_08,ONLINE,0.05,0,420,1067,1
2026-08-27T16:25:24.111804,321.0,cam_09,ONLINE,0.12,0,647,1326,1
2026-08-27T16:25:24.111804,321.0,cam_10,ONLINE,0.14,0,639,1320,1
2026-08-27T16:25:24.111804,321.0,cam_11,ONLINE,0.03,0,569,1266,1
2026-08-27T16:25:24.111804,321.0,cam_12,ONLINE,0.16,0,385,79,1
2026-08-27T16:25:24.111804,321.0,cam_13,ONLINE,0.31,0,343,945,1
2026-08-27T16:25:24.111804,321.0,cam_14,ONLINE,0.7,0,397,631,1
2026-08-27T16:25:24.111804,321.0,cam_15,ONLINE,2.94,0,446,1100,1
2026-08-27T16:25:34.141410,331.0,cam_01,ONLINE,2.14,0,672,1444,1
2026-08-27T16:25:34.141410,331.0,cam_02,ONLINE,0.17,0,721,1454,1
2026-08-27T16:25:34.141410,331.0,cam_03,ONLINE,0.19,0,576,1270,1
2026-08-27T16:25:34.141410,331.0,cam_04,ONLINE,0.16,0,436,1076,1
2026-08-27T16:25:34.141410,331.0,cam_05,ONLINE,0.34,0,416,1069,1
2026-08-27T16:25:34.141410,331.0,cam_06,ONLINE,0.31,0,572,1314,1
2026-08-27T16:25:34.141410,331.0,cam_07,ONLINE,0.38,0,483,1141,1
2026-08-27T16:25:34.141410,331.0,cam_08,ONLINE,0.38,0,456,1137,1
2026-08-27T16:25:34.141410,331.0,cam_09,ONLINE,0.38,0,686,1396,1
2026-08-27T16:25:34.141410,331.0,cam_10,ONLINE,0.27,0,676,1391,1
2026-08-27T16:25:34.141410,331.0,cam_11,ONLINE,0.27,0,605,1336,1
2026-08-27T16:25:34.141410,331.0,cam_12,ONLINE,0.16,0,415,151,1
2026-08-27T16:25:34.141410,331.0,cam_13,ONLINE,0.19,0,380,1018,1
2026-08-27T16:25:34.141410,331.0,cam_14,ONLINE,0.41,0,423,705,1
2026-08-27T16:25:34.141410,331.0,cam_15,ONLINE,0.11,0,469,1199,1
2026-08-27T16:25:44.173955,341.0,cam_01,ONLINE,0.27,0,697,1522,1
2026-08-27T16:25:44.173955,341.0,cam_02,ONLINE,0.3,0,756,1518,1
2026-08-27T16:25:44.173955,341.0,cam_03,ONLINE,0.33,0,608,1334,1
2026-08-27T16:25:44.173955,341.0,cam_04,ONLINE,1.5,0,459,1132,1
2026-08-27T16:25:44.173955,341.0,cam_05,ONLINE,0.27,0,450,1134,1
2026-08-27T16:25:44.173955,341.0,cam_06,ONLINE,0.34,0,603,1379,1
2026-08-27T16:25:44.173955,341.0,cam_07,ONLINE,0.3,0,520,1206,1
2026-08-27T16:25:44.173955,341.0,cam_08,ONLINE,0.23,0,487,1203,1
2026-08-27T16:25:44.173955,341.0,cam_09,ONLINE,0.2,0,723,1461,1
2026-08-27T16:25:44.173955,341.0,cam_10,ONLINE,0.16,0,712,1457,1
2026-08-27T16:25:44.173955,341.0,cam_11,ONLINE,0.16,0,640,1401,1
2026-08-27T16:25:44.173955,341.0,cam_12,ONLINE,0.12,0,443,216,1
2026-08-27T16:25:44.173955,341.0,cam_13,ONLINE,0.33,0,414,1082,1
2026-08-27T16:25:44.173955,341.0,cam_14,ONLINE,0.25,0,457,771,1
2026-08-27T16:25:44.173955,341.0,cam_15,ONLINE,0.3,0,501,1263,1
2026-08-27T16:25:54.191944,351.0,cam_01,ONLINE,0.66,0,731,1591,1
2026-08-27T16:25:54.191944,351.0,cam_02,ONLINE,0.16,0,795,1591,1
2026-08-27T16:25:54.191944,351.0,cam_03,ONLINE,0.2,0,645,1407,1
2026-08-27T16:25:54.191944,351.0,cam_04,ONLINE,0.05,0,494,1214,1
2026-08-27T16:25:54.191944,351.0,cam_05,ONLINE,0.16,0,485,1207,1
2026-08-27T16:25:54.191944,351.0,cam_06,ONLINE,0.8,0,625,1439,1
2026-08-27T16:25:54.191944,351.0,cam_07,ONLINE,0.28,0,556,1278,1
2026-08-27T16:25:54.191944,351.0,cam_08,ONLINE,0.36,0,524,1274,1
2026-08-27T16:25:54.191944,351.0,cam_09,ONLINE,0.22,0,762,1534,1
2026-08-27T16:25:54.191944,351.0,cam_10,ONLINE,0.28,0,746,1528,1
2026-08-27T16:25:54.191944,351.0,cam_11,ONLINE,0.17,0,679,1474,1
2026-08-27T16:25:54.191944,351.0,cam_12,ONLINE,0.52,0,471,283,1
2026-08-27T16:25:54.191944,351.0,cam_13,STALE,6.69,0,427,1109,0
2026-08-27T16:25:54.191944,351.0,cam_14,ONLINE,0.16,0,498,844,1
2026-08-27T16:25:54.191944,351.0,cam_15,ONLINE,0.52,0,540,1334,1
2026-08-27T16:26:04.228755,361.1,cam_01,ONLINE,0.5,0,765,1662,1
2026-08-27T16:26:04.228755,361.1,cam_02,ONLINE,0.27,0,830,1662,1
2026-08-27T16:26:04.228755,361.1,cam_03,ONLINE,0.22,0,673,1478,1
2026-08-27T16:26:04.228755,361.1,cam_04,ONLINE,0.28,0,526,1284,1
2026-08-27T16:26:04.228755,361.1,cam_05,ONLINE,0.27,0,516,1278,1
2026-08-27T16:26:04.228755,361.1,cam_06,ONLINE,0.22,0,655,1523,1
2026-08-27T16:26:04.228755,361.1,cam_07,ONLINE,0.17,0,574,1345,1
2026-08-27T16:26:04.228755,361.1,cam_08,ONLINE,0.25,0,560,1346,1
2026-08-27T16:26:04.228755,361.1,cam_09,ONLINE,0.27,0,797,1605,1
2026-08-27T16:26:04.228755,361.1,cam_10,ONLINE,0.2,0,785,1600,1
2026-08-27T16:26:04.228755,361.1,cam_11,ONLINE,2.53,0,704,1529,1
2026-08-27T16:26:04.228755,361.1,cam_12,ONLINE,0.92,0,503,354,1
2026-08-27T16:26:04.228755,361.1,cam_13,ONLINE,0.08,0,457,1227,1
2026-08-27T16:26:04.228755,361.1,cam_14,ONLINE,0.19,0,532,915,1
2026-08-27T16:26:04.228755,361.1,cam_15,ONLINE,0.42,0,574,1406,1
2026-08-27T16:26:14.294780,371.1,cam_01,ONLINE,0.17,0,791,1738,1
2026-08-27T16:26:14.294780,371.1,cam_02,ONLINE,0.2,0,872,1734,1
2026-08-27T16:26:14.294780,371.1,cam_03,STALE,5.5,0,692,1507,0
2026-08-27T16:26:14.294780,371.1,cam_04,ONLINE,0.25,0,565,1356,1
2026-08-27T16:26:14.294780,371.1,cam_05,ONLINE,0.36,0,552,1349,1
2026-08-27T16:26:14.294780,371.1,cam_06,ONLINE,1.09,0,692,1589,1
2026-08-27T16:26:14.294780,371.1,cam_07,ONLINE,0.38,0,611,1421,1
2026-08-27T16:26:14.294780,371.1,cam_08,ONLINE,0.41,0,597,1417,1
2026-08-27T16:26:14.294780,371.1,cam_09,ONLINE,0.38,0,830,1676,1
2026-08-27T16:26:14.294780,371.1,cam_10,ONLINE,0.3,0,821,1671,1
2026-08-27T16:26:14.294780,371.1,cam_11,ONLINE,0.58,0,735,1613,1
2026-08-27T16:26:14.294780,371.1,cam_12,ONLINE,0.27,0,544,430,1
2026-08-27T16:26:14.294780,371.1,cam_13,ONLINE,0.59,0,492,1295,1
2026-08-27T16:26:14.294780,371.1,cam_14,ONLINE,0.28,0,547,985,1
2026-08-27T16:26:14.294780,371.1,cam_15,ONLINE,0.27,0,610,1479,1
2026-08-27T16:26:24.325873,381.2,cam_01,ONLINE,0.31,0,823,1802,1
2026-08-27T16:26:24.325873,381.2,cam_02,ONLINE,0.19,0,905,1799,1
2026-08-27T16:26:24.325873,381.2,cam_03,ONLINE,0.12,0,727,1607,1
2026-08-27T16:26:24.325873,381.2,cam_04,ONLINE,0.11,0,599,1422,1
2026-08-27T16:26:24.325873,381.2,cam_05,ONLINE,0.23,0,581,1415,1
2026-08-27T16:26:24.325873,381.2,cam_06,ONLINE,0.64,0,695,1606,1
2026-08-27T16:26:24.325873,381.2,cam_07,ONLINE,2.47,0,624,1450,1
2026-08-27T16:26:24.325873,381.2,cam_08,ONLINE,0.17,0,630,1484,1
2026-08-27T16:26:24.325873,381.2,cam_09,ONLINE,0.33,0,862,1742,1
2026-08-27T16:26:24.325873,381.2,cam_10,ONLINE,0.34,0,855,1736,1
2026-08-27T16:26:24.325873,381.2,cam_11,ONLINE,0.27,0,761,1681,1
2026-08-27T16:26:24.325873,381.2,cam_12,ONLINE,0.23,0,578,496,1
2026-08-27T16:26:24.325873,381.2,cam_13,ONLINE,0.3,0,521,1363,1
2026-08-27T16:26:24.325873,381.2,cam_14,ONLINE,0.19,0,582,1051,1
2026-08-27T16:26:24.325873,381.2,cam_15,ONLINE,0.45,0,641,1543,1
2026-08-27T16:26:34.342157,391.2,cam_01,ONLINE,0.16,0,854,1876,1
2026-08-27T16:26:34.342157,391.2,cam_02,ONLINE,0.11,0,945,1873,1
2026-08-27T16:26:34.342157,391.2,cam_03,ONLINE,0.69,0,758,1676,1
2026-08-27T16:26:34.342157,391.2,cam_04,ONLINE,3.0,0,629,1475,1
2026-08-27T16:26:34.342157,391.2,cam_05,ONLINE,0.5,0,614,1486,1
2026-08-27T16:26:34.342157,391.2,cam_06,ONLINE,0.77,0,701,1729,1
2026-08-27T16:26:34.342157,391.2,cam_07,STALE,4.72,0,625,1451,0
2026-08-27T16:26:34.342157,391.2,cam_08,ONLINE,0.47,0,666,1555,1
2026-08-27T16:26:34.342157,391.2,cam_09,ONLINE,0.47,0,899,1814,1
2026-08-27T16:26:34.342157,391.2,cam_10,ONLINE,0.52,0,889,1808,1
2026-08-27T16:26:34.342157,391.2,cam_11,ONLINE,0.38,0,796,1753,1
2026-08-27T16:26:34.342157,391.2,cam_12,ONLINE,0.34,0,611,568,1
2026-08-27T16:26:34.342157,391.2,cam_13,ONLINE,0.92,0,553,1431,1
2026-08-27T16:26:34.342157,391.2,cam_14,ONLINE,0.33,0,616,1123,1
2026-08-27T16:26:34.342157,391.2,cam_15,ONLINE,0.34,0,664,1616,1
2026-08-27T16:26:44.368556,401.2,cam_01,ONLINE,0.11,0,880,1949,1
2026-08-27T16:26:44.368556,401.2,cam_02,ONLINE,0.14,0,971,1945,1
2026-08-27T16:26:44.368556,401.2,cam_03,ONLINE,0.44,0,781,1750,1
2026-08-27T16:26:44.368556,401.2,cam_04,ONLINE,0.45,0,651,1564,1
2026-08-27T16:26:44.368556,401.2,cam_05,ONLINE,1.45,0,642,1552,1
2026-08-27T16:26:44.368556,401.2,cam_06,ONLINE,0.44,0,729,1804,1
2026-08-27T16:26:44.368556,401.2,cam_07,STALE,15.08,0,625,1451,0
2026-08-27T16:26:44.368556,401.2,cam_08,ONLINE,0.66,0,688,1626,1
2026-08-27T16:26:44.368556,401.2,cam_09,ONLINE,0.36,0,928,1887,1
2026-08-27T16:26:44.368556,401.2,cam_10,ONLINE,0.67,0,914,1879,1
2026-08-27T16:26:44.368556,401.2,cam_11,ONLINE,0.27,0,818,1826,1
2026-08-27T16:26:44.368556,401.2,cam_12,ONLINE,0.39,0,632,639,1
2026-08-27T16:26:44.368556,401.2,cam_13,ONLINE,0.31,0,581,1508,1
2026-08-27T16:26:44.368556,401.2,cam_14,ONLINE,0.27,0,640,1196,1
2026-08-27T16:26:44.368556,401.2,cam_15,ONLINE,0.19,0,683,1690,1
2026-08-27T16:26:54.389152,411.2,cam_01,ONLINE,0.34,0,901,2013,1
2026-08-27T16:26:54.389152,411.2,cam_02,ONLINE,0.39,0,994,2009,1
2026-08-27T16:26:54.389152,411.2,cam_03,ONLINE,0.39,0,807,1816,1
2026-08-27T16:26:54.389152,411.2,cam_04,ONLINE,2.03,0,662,1605,1
2026-08-27T16:26:54.389152,411.2,cam_05,ONLINE,0.22,0,662,1626,1
2026-08-27T16:26:54.389152,411.2,cam_06,ONLINE,0.22,0,749,1867,1
2026-08-27T16:26:54.389152,411.2,cam_07,ONLINE,0.39,0,631,17,1
2026-08-27T16:26:54.389152,411.2,cam_08,ONLINE,0.19,0,702,1695,1
2026-08-27T16:26:54.389152,411.2,cam_09,ONLINE,0.19,0,950,1954,1
2026-08-27T16:26:54.389152,411.2,cam_10,ONLINE,0.22,0,936,1948,1
2026-08-27T16:26:54.389152,411.2,cam_11,ONLINE,0.52,0,841,1890,1
2026-08-27T16:26:54.389152,411.2,cam_12,ONLINE,0.34,0,655,705,1
2026-08-27T16:26:54.389152,411.2,cam_13,ONLINE,0.42,0,597,1573,1
2026-08-27T16:26:54.389152,411.2,cam_14,ONLINE,0.34,0,661,1262,1
2026-08-27T16:26:54.389152,411.2,cam_15,ONLINE,0.84,0,704,1751,1
2026-08-27T16:27:04.398218,421.2,cam_01,ONLINE,0.31,0,922,2086,1
2026-08-27T16:27:04.398218,421.2,cam_02,ONLINE,0.34,0,1014,2082,1
2026-08-27T16:27:04.398218,421.2,cam_03,ONLINE,0.64,0,829,1887,1
2026-08-27T16:27:04.398218,421.2,cam_04,ONLINE,0.84,0,664,1608,1
2026-08-27T16:27:04.398218,421.2,cam_05,ONLINE,0.59,0,681,1696,1
2026-08-27T16:27:04.398218,421.2,cam_06,ONLINE,0.3,0,773,1943,1
2026-08-27T16:27:04.398218,421.2,cam_07,ONLINE,0.34,0,654,90,1
2026-08-27T16:27:04.398218,421.2,cam_08,ONLINE,0.56,0,722,1765,1
2026-08-27T16:27:04.398218,421.2,cam_09,ONLINE,0.36,0,972,2025,1
2026-08-27T16:27:04.398218,421.2,cam_10,ONLINE,0.27,0,959,2020,1
2026-08-27T16:27:04.398218,421.2,cam_11,ONLINE,0.19,0,864,1964,1
2026-08-27T16:27:04.398218,421.2,cam_12,ONLINE,0.14,0,679,779,1
2026-08-27T16:27:04.398218,421.2,cam_13,ONLINE,0.31,0,620,1646,1
2026-08-27T16:27:04.398218,421.2,cam_14,ONLINE,0.42,0,680,1334,1
2026-08-27T16:27:04.398218,421.2,cam_15,ONLINE,0.31,0,722,1827,1
2026-08-27T16:27:14.449376,431.3,cam_01,ONLINE,0.55,0,951,2158,1
2026-08-27T16:27:14.449376,431.3,cam_02,ONLINE,0.03,0,1047,2158,1
2026-08-27T16:27:14.449376,431.3,cam_03,ONLINE,0.08,0,860,1965,1
2026-08-27T16:27:14.449376,431.3,cam_04,STALE,11.42,0,664,1608,0
2026-08-27T16:27:14.449376,431.3,cam_05,STALE,7.77,0,686,1720,0
2026-08-27T16:27:14.449376,431.3,cam_06,ONLINE,0.12,0,801,2018,1
2026-08-27T16:27:14.449376,431.3,cam_07,ONLINE,0.64,0,682,162,1
2026-08-27T16:27:14.449376,431.3,cam_08,ONLINE,0.12,0,753,1842,1
2026-08-27T16:27:14.449376,431.3,cam_09,ONLINE,0.12,0,1003,2101,1
2026-08-27T16:27:14.449376,431.3,cam_10,ONLINE,0.19,0,986,2095,1
2026-08-27T16:27:14.449376,431.3,cam_11,ONLINE,0.19,0,891,2039,1
2026-08-27T16:27:14.449376,431.3,cam_12,ONLINE,0.03,0,704,854,1
2026-08-27T16:27:14.449376,431.3,cam_13,ONLINE,0.2,0,651,1721,1
2026-08-27T16:27:14.449376,431.3,cam_14,ONLINE,0.17,0,705,1410,1
2026-08-27T16:27:14.449376,431.3,cam_15,ONLINE,0.19,0,755,1902,1
2026-08-27T16:27:24.481786,441.3,cam_01,ONLINE,0.53,0,972,2224,1
2026-08-27T16:27:24.481786,441.3,cam_02,ONLINE,0.41,0,1073,2221,1
2026-08-27T16:27:24.481786,441.3,cam_03,ONLINE,0.23,0,886,2029,1
2026-08-27T16:27:24.481786,441.3,cam_04,STALE,20.78,0,664,1608,0
2026-08-27T16:27:24.481786,441.3,cam_05,ONLINE,0.23,0,708,1838,1
2026-08-27T16:27:24.481786,441.3,cam_06,ONLINE,0.23,0,822,2083,1
2026-08-27T16:27:24.481786,441.3,cam_07,ONLINE,0.3,0,698,230,1
2026-08-27T16:27:24.481786,441.3,cam_08,ONLINE,0.36,0,777,1906,1
2026-08-27T16:27:24.481786,441.3,cam_09,ONLINE,0.27,0,1030,2165,1
2026-08-27T16:27:24.481786,441.3,cam_10,ONLINE,0.81,0,1008,2156,1
2026-08-27T16:27:24.481786,441.3,cam_11,ONLINE,0.81,0,916,2100,1
2026-08-27T16:27:24.481786,441.3,cam_12,ONLINE,1.05,0,731,912,1
2026-08-27T16:27:24.481786,441.3,cam_13,ONLINE,0.39,0,679,1785,1
2026-08-27T16:27:24.481786,441.3,cam_14,ONLINE,0.39,0,728,1474,1
2026-08-27T16:27:24.481786,441.3,cam_15,ONLINE,0.3,0,779,1967,1
2026-08-27T16:27:34.518492,451.4,cam_01,ONLINE,0.23,0,996,2298,1
2026-08-27T16:27:34.518492,451.4,cam_02,ONLINE,0.28,0,1106,2294,1
2026-08-27T16:27:34.518492,451.4,cam_03,ONLINE,0.41,0,918,2100,1
2026-08-27T16:27:34.518492,451.4,cam_04,ONLINE,0.2,0,691,68,1
2026-08-27T16:27:34.518492,451.4,cam_05,ONLINE,0.23,0,735,1910,1
2026-08-27T16:27:34.518492,451.4,cam_06,ONLINE,0.16,0,852,2156,1
2026-08-27T16:27:34.518492,451.4,cam_07,ONLINE,0.31,0,734,302,1
2026-08-27T16:27:34.518492,451.4,cam_08,ONLINE,0.19,0,810,1979,1
2026-08-27T16:27:34.518492,451.4,cam_09,ONLINE,0.19,0,1066,2238,1
2026-08-27T16:27:34.518492,451.4,cam_10,ONLINE,0.98,0,1039,2227,1
2026-08-27T16:27:34.518492,451.4,cam_11,ONLINE,0.5,0,945,2174,1
2026-08-27T16:27:34.518492,451.4,cam_12,ONLINE,0.23,0,762,990,1
2026-08-27T16:27:34.518492,451.4,cam_13,ONLINE,0.27,0,709,1858,1
2026-08-27T16:27:34.518492,451.4,cam_14,ONLINE,0.67,0,754,1544,1
2026-08-27T16:27:34.518492,451.4,cam_15,ONLINE,0.33,0,811,2039,1
2026-08-27T16:27:44.536571,461.4,cam_01,ONLINE,0.16,0,1031,2370,1
2026-08-27T16:27:44.536571,461.4,cam_02,ONLINE,0.42,0,1132,2365,1
2026-08-27T16:27:44.536571,461.4,cam_03,ONLINE,0.09,0,950,2175,1
2026-08-27T16:27:44.536571,461.4,cam_04,ONLINE,0.08,0,727,141,1
2026-08-27T16:27:44.536571,461.4,cam_05,ONLINE,0.19,0,771,1983,1
2026-08-27T16:27:44.536571,461.4,cam_06,ONLINE,0.28,0,890,2227,1
2026-08-27T16:27:44.536571,461.4,cam_07,ONLINE,0.19,0,769,375,1
2026-08-27T16:27:44.536571,461.4,cam_08,ONLINE,0.5,0,846,2049,1
2026-08-27T16:27:44.536571,461.4,cam_09,ONLINE,0.41,0,1096,2309,1
2026-08-27T16:27:44.536571,461.4,cam_10,ONLINE,0.33,0,1064,2304,1
2026-08-27T16:27:44.536571,461.4,cam_11,ONLINE,0.19,0,973,2249,1
2026-08-27T16:27:44.536571,461.4,cam_12,ONLINE,0.45,0,794,1060,1
2026-08-27T16:27:44.536571,461.4,cam_13,ONLINE,0.22,0,742,1931,1
2026-08-27T16:27:44.536571,461.4,cam_14,ONLINE,0.19,0,787,1620,1
2026-08-27T16:27:44.536571,461.4,cam_15,ONLINE,0.48,0,842,2110,1
2026-08-27T16:27:54.565415,471.4,cam_01,ONLINE,0.38,0,1061,2434,1
2026-08-27T16:27:54.565415,471.4,cam_02,ONLINE,0.38,0,1161,2430,1
2026-08-27T16:27:54.565415,471.4,cam_03,ONLINE,0.3,0,979,2238,1
2026-08-27T16:27:54.565415,471.4,cam_04,ONLINE,0.31,0,749,204,1
2026-08-27T16:27:54.565415,471.4,cam_05,STALE,9.0,0,773,1986,0
2026-08-27T16:27:54.565415,471.4,cam_06,ONLINE,0.22,0,920,2289,1
2026-08-27T16:27:54.565415,471.4,cam_07,ONLINE,0.56,0,799,437,1
2026-08-27T16:27:54.565415,471.4,cam_08,ONLINE,0.86,0,873,2110,1
2026-08-27T16:27:54.565415,471.4,cam_09,ONLINE,0.62,0,1126,2372,1
2026-08-27T16:27:54.565415,471.4,cam_10,ONLINE,0.52,0,1088,2367,1
2026-08-27T16:27:54.565415,471.4,cam_11,ONLINE,0.52,0,999,2311,1
2026-08-27T16:27:54.565415,471.4,cam_12,ONLINE,0.5,0,822,1122,1
2026-08-27T16:27:54.565415,471.4,cam_13,ONLINE,0.44,0,774,1994,1
2026-08-27T16:27:54.565415,471.4,cam_14,ONLINE,0.8,0,812,1680,1
2026-08-27T16:27:54.565415,471.4,cam_15,ONLINE,0.39,0,871,2175,1
2026-08-27T16:28:04.582794,481.4,cam_01,ONLINE,0.22,0,1103,2509,1
2026-08-27T16:28:04.582794,481.4,cam_02,ONLINE,0.11,0,1204,2506,1
2026-08-27T16:28:04.582794,481.4,cam_03,ONLINE,0.14,0,1020,2313,1
2026-08-27T16:28:04.582794,481.4,cam_04,STALE,3.72,0,770,254,0
2026-08-27T16:28:04.582794,481.4,cam_05,ONLINE,0.22,0,811,2121,1
2026-08-27T16:28:04.582794,481.4,cam_06,ONLINE,0.23,0,960,2366,1
2026-08-27T16:28:04.582794,481.4,cam_07,ONLINE,0.33,0,839,512,1
2026-08-27T16:28:04.582794,481.4,cam_08,ONLINE,0.33,0,905,2188,1
2026-08-27T16:28:04.582794,481.4,cam_09,ONLINE,0.2,0,1166,2449,1
2026-08-27T16:28:04.582794,481.4,cam_10,ONLINE,0.11,0,1120,2444,1
2026-08-27T16:28:04.582794,481.4,cam_11,ONLINE,0.23,0,1031,2387,1
2026-08-27T16:28:04.582794,481.4,cam_12,ONLINE,0.36,0,854,1200,1
2026-08-27T16:28:04.582794,481.4,cam_13,ONLINE,0.17,0,813,2070,1
2026-08-27T16:28:04.582794,481.4,cam_14,ONLINE,0.17,0,846,1758,1
2026-08-27T16:28:04.582794,481.4,cam_15,ONLINE,0.2,0,903,2251,1
2026-08-27T16:28:14.647908,491.5,cam_01,ONLINE,0.69,0,1135,2578,1
2026-08-27T16:28:14.647908,491.5,cam_02,ONLINE,0.44,0,1237,2576,1
2026-08-27T16:28:14.647908,491.5,cam_03,ONLINE,0.33,0,1048,2384,1
2026-08-27T16:28:14.647908,491.5,cam_04,ONLINE,0.33,0,786,341,1
2026-08-27T16:28:14.647908,491.5,cam_05,ONLINE,0.28,0,842,2193,1
2026-08-27T16:28:14.647908,491.5,cam_06,ONLINE,0.27,0,994,2438,1
2026-08-27T16:28:14.647908,491.5,cam_07,ONLINE,0.44,0,860,584,1
2026-08-27T16:28:14.647908,491.5,cam_08,ONLINE,0.36,0,942,2261,1
2026-08-27T16:28:14.647908,491.5,cam_09,ONLINE,0.52,0,1200,2519,1
2026-08-27T16:28:14.647908,491.5,cam_10,ONLINE,0.44,0,1152,2514,1
2026-08-27T16:28:14.647908,491.5,cam_11,ONLINE,0.42,0,1064,2458,1
2026-08-27T16:28:14.647908,491.5,cam_12,ONLINE,0.69,0,887,1270,1
2026-08-27T16:28:14.647908,491.5,cam_13,ONLINE,0.72,0,847,2138,1
2026-08-27T16:28:14.647908,491.5,cam_14,ONLINE,0.56,0,877,1828,1
2026-08-27T16:28:14.647908,491.5,cam_15,ONLINE,0.47,0,937,2321,1
2026-08-27T16:28:24.673570,501.5,cam_01,ONLINE,0.52,0,1153,2636,1
2026-08-27T16:28:24.673570,501.5,cam_02,ONLINE,0.52,0,1263,2641,1
2026-08-27T16:28:24.673570,501.5,cam_03,ONLINE,0.5,0,1068,2448,1
2026-08-27T16:28:24.673570,501.5,cam_04,ONLINE,0.39,0,799,394,1
2026-08-27T16:28:24.673570,501.5,cam_05,ONLINE,0.64,0,862,2256,1
2026-08-27T16:28:24.673570,501.5,cam_06,ONLINE,0.34,0,1016,2503,1
2026-08-27T16:28:24.673570,501.5,cam_07,ONLINE,0.48,0,881,649,1
2026-08-27T16:28:24.673570,501.5,cam_08,ONLINE,0.12,0,962,2328,1
2026-08-27T16:28:24.673570,501.5,cam_09,ONLINE,0.05,0,1222,2585,1
2026-08-27T16:28:24.673570,501.5,cam_10,ONLINE,0.05,0,1176,2582,1
2026-08-27T16:28:24.673570,501.5,cam_11,ONLINE,0.05,0,1090,2526,1
2026-08-27T16:28:24.673570,501.5,cam_12,ONLINE,1.81,0,907,1325,1
2026-08-27T16:28:24.673570,501.5,cam_13,ONLINE,0.69,0,869,2204,1
2026-08-27T16:28:24.673570,501.5,cam_14,ONLINE,0.88,0,900,1891,1
2026-08-27T16:28:24.673570,501.5,cam_15,ONLINE,0.84,0,960,2384,1
2026-08-27T16:28:34.709452,511.5,cam_01,ONLINE,0.05,0,1180,2721,1
2026-08-27T16:28:34.709452,511.5,cam_02,ONLINE,0.08,0,1286,2717,1
2026-08-27T16:28:34.709452,511.5,cam_03,ONLINE,0.38,0,1094,2522,1
2026-08-27T16:28:34.709452,511.5,cam_04,ONLINE,0.69,0,827,477,1
2026-08-27T16:28:34.709452,511.5,cam_05,ONLINE,0.44,0,888,2330,1
2026-08-27T16:28:34.709452,511.5,cam_06,ONLINE,0.38,0,1038,2576,1
2026-08-27T16:28:34.709452,511.5,cam_07,ONLINE,0.36,0,908,723,1
2026-08-27T16:28:34.709452,511.5,cam_08,ONLINE,0.28,0,987,2400,1
2026-08-27T16:28:34.709452,511.5,cam_09,ONLINE,0.17,0,1243,2660,1
2026-08-27T16:28:34.709452,511.5,cam_10,ONLINE,0.22,0,1202,2654,1
2026-08-27T16:28:34.709452,511.5,cam_11,ONLINE,0.06,0,1116,2599,1
2026-08-27T16:28:34.709452,511.5,cam_12,ONLINE,0.06,0,914,1405,1
2026-08-27T16:28:34.709452,511.5,cam_13,ONLINE,0.12,0,892,2281,1
2026-08-27T16:28:34.709452,511.5,cam_14,ONLINE,0.06,0,925,1970,1
2026-08-27T16:28:34.709452,511.5,cam_15,ONLINE,0.67,0,981,2458,1
2026-08-27T16:28:44.744662,521.6,cam_01,ONLINE,0.03,0,1206,2794,1
2026-08-27T16:28:44.744662,521.6,cam_02,ONLINE,0.39,0,1310,2788,1
2026-08-27T16:28:44.744662,521.6,cam_03,ONLINE,0.06,0,1117,2597,1
2026-08-27T16:28:44.744662,521.6,cam_04,ONLINE,0.27,0,845,553,1
2026-08-27T16:28:44.744662,521.6,cam_05,ONLINE,0.09,0,912,2406,1
2026-08-27T16:28:44.744662,521.6,cam_06,ONLINE,0.06,0,1063,2651,1
2026-08-27T16:28:44.744662,521.6,cam_07,ONLINE,0.08,0,931,798,1
2026-08-27T16:28:44.744662,521.6,cam_08,ONLINE,1.58,0,1006,2464,1
2026-08-27T16:28:44.744662,521.6,cam_09,ONLINE,0.28,0,1266,2732,1
2026-08-27T16:28:44.744662,521.6,cam_10,ONLINE,0.17,0,1225,2727,1
2026-08-27T16:28:44.744662,521.6,cam_11,ONLINE,0.05,0,1132,2672,1
2026-08-27T16:28:44.744662,521.6,cam_12,ONLINE,0.03,0,940,1478,1
2026-08-27T16:28:44.744662,521.6,cam_13,ONLINE,0.2,0,918,2353,1
2026-08-27T16:28:44.744662,521.6,cam_14,ONLINE,0.02,0,951,2043,1
2026-08-27T16:28:44.744662,521.6,cam_15,ONLINE,0.06,0,1008,2535,1
2026-08-27T16:28:54.783827,531.6,cam_01,ONLINE,0.39,0,1232,2857,1
2026-08-27T16:28:54.783827,531.6,cam_02,ONLINE,0.11,0,1335,2855,1
2026-08-27T16:28:54.783827,531.6,cam_03,ONLINE,0.03,0,1136,2663,1
2026-08-27T16:28:54.783827,531.6,cam_04,ONLINE,0.2,0,867,619,1
2026-08-27T16:28:54.783827,531.6,cam_05,ONLINE,0.11,0,934,2471,1
2026-08-27T16:28:54.783827,531.6,cam_06,ONLINE,0.16,0,1085,2716,1
2026-08-27T16:28:54.783827,531.6,cam_07,ONLINE,0.98,0,951,857,1
2026-08-27T16:28:54.783827,531.6,cam_08,ONLINE,0.08,0,1013,2540,1
2026-08-27T16:28:54.783827,531.6,cam_09,ONLINE,0.05,0,1286,2799,1
2026-08-27T16:28:54.783827,531.6,cam_10,ONLINE,1.99,0,1244,2780,1
2026-08-27T16:28:54.783827,531.6,cam_11,ONLINE,0.36,0,1154,2735,1
2026-08-27T16:28:54.783827,531.6,cam_12,ONLINE,0.91,0,958,1534,1
2026-08-27T16:28:54.783827,531.6,cam_13,ONLINE,0.28,0,943,2418,1
2026-08-27T16:28:54.783827,531.6,cam_14,ONLINE,0.06,0,977,2108,1
2026-08-27T16:28:54.783827,531.6,cam_15,ONLINE,0.42,0,1029,2598,1
2026-08-27T16:29:04.798876,541.6,cam_01,ONLINE,0.22,0,1253,2932,1
2026-08-27T16:29:04.798876,541.6,cam_02,ONLINE,0.11,0,1360,2929,1
2026-08-27T16:29:04.798876,541.6,cam_03,ONLINE,0.53,0,1157,2733,1
2026-08-27T16:29:04.798876,541.6,cam_04,ONLINE,0.14,0,890,693,1
2026-08-27T16:29:04.798876,541.6,cam_05,ONLINE,0.08,0,952,2545,1
2026-08-27T16:29:04.798876,541.6,cam_06,ONLINE,0.08,0,1112,2790,1
2026-08-27T16:29:04.798876,541.6,cam_07,ONLINE,0.52,0,975,933,1
2026-08-27T16:29:04.798876,541.6,cam_08,ONLINE,0.56,0,1028,2610,1
2026-08-27T16:29:04.798876,541.6,cam_09,ONLINE,0.98,0,1308,2865,1
2026-08-27T16:29:04.798876,541.6,cam_10,ONLINE,0.38,0,1266,2865,1
2026-08-27T16:29:04.798876,541.6,cam_11,ONLINE,0.36,0,1178,2809,1
2026-08-27T16:29:04.798876,541.6,cam_12,ONLINE,0.34,0,976,1615,1
2026-08-27T16:29:04.798876,541.6,cam_13,ONLINE,0.38,0,966,2491,1
2026-08-27T16:29:04.798876,541.6,cam_14,ONLINE,0.36,0,1001,2180,1
2026-08-27T16:29:04.798876,541.6,cam_15,ONLINE,0.36,0,1050,2672,1
2026-08-27T16:29:14.859877,551.7,cam_01,ONLINE,0.41,0,1276,2996,1
2026-08-27T16:29:14.859877,551.7,cam_02,ONLINE,0.44,0,1387,2992,1
2026-08-27T16:29:14.859877,551.7,cam_03,ONLINE,0.25,0,1185,2800,1
2026-08-27T16:29:14.859877,551.7,cam_04,ONLINE,0.16,0,915,758,1
2026-08-27T16:29:14.859877,551.7,cam_05,ONLINE,1.42,0,975,2601,1
2026-08-27T16:29:14.859877,551.7,cam_06,ONLINE,1.14,0,1134,2848,1
2026-08-27T16:29:14.859877,551.7,cam_07,ONLINE,0.97,0,999,995,1
2026-08-27T16:29:14.859877,551.7,cam_08,ONLINE,1.05,0,1053,2672,1
2026-08-27T16:29:14.859877,551.7,cam_09,ONLINE,0.8,0,1334,2933,1
2026-08-27T16:29:14.859877,551.7,cam_10,ONLINE,0.78,0,1290,2927,1
2026-08-27T16:29:14.859877,551.7,cam_11,ONLINE,0.7,0,1203,2872,1
2026-08-27T16:29:14.859877,551.7,cam_12,ONLINE,0.56,0,999,1679,1
2026-08-27T16:29:14.859877,551.7,cam_13,ONLINE,0.56,0,991,2555,1
2026-08-27T16:29:14.859877,551.7,cam_14,ONLINE,0.56,0,1021,2244,1
2026-08-27T16:29:14.859877,551.7,cam_15,ONLINE,0.44,0,1072,2737,1
2026-08-27T16:29:24.875726,561.7,cam_01,ONLINE,0.11,0,1306,3070,1
2026-08-27T16:29:24.875726,561.7,cam_02,ONLINE,0.12,0,1419,3067,1
2026-08-27T16:29:24.875726,561.7,cam_03,ONLINE,0.14,0,1214,2874,1
2026-08-27T16:29:24.875726,561.7,cam_04,ONLINE,0.12,0,946,831,1
2026-08-27T16:29:24.875726,561.7,cam_05,STALE,3.67,0,993,2658,0
2026-08-27T16:29:24.875726,561.7,cam_06,ONLINE,0.42,0,1166,2926,1
2026-08-27T16:29:24.875726,561.7,cam_07,ONLINE,1.01,0,1028,1068,1
2026-08-27T16:29:24.875726,561.7,cam_08,ONLINE,0.2,0,1084,2751,1
2026-08-27T16:29:24.875726,561.7,cam_09,ONLINE,0.22,0,1363,3010,1
2026-08-27T16:29:24.875726,561.7,cam_10,ONLINE,0.12,0,1322,3005,1
2026-08-27T16:29:24.875726,561.7,cam_11,ONLINE,0.39,0,1232,2947,1
2026-08-27T16:29:24.875726,561.7,cam_12,ONLINE,0.16,0,1031,1754,1
2026-08-27T16:29:24.875726,561.7,cam_13,ONLINE,0.14,0,1024,2631,1
2026-08-27T16:29:24.875726,561.7,cam_14,ONLINE,0.22,0,1050,2319,1
2026-08-27T16:29:24.875726,561.7,cam_15,ONLINE,0.12,0,1104,2812,1
2026-08-27T16:29:34.890955,571.7,cam_01,ONLINE,0.41,0,1333,3142,1
2026-08-27T16:29:34.890955,571.7,cam_02,ONLINE,0.42,0,1445,3138,1
2026-08-27T16:29:34.890955,571.7,cam_03,ONLINE,0.42,0,1239,2945,1
2026-08-27T16:29:34.890955,571.7,cam_04,ONLINE,0.42,0,969,903,1
2026-08-27T16:29:34.890955,571.7,cam_05,ONLINE,1.98,0,1011,2732,1
2026-08-27T16:29:34.890955,571.7,cam_06,ONLINE,0.38,0,1194,2999,1
2026-08-27T16:29:34.890955,571.7,cam_07,ONLINE,0.41,0,1052,1145,1
2026-08-27T16:29:34.890955,571.7,cam_08,ONLINE,0.36,0,1100,2823,1
2026-08-27T16:29:34.890955,571.7,cam_09,ONLINE,0.5,0,1392,3081,1
2026-08-27T16:29:34.890955,571.7,cam_10,ONLINE,0.33,0,1348,3076,1
2026-08-27T16:29:34.890955,571.7,cam_11,ONLINE,0.56,0,1258,3019,1
2026-08-27T16:29:34.890955,571.7,cam_12,ONLINE,0.41,0,1058,1826,1
2026-08-27T16:29:34.890955,571.7,cam_13,ONLINE,1.94,0,1044,2691,1
2026-08-27T16:29:34.890955,571.7,cam_14,ONLINE,0.42,0,1076,2391,1
2026-08-27T16:29:34.890955,571.7,cam_15,ONLINE,1.19,0,1129,2878,1
2026-08-27T16:29:44.913051,581.8,cam_01,ONLINE,0.25,0,1361,3208,1
2026-08-27T16:29:44.913051,581.8,cam_02,ONLINE,0.01,0,1474,3205,1
2026-08-27T16:29:44.913051,581.8,cam_03,ONLINE,0.42,0,1266,3010,1
2026-08-27T16:29:44.913051,581.8,cam_04,ONLINE,0.64,0,992,967,1
2026-08-27T16:29:44.913051,581.8,cam_05,ONLINE,0.45,0,1039,2819,1
2026-08-27T16:29:44.913051,581.8,cam_06,ONLINE,0.45,0,1222,3064,1
2026-08-27T16:29:44.913051,581.8,cam_07,ONLINE,0.38,0,1079,1211,1
2026-08-27T16:29:44.913051,581.8,cam_08,ONLINE,0.38,0,1129,2888,1
2026-08-27T16:29:44.913051,581.8,cam_09,ONLINE,0.36,0,1410,3146,1
2026-08-27T16:29:44.913051,581.8,cam_10,ONLINE,1.03,0,1374,3137,1
2026-08-27T16:29:44.913051,581.8,cam_11,ONLINE,0.3,0,1279,3086,1
2026-08-27T16:29:44.913051,581.8,cam_12,ONLINE,0.25,0,1090,1892,1
2026-08-27T16:29:44.913051,581.8,cam_13,STALE,3.88,0,1045,2701,0
2026-08-27T16:29:44.913051,581.8,cam_14,ONLINE,0.55,0,1103,2455,1
2026-08-27T16:29:44.913051,581.8,cam_15,ONLINE,0.42,0,1144,2947,1
2026-08-27T16:29:54.949467,591.8,cam_01,ONLINE,0.22,0,1389,3281,1
2026-08-27T16:29:54.949467,591.8,cam_02,ONLINE,0.17,0,1498,3278,1
2026-08-27T16:29:54.949467,591.8,cam_03,ONLINE,0.16,0,1288,3085,1
2026-08-27T16:29:54.949467,591.8,cam_04,ONLINE,0.28,0,1015,1041,1
2026-08-27T16:29:54.949467,591.8,cam_05,ONLINE,0.12,0,1064,2894,1
2026-08-27T16:29:54.949467,591.8,cam_06,ONLINE,0.09,0,1246,3139,1
2026-08-27T16:29:54.949467,591.8,cam_07,ONLINE,0.56,0,1093,1280,1
2026-08-27T16:29:54.949467,591.8,cam_08,ONLINE,0.52,0,1152,2960,1
2026-08-27T16:29:54.949467,591.8,cam_09,ONLINE,0.38,0,1429,3220,1
2026-08-27T16:29:54.949467,591.8,cam_10,ONLINE,0.39,0,1396,3214,1
2026-08-27T16:29:54.949467,591.8,cam_11,ONLINE,0.3,0,1304,3159,1
2026-08-27T16:29:54.949467,591.8,cam_12,ONLINE,0.28,0,1117,1966,1
2026-08-27T16:29:54.949467,591.8,cam_13,ONLINE,0.33,0,1063,2841,1
2026-08-27T16:29:54.949467,591.8,cam_14,ONLINE,0.25,0,1130,2530,1
2026-08-27T16:29:54.949467,591.8,cam_15,ONLINE,0.45,0,1168,3017,1
2026-08-27T16:30:04.977499,601.8,cam_01,ONLINE,0.38,0,1422,3353,1
2026-08-27T16:30:04.977499,601.8,cam_02,ONLINE,0.39,0,1534,3346,1
2026-08-27T16:30:04.977499,601.8,cam_03,ONLINE,0.33,0,1321,3156,1
2026-08-27T16:30:04.977499,601.8,cam_04,STALE,3.06,0,1025,1072,0
2026-08-27T16:30:04.977499,601.8,cam_05,ONLINE,0.25,0,1090,2966,1
2026-08-27T16:30:04.977499,601.8,cam_06,ONLINE,0.22,0,1273,3199,1
2026-08-27T16:30:04.977499,601.8,cam_07,ONLINE,0.27,0,1128,1355,1
2026-08-27T16:30:04.977499,601.8,cam_08,ONLINE,1.75,0,1180,3024,1
2026-08-27T16:30:04.977499,601.8,cam_09,ONLINE,0.14,0,1463,3294,1
2026-08-27T16:30:04.977499,601.8,cam_10,ONLINE,0.44,0,1433,3286,1
2026-08-27T16:30:04.977499,601.8,cam_11,ONLINE,0.33,0,1331,3231,1
2026-08-27T16:30:04.977499,601.8,cam_12,ONLINE,0.53,0,1135,2032,1
2026-08-27T16:30:04.977499,601.8,cam_13,ONLINE,0.08,0,1099,2915,1
2026-08-27T16:30:04.977499,601.8,cam_14,ONLINE,0.64,0,1159,2600,1
2026-08-27T16:30:04.977499,601.8,cam_15,ONLINE,0.53,0,1198,3092,1
2026-08-27T16:30:15.045269,611.9,cam_01,ONLINE,0.09,0,1444,3421,1
2026-08-27T16:30:15.045269,611.9,cam_02,ONLINE,0.09,0,1557,3417,1
2026-08-27T16:30:15.045269,611.9,cam_03,ONLINE,0.11,0,1345,3225,1
2026-08-27T16:30:15.045269,611.9,cam_04,STALE,4.33,0,1026,1073,0
2026-08-27T16:30:15.045269,611.9,cam_05,ONLINE,0.08,0,1107,3033,1
2026-08-27T16:30:15.045269,611.9,cam_06,ONLINE,0.05,0,1292,3278,1
2026-08-27T16:30:15.045269,611.9,cam_07,ONLINE,0.16,0,1149,1419,1
2026-08-27T16:30:15.045269,611.9,cam_08,ONLINE,0.02,0,1186,3089,1
2026-08-27T16:30:15.045269,611.9,cam_09,ONLINE,0.05,0,1485,3361,1
2026-08-27T16:30:15.045269,611.9,cam_10,ONLINE,0.08,0,1457,3355,1
2026-08-27T16:30:15.045269,611.9,cam_11,ONLINE,0.09,0,1355,3299,1
2026-08-27T16:30:15.045269,611.9,cam_12,ONLINE,0.62,0,1154,2102,1
2026-08-27T16:30:15.045269,611.9,cam_13,ONLINE,0.14,0,1123,2981,1
2026-08-27T16:30:15.045269,611.9,cam_14,ONLINE,0.08,0,1184,2670,1
2026-08-27T16:30:15.045269,611.9,cam_15,ONLINE,0.67,0,1220,3157,1
2026-08-27T16:30:25.076400,621.9,cam_01,ONLINE,0.41,0,1481,3493,1
2026-08-27T16:30:25.076400,621.9,cam_02,ONLINE,0.52,0,1590,3488,1
2026-08-27T16:30:25.076400,621.9,cam_03,ONLINE,0.2,0,1379,3298,1
2026-08-27T16:30:25.076400,621.9,cam_04,STALE,14.91,0,1026,1073,0
2026-08-27T16:30:25.076400,621.9,cam_05,ONLINE,0.14,0,1112,3044,1
2026-08-27T16:30:25.076400,621.9,cam_06,ONLINE,0.2,0,1326,3351,1
2026-08-27T16:30:25.076400,621.9,cam_07,ONLINE,0.28,0,1181,1495,1
2026-08-27T16:30:25.076400,621.9,cam_08,ONLINE,0.5,0,1222,3173,1
2026-08-27T16:30:25.076400,621.9,cam_09,ONLINE,0.28,0,1519,3433,1
2026-08-27T16:30:25.076400,621.9,cam_10,ONLINE,0.17,0,1493,3428,1
2026-08-27T16:30:25.076400,621.9,cam_11,ONLINE,0.67,0,1388,3369,1
2026-08-27T16:30:25.076400,621.9,cam_12,ONLINE,0.17,0,1187,2179,1
2026-08-27T16:30:25.076400,621.9,cam_13,ONLINE,0.22,0,1156,3054,1
2026-08-27T16:30:25.076400,621.9,cam_14,ONLINE,0.58,0,1215,2738,1
2026-08-27T16:30:25.076400,621.9,cam_15,STALE,4.02,0,1222,3171,0
2026-08-27T16:30:35.099823,631.9,cam_01,ONLINE,0.75,0,1513,3556,1
2026-08-27T16:30:35.099823,631.9,cam_02,ONLINE,0.7,0,1618,3552,1
2026-08-27T16:30:35.099823,631.9,cam_03,ONLINE,0.62,0,1408,3356,1
2026-08-27T16:30:35.099823,631.9,cam_04,ONLINE,0.42,0,1032,20,1
2026-08-27T16:30:35.099823,631.9,cam_05,ONLINE,0.44,0,1137,3169,1
2026-08-27T16:30:35.099823,631.9,cam_06,ONLINE,0.5,0,1350,3415,1
2026-08-27T16:30:35.099823,631.9,cam_07,ONLINE,0.33,0,1214,1560,1
2026-08-27T16:30:35.099823,631.9,cam_08,ONLINE,0.84,0,1254,3236,1
2026-08-27T16:30:35.099823,631.9,cam_09,ONLINE,0.81,0,1549,3495,1
2026-08-27T16:30:35.099823,631.9,cam_10,ONLINE,0.7,0,1519,3490,1
2026-08-27T16:30:35.099823,631.9,cam_11,ONLINE,0.77,0,1412,3425,1
2026-08-27T16:30:35.099823,631.9,cam_12,ONLINE,0.69,0,1213,2241,1
2026-08-27T16:30:35.099823,631.9,cam_13,ONLINE,0.86,0,1183,3115,1
2026-08-27T16:30:35.099823,631.9,cam_14,ONLINE,0.69,0,1232,2805,1
2026-08-27T16:30:35.099823,631.9,cam_15,STALE,5.19,0,1223,3172,0
2026-08-27T16:30:45.130289,642.0,cam_01,ONLINE,0.33,0,1542,3632,1
2026-08-27T16:30:45.130289,642.0,cam_02,ONLINE,0.22,0,1647,3629,1
2026-08-27T16:30:45.130289,642.0,cam_03,ONLINE,0.38,0,1434,3436,1
2026-08-27T16:30:45.130289,642.0,cam_04,ONLINE,0.12,0,1056,95,1
2026-08-27T16:30:45.130289,642.0,cam_05,ONLINE,0.73,0,1158,3240,1
2026-08-27T16:30:45.130289,642.0,cam_06,ONLINE,0.8,0,1378,3486,1
2026-08-27T16:30:45.130289,642.0,cam_07,ONLINE,0.62,0,1236,1631,1
2026-08-27T16:30:45.130289,642.0,cam_08,ONLINE,0.56,0,1280,3311,1
2026-08-27T16:30:45.130289,642.0,cam_09,ONLINE,1.24,0,1575,3565,1
2026-08-27T16:30:45.130289,642.0,cam_10,ONLINE,0.61,0,1549,3564,1
2026-08-27T16:30:45.130289,642.0,cam_11,ONLINE,0.62,0,1435,3508,1
2026-08-27T16:30:45.130289,642.0,cam_12,ONLINE,0.31,0,1243,2317,1
2026-08-27T16:30:45.130289,642.0,cam_13,ONLINE,0.31,0,1209,3192,1
2026-08-27T16:30:45.130289,642.0,cam_14,ONLINE,0.34,0,1260,2881,1
2026-08-27T16:30:45.130289,642.0,cam_15,OFFLINE,7.39,0,1224,3199,0
2026-08-27T16:30:55.160241,652.0,cam_01,ONLINE,0.28,0,1561,3705,1
2026-08-27T16:30:55.160241,652.0,cam_02,ONLINE,0.34,0,1674,3701,1
2026-08-27T16:30:55.160241,652.0,cam_03,ONLINE,0.48,0,1460,3508,1
2026-08-27T16:30:55.160241,652.0,cam_04,ONLINE,0.55,0,1083,165,1
2026-08-27T16:30:55.160241,652.0,cam_05,ONLINE,0.53,0,1187,3315,1
2026-08-27T16:30:55.160241,652.0,cam_06,ONLINE,0.48,0,1404,3561,1
2026-08-27T16:30:55.160241,652.0,cam_07,ONLINE,0.42,0,1263,1706,1
2026-08-27T16:30:55.160241,652.0,cam_08,ONLINE,0.42,0,1307,3385,1
2026-08-27T16:30:55.160241,652.0,cam_09,ONLINE,0.42,0,1597,3644,1
2026-08-27T16:30:55.160241,652.0,cam_10,ONLINE,0.34,0,1573,3639,1
2026-08-27T16:30:55.160241,652.0,cam_11,ONLINE,0.34,0,1464,3583,1
2026-08-27T16:30:55.160241,652.0,cam_12,ONLINE,0.42,0,1269,2389,1
2026-08-27T16:30:55.160241,652.0,cam_13,ONLINE,0.23,0,1240,3266,1
2026-08-27T16:30:55.160241,652.0,cam_14,ONLINE,0.3,0,1285,2954,1
2026-08-27T16:30:55.160241,652.0,cam_15,ONLINE,0.28,0,1238,47,1
2026-08-27T16:31:05.188895,662.0,cam_01,ONLINE,0.44,0,1588,3770,1
2026-08-27T16:31:05.188895,662.0,cam_02,ONLINE,0.5,0,1699,3766,1
2026-08-27T16:31:05.188895,662.0,cam_03,ONLINE,0.5,0,1488,3574,1
2026-08-27T16:31:05.188895,662.0,cam_04,ONLINE,0.86,0,1109,229,1
2026-08-27T16:31:05.188895,662.0,cam_05,ONLINE,0.59,0,1214,3380,1
2026-08-27T16:31:05.188895,662.0,cam_06,ONLINE,0.41,0,1430,3627,1
2026-08-27T16:31:05.188895,662.0,cam_07,ONLINE,0.38,0,1286,1772,1
2026-08-27T16:31:05.188895,662.0,cam_08,ONLINE,0.28,0,1330,3452,1
2026-08-27T16:31:05.188895,662.0,cam_09,ONLINE,0.28,0,1623,3711,1
2026-08-27T16:31:05.188895,662.0,cam_10,ONLINE,0.16,0,1598,3706,1
2026-08-27T16:31:05.188895,662.0,cam_11,ONLINE,0.17,0,1489,3649,1
2026-08-27T16:31:05.188895,662.0,cam_12,ONLINE,0.19,0,1294,2457,1
2026-08-27T16:31:05.188895,662.0,cam_13,ONLINE,0.38,0,1266,3331,1
2026-08-27T16:31:05.188895,662.0,cam_14,ONLINE,0.59,0,1302,3018,1
2026-08-27T16:31:05.188895,662.0,cam_15,ONLINE,0.56,0,1260,111,1
2026-08-27T16:31:15.251641,672.1,cam_01,ONLINE,0.22,0,1612,3845,1
2026-08-27T16:31:15.251641,672.1,cam_02,ONLINE,0.11,0,1723,3842,1
2026-08-27T16:31:15.251641,672.1,cam_03,ONLINE,0.11,0,1511,3650,1
2026-08-27T16:31:15.251641,672.1,cam_04,ONLINE,0.23,0,1134,307,1
2026-08-27T16:31:15.251641,672.1,cam_05,ONLINE,0.41,0,1235,3451,1
2026-08-27T16:31:15.251641,672.1,cam_06,ONLINE,0.12,0,1455,3703,1
2026-08-27T16:31:15.251641,672.1,cam_07,ONLINE,0.11,0,1312,1847,1
2026-08-27T16:31:15.251641,672.1,cam_08,ONLINE,0.19,0,1354,3526,1
2026-08-27T16:31:15.251641,672.1,cam_09,ONLINE,0.19,0,1645,3785,1
2026-08-27T16:31:15.251641,672.1,cam_10,ONLINE,0.25,0,1619,3779,1
2026-08-27T16:31:15.251641,672.1,cam_11,ONLINE,0.86,0,1510,3719,1
2026-08-27T16:31:15.251641,672.1,cam_12,ONLINE,0.23,0,1319,2530,1
2026-08-27T16:31:15.251641,672.1,cam_13,ONLINE,0.14,0,1291,3406,1
2026-08-27T16:31:15.251641,672.1,cam_14,ONLINE,0.23,0,1328,3094,1
2026-08-27T16:31:15.251641,672.1,cam_15,ONLINE,0.19,0,1285,187,1
2026-08-27T16:31:25.282575,682.1,cam_01,ONLINE,0.25,0,1642,3911,1
2026-08-27T16:31:25.282575,682.1,cam_02,ONLINE,0.28,0,1746,3907,1
2026-08-27T16:31:25.282575,682.1,cam_03,ONLINE,0.44,0,1540,3714,1
2026-08-27T16:31:25.282575,682.1,cam_04,ONLINE,0.31,0,1161,372,1
2026-08-27T16:31:25.282575,682.1,cam_05,ONLINE,0.86,0,1256,3518,1
2026-08-27T16:31:25.282575,682.1,cam_06,ONLINE,0.55,0,1479,3766,1
2026-08-27T16:31:25.282575,682.1,cam_07,ONLINE,0.17,0,1336,1913,1
2026-08-27T16:31:25.282575,682.1,cam_08,ONLINE,0.19,0,1379,3592,1
2026-08-27T16:31:25.282575,682.1,cam_09,ONLINE,0.62,0,1670,3848,1
2026-08-27T16:31:25.282575,682.1,cam_10,ONLINE,0.41,0,1643,3844,1
2026-08-27T16:31:25.282575,682.1,cam_11,ONLINE,0.34,0,1535,3788,1
2026-08-27T16:31:25.282575,682.1,cam_12,ONLINE,0.53,0,1343,2594,1
2026-08-27T16:31:25.282575,682.1,cam_13,ONLINE,0.59,0,1317,3469,1
2026-08-27T16:31:25.282575,682.1,cam_14,ONLINE,0.38,0,1351,3159,1
2026-08-27T16:31:25.282575,682.1,cam_15,ONLINE,0.28,0,1308,252,1
2026-08-27T16:31:35.313837,692.2,cam_01,ONLINE,0.12,0,1668,3985,1
2026-08-27T16:31:35.313837,692.2,cam_02,ONLINE,0.62,0,1772,3978,1
2026-08-27T16:31:35.313837,692.2,cam_03,ONLINE,0.27,0,1565,3788,1
2026-08-27T16:31:35.313837,692.2,cam_04,ONLINE,0.11,0,1188,447,1
2026-08-27T16:31:35.313837,692.2,cam_05,ONLINE,0.31,0,1284,3595,1
2026-08-27T16:31:35.313837,692.2,cam_06,ONLINE,0.28,0,1497,3841,1
2026-08-27T16:31:35.313837,692.2,cam_07,ONLINE,0.2,0,1363,1986,1
2026-08-27T16:31:35.313837,692.2,cam_08,ONLINE,0.08,0,1406,3666,1
2026-08-27T16:31:35.313837,692.2,cam_09,ONLINE,0.05,0,1696,3925,1
2026-08-27T16:31:35.313837,692.2,cam_10,ONLINE,0.42,0,1671,3917,1
2026-08-27T16:31:35.313837,692.2,cam_11,ONLINE,0.39,0,1564,3861,1
2026-08-27T16:31:35.313837,692.2,cam_12,ONLINE,0.23,0,1369,2669,1
2026-08-27T16:31:35.313837,692.2,cam_13,ONLINE,0.31,0,1347,3544,1
2026-08-27T16:31:35.313837,692.2,cam_14,ONLINE,0.11,0,1380,3234,1
2026-08-27T16:31:35.313837,692.2,cam_15,ONLINE,0.19,0,1337,326,1
2026-08-27T16:31:45.340603,702.2,cam_01,ONLINE,0.52,0,1690,4048,1
2026-08-27T16:31:45.340603,702.2,cam_02,ONLINE,0.27,0,1796,4046,1
2026-08-27T16:31:45.340603,702.2,cam_03,ONLINE,0.3,0,1590,3854,1
2026-08-27T16:31:45.340603,702.2,cam_04,ONLINE,0.33,0,1211,511,1
2026-08-27T16:31:45.340603,702.2,cam_05,ONLINE,1.45,0,1301,3651,1
2026-08-27T16:31:45.340603,702.2,cam_06,ONLINE,0.42,0,1521,3906,1
2026-08-27T16:31:45.340603,702.2,cam_07,ONLINE,0.27,0,1386,2051,1
2026-08-27T16:31:45.340603,702.2,cam_08,ONLINE,0.36,0,1425,3730,1
2026-08-27T16:31:45.340603,702.2,cam_09,ONLINE,2.61,0,1711,3967,1
2026-08-27T16:31:45.340603,702.2,cam_10,ONLINE,0.27,0,1696,3984,1
2026-08-27T16:31:45.340603,702.2,cam_11,ONLINE,0.41,0,1588,3927,1
2026-08-27T16:31:45.340603,702.2,cam_12,ONLINE,0.39,0,1393,2734,1
2026-08-27T16:31:45.340603,702.2,cam_13,ONLINE,0.33,0,1373,3610,1
2026-08-27T16:31:45.340603,702.2,cam_14,ONLINE,0.39,0,1404,3298,1
2026-08-27T16:31:45.340603,702.2,cam_15,ONLINE,0.34,0,1352,391,1
2026-08-27T16:31:55.365944,712.2,cam_01,ONLINE,2.09,0,1717,4111,1
2026-08-27T16:31:55.365944,712.2,cam_02,ONLINE,0.12,0,1832,4121,1
2026-08-27T16:31:55.365944,712.2,cam_03,ONLINE,0.25,0,1622,3928,1
2026-08-27T16:31:55.365944,712.2,cam_04,ONLINE,0.06,0,1241,587,1
2026-08-27T16:31:55.365944,712.2,cam_05,STALE,4.31,0,1314,3707,0
2026-08-27T16:31:55.365944,712.2,cam_06,ONLINE,0.14,0,1555,3982,1
2026-08-27T16:31:55.365944,712.2,cam_07,ONLINE,0.19,0,1415,2126,1
2026-08-27T16:31:55.365944,712.2,cam_08,ONLINE,0.17,0,1458,3805,1
2026-08-27T16:31:55.365944,712.2,cam_09,ONLINE,0.47,0,1728,4051,1
2026-08-27T16:31:55.365944,712.2,cam_10,ONLINE,0.05,0,1728,4055,1
2026-08-27T16:31:55.365944,712.2,cam_11,ONLINE,0.11,0,1624,4003,1
2026-08-27T16:31:55.365944,712.2,cam_12,ONLINE,0.06,0,1426,2810,1
2026-08-27T16:31:55.365944,712.2,cam_13,ONLINE,0.11,0,1405,3685,1
2026-08-27T16:31:55.365944,712.2,cam_14,ONLINE,0.06,0,1436,3374,1
2026-08-27T16:31:55.365944,712.2,cam_15,ONLINE,0.91,0,1373,451,1
2026-08-27T16:32:05.380278,722.2,cam_01,STALE,3.23,0,1718,4112,0
2026-08-27T16:32:05.380278,722.2,cam_02,ONLINE,0.61,0,1853,4184,1
2026-08-27T16:32:05.380278,722.2,cam_03,ONLINE,0.34,0,1643,3994,1
2026-08-27T16:32:05.380278,722.2,cam_04,ONLINE,0.34,0,1260,651,1
2026-08-27T16:32:05.380278,722.2,cam_05,ONLINE,0.3,0,1332,3801,1
2026-08-27T16:32:05.380278,722.2,cam_06,ONLINE,0.27,0,1574,4047,1
2026-08-27T16:32:05.380278,722.2,cam_07,ONLINE,1.3,0,1433,2184,1
2026-08-27T16:32:05.380278,722.2,cam_08,ONLINE,0.27,0,1476,3871,1
2026-08-27T16:32:05.380278,722.2,cam_09,ONLINE,0.27,0,1750,4119,1
2026-08-27T16:32:05.380278,722.2,cam_10,ONLINE,0.31,0,1742,4124,1
2026-08-27T16:32:05.380278,722.2,cam_11,ONLINE,0.16,0,1644,4069,1
2026-08-27T16:32:05.380278,722.2,cam_12,ONLINE,0.84,0,1445,2871,1
2026-08-27T16:32:05.380278,722.2,cam_13,ONLINE,0.64,0,1423,3748,1
2026-08-27T16:32:05.380278,722.2,cam_14,ONLINE,0.55,0,1456,3437,1
2026-08-27T16:32:05.380278,722.2,cam_15,ONLINE,0.48,0,1384,525,1
2026-08-27T16:32:15.426011,732.3,cam_01,OFFLINE,5.77,0,1719,4130,0
2026-08-27T16:32:15.426011,732.3,cam_02,ONLINE,0.62,0,1885,4259,1
2026-08-27T16:32:15.426011,732.3,cam_03,ONLINE,0.77,0,1671,4066,1
2026-08-27T16:32:15.426011,732.3,cam_04,ONLINE,0.66,0,1291,724,1
2026-08-27T16:32:15.426011,732.3,cam_05,ONLINE,0.58,0,1362,3874,1
2026-08-27T16:32:15.426011,732.3,cam_06,ONLINE,0.55,0,1605,4120,1
2026-08-27T16:32:15.426011,732.3,cam_07,ONLINE,0.47,0,1462,2265,1
2026-08-27T16:32:15.426011,732.3,cam_08,ONLINE,0.48,0,1503,3944,1
2026-08-27T16:32:15.426011,732.3,cam_09,ONLINE,0.62,0,1778,4191,1
2026-08-27T16:32:15.426011,732.3,cam_10,ONLINE,0.97,0,1772,4194,1
2026-08-27T16:32:15.426011,732.3,cam_11,ONLINE,0.86,0,1671,4139,1
2026-08-27T16:32:15.426011,732.3,cam_12,ONLINE,1.45,0,1473,2934,1
2026-08-27T16:32:15.426011,732.3,cam_13,ONLINE,0.72,0,1457,3822,1
2026-08-27T16:32:15.426011,732.3,cam_14,ONLINE,0.73,0,1485,3511,1
2026-08-27T16:32:15.426011,732.3,cam_15,ONLINE,0.64,0,1414,599,1
2026-08-27T16:32:25.453086,742.3,cam_01,ONLINE,0.48,0,1727,25,1
2026-08-27T16:32:25.453086,742.3,cam_02,ONLINE,0.59,0,1909,4325,1
2026-08-27T16:32:25.453086,742.3,cam_03,ONLINE,0.45,0,1699,4134,1
2026-08-27T16:32:25.453086,742.3,cam_04,ONLINE,0.5,0,1317,791,1
2026-08-27T16:32:25.453086,742.3,cam_05,STALE,3.89,0,1376,3917,0
2026-08-27T16:32:25.453086,742.3,cam_06,ONLINE,0.41,0,1630,4187,1
2026-08-27T16:32:25.453086,742.3,cam_07,ONLINE,0.41,0,1489,2331,1
2026-08-27T16:32:25.453086,742.3,cam_08,ONLINE,0.25,0,1521,4012,1
2026-08-27T16:32:25.453086,742.3,cam_09,ONLINE,0.25,0,1803,4260,1
2026-08-27T16:32:25.453086,742.3,cam_10,ONLINE,0.58,0,1798,4263,1
2026-08-27T16:32:25.453086,742.3,cam_11,ONLINE,0.73,0,1701,4206,1
2026-08-27T16:32:25.453086,742.3,cam_12,ONLINE,0.81,0,1498,3012,1
2026-08-27T16:32:25.453086,742.3,cam_13,ONLINE,0.5,0,1484,3890,1
2026-08-27T16:32:25.453086,742.3,cam_14,ONLINE,0.56,0,1507,3578,1
2026-08-27T16:32:25.453086,742.3,cam_15,ONLINE,0.48,0,1441,666,1
2026-08-27T16:32:35.465442,752.3,cam_01,ONLINE,0.36,0,1763,100,1
2026-08-27T16:32:35.465442,752.3,cam_02,ONLINE,0.23,0,1938,4401,1
2026-08-27T16:32:35.465442,752.3,cam_03,ONLINE,0.2,0,1731,4209,1
2026-08-27T16:32:35.465442,752.3,cam_04,ONLINE,0.19,0,1344,867,1
2026-08-27T16:32:35.465442,752.3,cam_05,ONLINE,0.08,0,1393,4017,1
2026-08-27T16:32:35.465442,752.3,cam_06,ONLINE,0.12,0,1659,4263,1
2026-08-27T16:32:35.465442,752.3,cam_07,ONLINE,0.11,0,1511,2407,1
2026-08-27T16:32:35.465442,752.3,cam_08,ONLINE,0.34,0,1553,4085,1
2026-08-27T16:32:35.465442,752.3,cam_09,ONLINE,0.8,0,1830,4330,1
2026-08-27T16:32:35.465442,752.3,cam_10,ONLINE,0.83,0,1817,4335,1
2026-08-27T16:32:35.465442,752.3,cam_11,ONLINE,0.86,0,1730,4279,1
2026-08-27T16:32:35.465442,752.3,cam_12,ONLINE,0.91,0,1522,3085,1
2026-08-27T16:32:35.465442,752.3,cam_13,ONLINE,0.66,0,1513,3960,1
2026-08-27T16:32:35.465442,752.3,cam_14,ONLINE,0.69,0,1538,3651,1
2026-08-27T16:32:35.465442,752.3,cam_15,ONLINE,0.56,0,1473,740,1
2026-08-27T16:32:45.504778,762.3,cam_01,ONLINE,0.56,0,1783,165,1
2026-08-27T16:32:45.504778,762.3,cam_02,ONLINE,0.48,0,1963,4466,1
2026-08-27T16:32:45.504778,762.3,cam_03,ONLINE,0.36,0,1758,4275,1
2026-08-27T16:32:45.504778,762.3,cam_04,ONLINE,0.7,0,1366,930,1
2026-08-27T16:32:45.504778,762.3,cam_05,ONLINE,0.36,0,1414,4082,1
2026-08-27T16:32:45.504778,762.3,cam_06,ONLINE,0.31,0,1684,4328,1
2026-08-27T16:32:45.504778,762.3,cam_07,ONLINE,0.23,0,1534,2473,1
2026-08-27T16:32:45.504778,762.3,cam_08,ONLINE,0.31,0,1577,4152,1
2026-08-27T16:32:45.504778,762.3,cam_09,ONLINE,0.42,0,1852,4399,1
2026-08-27T16:32:45.504778,762.3,cam_10,ONLINE,0.42,0,1839,4404,1
2026-08-27T16:32:45.504778,762.3,cam_11,ONLINE,0.5,0,1754,4347,1
2026-08-27T16:32:45.504778,762.3,cam_12,ONLINE,0.31,0,1546,3155,1
2026-08-27T16:32:45.504778,762.3,cam_13,ONLINE,0.39,0,1531,4031,1
2026-08-27T16:32:45.504778,762.3,cam_14,ONLINE,0.38,0,1563,3719,1
2026-08-27T16:32:45.504778,762.3,cam_15,ONLINE,1.95,0,1492,797,1
2026-08-27T16:32:55.526883,772.4,cam_01,ONLINE,0.22,0,1813,241,1
2026-08-27T16:32:55.526883,772.4,cam_02,ONLINE,0.12,0,1993,4542,1
2026-08-27T16:32:55.526883,772.4,cam_03,ONLINE,0.25,0,1789,4349,1
2026-08-27T16:32:55.526883,772.4,cam_04,ONLINE,0.22,0,1397,1007,1
2026-08-27T16:32:55.526883,772.4,cam_05,ONLINE,0.22,0,1442,4156,1
2026-08-27T16:32:55.526883,772.4,cam_06,ONLINE,0.14,0,1717,4403,1
2026-08-27T16:32:55.526883,772.4,cam_07,ONLINE,0.22,0,1567,2546,1
2026-08-27T16:32:55.526883,772.4,cam_08,ONLINE,0.19,0,1605,4226,1
2026-08-27T16:32:55.526883,772.4,cam_09,ONLINE,0.19,0,1885,4474,1
2026-08-27T16:32:55.526883,772.4,cam_10,ONLINE,0.22,0,1870,4479,1
2026-08-27T16:32:55.526883,772.4,cam_11,ONLINE,0.78,0,1774,4419,1
2026-08-27T16:32:55.526883,772.4,cam_12,ONLINE,1.08,0,1578,3222,1
2026-08-27T16:32:55.526883,772.4,cam_13,ONLINE,0.25,0,1561,4105,1
2026-08-27T16:32:55.526883,772.4,cam_14,ONLINE,0.22,0,1594,3794,1
2026-08-27T16:32:55.526883,772.4,cam_15,ONLINE,0.17,0,1522,882,1
2026-08-27T16:33:05.540365,782.4,cam_01,ONLINE,0.58,0,1824,312,1
2026-08-27T16:33:05.540365,782.4,cam_02,ONLINE,0.59,0,2019,4612,1
2026-08-27T16:33:05.540365,782.4,cam_03,ONLINE,0.64,0,1812,4420,1
2026-08-27T16:33:05.540365,782.4,cam_04,ONLINE,0.36,0,1422,1079,1
2026-08-27T16:33:05.540365,782.4,cam_05,ONLINE,0.45,0,1466,4228,1
2026-08-27T16:33:05.540365,782.4,cam_06,ONLINE,0.27,0,1740,4475,1
2026-08-27T16:33:05.540365,782.4,cam_07,ONLINE,0.47,0,1592,2618,1
2026-08-27T16:33:05.540365,782.4,cam_08,ONLINE,0.27,0,1630,4299,1
2026-08-27T16:33:05.540365,782.4,cam_09,ONLINE,0.27,0,1910,4547,1
2026-08-27T16:33:05.540365,782.4,cam_10,ONLINE,0.47,0,1896,4551,1
2026-08-27T16:33:05.540365,782.4,cam_11,ONLINE,0.31,0,1798,4496,1
2026-08-27T16:33:05.540365,782.4,cam_12,ONLINE,0.58,0,1599,3301,1
2026-08-27T16:33:05.540365,782.4,cam_13,ONLINE,0.62,0,1583,4176,1
2026-08-27T16:33:05.540365,782.4,cam_14,ONLINE,0.58,0,1621,3865,1
2026-08-27T16:33:05.540365,782.4,cam_15,ONLINE,0.55,0,1546,954,1
2026-08-27T16:33:15.606457,792.4,cam_01,ONLINE,2.03,0,1845,366,1
2026-08-27T16:33:15.606457,792.4,cam_02,ONLINE,0.06,0,2041,4682,1
2026-08-27T16:33:15.606457,792.4,cam_03,ONLINE,0.06,0,1840,4490,1
2026-08-27T16:33:15.606457,792.4,cam_04,ONLINE,0.14,0,1446,1147,1
2026-08-27T16:33:15.606457,792.4,cam_05,ONLINE,0.36,0,1491,4295,1
2026-08-27T16:33:15.606457,792.4,cam_06,ONLINE,0.34,0,1758,4541,1
2026-08-27T16:33:15.606457,792.4,cam_07,ONLINE,0.25,0,1616,2686,1
2026-08-27T16:33:15.606457,792.4,cam_08,ONLINE,0.25,0,1654,4365,1
2026-08-27T16:33:15.606457,792.4,cam_09,ONLINE,0.36,0,1934,4612,1
2026-08-27T16:33:15.606457,792.4,cam_10,ONLINE,0.16,0,1921,4619,1
2026-08-27T16:33:15.606457,792.4,cam_11,ONLINE,0.17,0,1823,4563,1
2026-08-27T16:33:15.606457,792.4,cam_12,ONLINE,0.16,0,1621,3370,1
2026-08-27T16:33:15.606457,792.4,cam_13,ONLINE,0.08,0,1612,4246,1
2026-08-27T16:33:15.606457,792.4,cam_14,ONLINE,0.16,0,1649,3934,1
2026-08-27T16:33:15.606457,792.4,cam_15,ONLINE,0.11,0,1571,1023,1
2026-08-27T16:33:25.634731,802.5,cam_01,ONLINE,0.44,0,1869,453,1
2026-08-27T16:33:25.634731,802.5,cam_02,ONLINE,0.72,0,2070,4751,1
2026-08-27T16:33:25.634731,802.5,cam_03,ONLINE,0.45,0,1870,4561,1
2026-08-27T16:33:25.634731,802.5,cam_04,ONLINE,0.67,0,1474,1217,1
2026-08-27T16:33:25.634731,802.5,cam_05,ONLINE,0.45,0,1519,4368,1
2026-08-27T16:33:25.634731,802.5,cam_06,ONLINE,0.38,0,1789,4614,1
2026-08-27T16:33:25.634731,802.5,cam_07,ONLINE,0.33,0,1645,2759,1
2026-08-27T16:33:25.634731,802.5,cam_08,ONLINE,0.25,0,1684,4439,1
2026-08-27T16:33:25.634731,802.5,cam_09,ONLINE,0.25,0,1959,4687,1
2026-08-27T16:33:25.634731,802.5,cam_10,ONLINE,0.41,0,1952,4691,1
2026-08-27T16:33:25.634731,802.5,cam_11,ONLINE,0.27,0,1842,4636,1
2026-08-27T16:33:25.634731,802.5,cam_12,ONLINE,0.44,0,1645,3442,1
2026-08-27T16:33:25.634731,802.5,cam_13,STALE,4.5,0,1623,4280,0
2026-08-27T16:33:25.634731,802.5,cam_14,ONLINE,0.7,0,1678,4004,1
2026-08-27T16:33:25.634731,802.5,cam_15,ONLINE,0.52,0,1601,1094,1
2026-08-27T16:33:35.670546,812.5,cam_01,ONLINE,0.3,0,1888,518,1
2026-08-27T16:33:35.670546,812.5,cam_02,ONLINE,0.3,0,2090,4821,1
2026-08-27T16:33:35.670546,812.5,cam_03,ONLINE,0.33,0,1884,4629,1
2026-08-27T16:33:35.670546,812.5,cam_04,ONLINE,0.27,0,1494,1287,1
2026-08-27T16:33:35.670546,812.5,cam_05,ONLINE,0.48,0,1537,4435,1
2026-08-27T16:33:35.670546,812.5,cam_06,ONLINE,0.3,0,1807,4682,1
2026-08-27T16:33:35.670546,812.5,cam_07,ONLINE,0.28,0,1664,2826,1
2026-08-27T16:33:35.670546,812.5,cam_08,ONLINE,0.23,0,1703,4506,1
2026-08-27T16:33:35.670546,812.5,cam_09,ONLINE,0.5,0,1977,4752,1
2026-08-27T16:33:35.670546,812.5,cam_10,ONLINE,0.3,0,1970,4759,1
2026-08-27T16:33:35.670546,812.5,cam_11,ONLINE,0.3,0,1859,4703,1
2026-08-27T16:33:35.670546,812.5,cam_12,ONLINE,0.41,0,1663,3509,1
2026-08-27T16:33:35.670546,812.5,cam_13,ONLINE,1.34,0,1631,4377,1
2026-08-27T16:33:35.670546,812.5,cam_14,ONLINE,0.27,0,1693,4074,1
2026-08-27T16:33:35.670546,812.5,cam_15,ONLINE,0.38,0,1620,1162,1
2026-08-27T16:33:45.687186,822.5,cam_01,ONLINE,0.27,0,1910,589,1
2026-08-27T16:33:45.687186,822.5,cam_02,ONLINE,0.31,0,2111,4889,1
2026-08-27T16:33:45.687186,822.5,cam_03,ONLINE,0.27,0,1903,4697,1
2026-08-27T16:33:45.687186,822.5,cam_04,ONLINE,0.34,0,1519,1354,1
2026-08-27T16:33:45.687186,822.5,cam_05,ONLINE,0.31,0,1560,4504,1
2026-08-27T16:33:45.687186,822.5,cam_06,ONLINE,0.11,0,1828,4751,1
2026-08-27T16:33:45.687186,822.5,cam_07,ONLINE,0.16,0,1689,2895,1
2026-08-27T16:33:45.687186,822.5,cam_08,ONLINE,0.16,0,1718,4574,1
2026-08-27T16:33:45.687186,822.5,cam_09,ONLINE,0.53,0,1999,4820,1
2026-08-27T16:33:45.687186,822.5,cam_10,ONLINE,1.7,0,1988,4817,1
2026-08-27T16:33:45.687186,822.5,cam_11,ONLINE,1.64,0,1881,4761,1
2026-08-27T16:33:45.687186,822.5,cam_12,ONLINE,0.41,0,1682,3577,1
2026-08-27T16:33:45.687186,822.5,cam_13,ONLINE,0.41,0,1648,4452,1
2026-08-27T16:33:45.687186,822.5,cam_14,ONLINE,0.39,0,1714,4141,1
2026-08-27T16:33:45.687186,822.5,cam_15,ONLINE,0.28,0,1640,1230,1
2026-08-27T16:33:55.701210,832.5,cam_01,ONLINE,0.31,0,1935,663,1
2026-08-27T16:33:55.701210,832.5,cam_02,ONLINE,0.33,0,2135,4963,1
2026-08-27T16:33:55.701210,832.5,cam_03,ONLINE,0.33,0,1925,4771,1
2026-08-27T16:33:55.701210,832.5,cam_04,ONLINE,0.56,0,1537,1427,1
2026-08-27T16:33:55.701210,832.5,cam_05,ONLINE,0.56,0,1578,4576,1
2026-08-27T16:33:55.701210,832.5,cam_06,ONLINE,0.25,0,1850,4824,1
2026-08-27T16:33:55.701210,832.5,cam_07,ONLINE,0.2,0,1711,2969,1
2026-08-27T16:33:55.701210,832.5,cam_08,ONLINE,0.27,0,1740,4648,1
2026-08-27T16:33:55.701210,832.5,cam_09,ONLINE,0.14,0,2024,4897,1
2026-08-27T16:33:55.701210,832.5,cam_10,ONLINE,0.19,0,2005,4902,1
2026-08-27T16:33:55.701210,832.5,cam_11,ONLINE,0.17,0,1902,4846,1
2026-08-27T16:33:55.701210,832.5,cam_12,ONLINE,0.3,0,1702,3651,1
2026-08-27T16:33:55.701210,832.5,cam_13,ONLINE,0.38,0,1671,4527,1
2026-08-27T16:33:55.701210,832.5,cam_14,ONLINE,0.41,0,1736,4215,1
2026-08-27T16:33:55.701210,832.5,cam_15,ONLINE,0.8,0,1663,1301,1
2026-08-27T16:34:05.731958,842.6,cam_01,ONLINE,0.62,0,1951,727,1
2026-08-27T16:34:05.731958,842.6,cam_02,ONLINE,0.53,0,2157,5028,1
2026-08-27T16:34:05.731958,842.6,cam_03,ONLINE,0.58,0,1947,4836,1
2026-08-27T16:34:05.731958,842.6,cam_04,ONLINE,0.28,0,1561,1495,1
2026-08-27T16:34:05.731958,842.6,cam_05,ONLINE,0.27,0,1598,4645,1
2026-08-27T16:34:05.731958,842.6,cam_06,ONLINE,0.22,0,1872,4891,1
2026-08-27T16:34:05.731958,842.6,cam_07,ONLINE,0.28,0,1732,3035,1
2026-08-27T16:34:05.731958,842.6,cam_08,ONLINE,0.28,0,1763,4714,1
2026-08-27T16:34:05.731958,842.6,cam_09,ONLINE,0.3,0,2044,4962,1
2026-08-27T16:34:05.731958,842.6,cam_10,ONLINE,0.33,0,2027,4967,1
2026-08-27T16:34:05.731958,842.6,cam_11,ONLINE,0.69,0,1924,4909,1
2026-08-27T16:34:05.731958,842.6,cam_12,ONLINE,0.75,0,1723,3715,1
2026-08-27T16:34:05.731958,842.6,cam_13,ONLINE,0.7,0,1696,4591,1
2026-08-27T16:34:05.731958,842.6,cam_14,ONLINE,0.91,0,1759,4278,1
2026-08-27T16:34:05.731958,842.6,cam_15,ONLINE,0.69,0,1685,1368,1
2026-08-27T16:34:15.788897,852.6,cam_01,ONLINE,0.48,0,1981,802,1
2026-08-27T16:34:15.788897,852.6,cam_02,ONLINE,0.39,0,2187,5103,1
2026-08-27T16:34:15.788897,852.6,cam_03,ONLINE,0.39,0,1978,4911,1
2026-08-27T16:34:15.788897,852.6,cam_04,ONLINE,0.39,0,1582,1568,1
2026-08-27T16:34:15.788897,852.6,cam_05,ONLINE,1.81,0,1625,4708,1
2026-08-27T16:34:15.788897,852.6,cam_06,ONLINE,0.31,0,1891,4964,1
2026-08-27T16:34:15.788897,852.6,cam_07,ONLINE,0.11,0,1763,3110,1
2026-08-27T16:34:15.788897,852.6,cam_08,ONLINE,0.17,0,1790,4789,1
2026-08-27T16:34:15.788897,852.6,cam_09,ONLINE,0.45,0,2074,5035,1
2026-08-27T16:34:15.788897,852.6,cam_10,ONLINE,2.33,0,2049,5027,1
2026-08-27T16:34:15.788897,852.6,cam_11,ONLINE,0.64,0,1956,4983,1
2026-08-27T16:34:15.788897,852.6,cam_12,ONLINE,0.61,0,1754,3790,1
2026-08-27T16:34:15.788897,852.6,cam_13,ONLINE,0.67,0,1723,4665,1
2026-08-27T16:34:15.788897,852.6,cam_14,ONLINE,0.48,0,1786,4355,1
2026-08-27T16:34:15.788897,852.6,cam_15,ONLINE,0.45,0,1714,1444,1
2026-08-27T16:34:25.829600,862.7,cam_01,ONLINE,0.44,0,2006,870,1
2026-08-27T16:34:25.829600,862.7,cam_02,ONLINE,0.7,0,2212,5169,1
2026-08-27T16:34:25.829600,862.7,cam_03,ONLINE,0.38,0,2004,4979,1
2026-08-27T16:34:25.829600,862.7,cam_04,ONLINE,0.42,0,1604,1636,1
2026-08-27T16:34:25.829600,862.7,cam_05,ONLINE,0.48,0,1646,4784,1
2026-08-27T16:34:25.829600,862.7,cam_06,ONLINE,0.34,0,1913,5032,1
2026-08-27T16:34:25.829600,862.7,cam_07,ONLINE,0.56,0,1784,3175,1
2026-08-27T16:34:25.829600,862.7,cam_08,STALE,4.05,0,1803,4830,0
2026-08-27T16:34:25.829600,862.7,cam_09,ONLINE,0.3,0,2099,5104,1
2026-08-27T16:34:25.829600,862.7,cam_10,ONLINE,0.2,0,2067,5110,1
2026-08-27T16:34:25.829600,862.7,cam_11,ONLINE,0.23,0,1979,5054,1
2026-08-27T16:34:25.829600,862.7,cam_12,ONLINE,0.2,0,1765,3861,1
2026-08-27T16:34:25.829600,862.7,cam_13,ONLINE,0.53,0,1745,4734,1
2026-08-27T16:34:25.829600,862.7,cam_14,ONLINE,0.59,0,1808,4422,1
2026-08-27T16:34:25.829600,862.7,cam_15,ONLINE,0.55,0,1728,1509,1
2026-08-27T16:34:35.840206,872.7,cam_01,ONLINE,0.72,0,2029,940,1
2026-08-27T16:34:35.840206,872.7,cam_02,ONLINE,0.22,0,2237,5246,1
2026-08-27T16:34:35.840206,872.7,cam_03,ONLINE,0.16,0,2027,5054,1
2026-08-27T16:34:35.840206,872.7,cam_04,ONLINE,0.25,0,1630,1711,1
2026-08-27T16:34:35.840206,872.7,cam_05,ONLINE,0.2,0,1669,4861,1
2026-08-27T16:34:35.840206,872.7,cam_06,ONLINE,0.41,0,1939,5105,1
2026-08-27T16:34:35.840206,872.7,cam_07,ONLINE,0.34,0,1809,3250,1
2026-08-27T16:34:35.840206,872.7,cam_08,ONLINE,0.28,0,1817,4930,1
2026-08-27T16:34:35.840206,872.7,cam_09,ONLINE,0.42,0,2123,5177,1
2026-08-27T16:34:35.840206,872.7,cam_10,ONLINE,0.59,0,2091,5181,1
2026-08-27T16:34:35.840206,872.7,cam_11,ONLINE,1.47,0,1999,5119,1
2026-08-27T16:34:35.840206,872.7,cam_12,ONLINE,0.31,0,1788,3934,1
2026-08-27T16:34:35.840206,872.7,cam_13,ONLINE,0.31,0,1771,4809,1
2026-08-27T16:34:35.840206,872.7,cam_14,ONLINE,0.31,0,1833,4498,1
2026-08-27T16:34:35.840206,872.7,cam_15,ONLINE,0.19,0,1756,1585,1
2026-08-27T16:34:45.873635,882.7,cam_01,ONLINE,0.06,0,2049,1013,1
2026-08-27T16:34:45.873635,882.7,cam_02,ONLINE,0.08,0,2266,5313,1
2026-08-27T16:34:45.873635,882.7,cam_03,ONLINE,0.11,0,2054,5121,1
2026-08-27T16:34:45.873635,882.7,cam_04,ONLINE,0.11,0,1662,1778,1
2026-08-27T16:34:45.873635,882.7,cam_05,ONLINE,0.09,0,1696,4927,1
2026-08-27T16:34:45.873635,882.7,cam_06,ONLINE,0.22,0,1971,5173,1
2026-08-27T16:34:45.873635,882.7,cam_07,ONLINE,0.06,0,1835,3318,1
2026-08-27T16:34:45.873635,882.7,cam_08,ONLINE,0.14,0,1846,4997,1
2026-08-27T16:34:45.873635,882.7,cam_09,ONLINE,0.16,0,2150,5245,1
2026-08-27T16:34:45.873635,882.7,cam_10,ONLINE,0.03,0,2119,5251,1
2026-08-27T16:34:45.873635,882.7,cam_11,ONLINE,0.08,0,2021,5195,1
2026-08-27T16:34:45.873635,882.7,cam_12,ONLINE,0.03,0,1820,4002,1
2026-08-27T16:34:45.873635,882.7,cam_13,ONLINE,0.11,0,1799,4877,1
2026-08-27T16:34:45.873635,882.7,cam_14,ONLINE,0.03,0,1861,4566,1
2026-08-27T16:34:45.873635,882.7,cam_15,ONLINE,0.14,0,1779,1652,1
2026-08-27T17:00:57.401093,0.0,cam_01,STALE,5.66,0,443,831,0
2026-08-27T17:00:57.401093,0.0,cam_02,ONLINE,0.47,0,495,922,1
2026-08-27T17:00:57.401093,0.0,cam_03,ONLINE,0.47,0,343,736,1
2026-08-27T17:00:57.401093,0.0,cam_04,ONLINE,0.23,0,236,549,1
2026-08-27T17:00:57.401093,0.0,cam_05,ONLINE,0.28,0,250,553,1
2026-08-27T17:00:57.401093,0.0,cam_06,ONLINE,0.22,0,409,800,1
2026-08-27T17:00:57.401093,0.0,cam_07,ONLINE,0.09,0,469,863,1
2026-08-27T17:00:57.401093,0.0,cam_08,ONLINE,1.08,0,225,485,1
2026-08-27T17:00:57.401093,0.0,cam_09,ONLINE,0.09,0,459,861,1
2026-08-27T17:00:57.401093,0.0,cam_10,ONLINE,0.59,0,245,599,1
2026-08-27T17:00:57.401093,0.0,cam_11,ONLINE,0.8,0,381,734,1
2026-08-27T17:00:57.401093,0.0,cam_12,ONLINE,0.59,0,419,796,1
2026-08-27T17:00:57.401093,0.0,cam_13,ONLINE,0.78,0,324,673,1
2026-08-27T17:00:57.401093,0.0,cam_14,ONLINE,0.59,0,298,674,1
2026-08-27T17:00:57.401093,0.0,cam_15,ONLINE,0.48,0,265,612,1
2026-08-27T17:01:07.535594,10.1,cam_01,STALE,16.17,0,443,831,0
2026-08-27T17:01:07.535594,10.1,cam_02,ONLINE,0.45,0,521,995,1
2026-08-27T17:01:07.535594,10.1,cam_03,ONLINE,0.25,0,371,811,1
2026-08-27T17:01:07.535594,10.1,cam_04,ONLINE,0.53,0,258,618,1
2026-08-27T17:01:07.535594,10.1,cam_05,ONLINE,0.2,0,274,627,1
2026-08-27T17:01:07.535594,10.1,cam_06,ONLINE,0.34,0,436,873,1
2026-08-27T17:01:07.535594,10.1,cam_07,ONLINE,0.16,0,493,936,1
2026-08-27T17:01:07.535594,10.1,cam_08,STALE,5.92,0,228,501,0
2026-08-27T17:01:07.535594,10.1,cam_09,ONLINE,0.06,0,487,935,1
2026-08-27T17:01:07.535594,10.1,cam_10,ONLINE,0.06,0,273,677,1
2026-08-27T17:01:07.535594,10.1,cam_11,ONLINE,0.31,0,409,811,1
2026-08-27T17:01:07.535594,10.1,cam_12,ONLINE,0.33,0,444,871,1
2026-08-27T17:01:07.535594,10.1,cam_13,ONLINE,0.25,0,352,750,1
2026-08-27T17:01:07.535594,10.1,cam_14,ONLINE,0.27,0,328,750,1
2026-08-27T17:01:07.535594,10.1,cam_15,ONLINE,0.27,0,291,685,1
2026-08-27T17:01:17.564373,20.2,cam_01,ONLINE,0.53,0,455,32,1
2026-08-27T17:01:17.564373,20.2,cam_02,ONLINE,0.69,0,548,1060,1
2026-08-27T17:01:17.564373,20.2,cam_03,ONLINE,0.3,0,396,877,1
2026-08-27T17:01:17.564373,20.2,cam_04,ONLINE,0.41,0,285,688,1
2026-08-27T17:01:17.564373,20.2,cam_05,ONLINE,0.14,0,303,694,1
2026-08-27T17:01:17.564373,20.2,cam_06,ONLINE,0.16,0,462,940,1
2026-08-27T17:01:17.564373,20.2,cam_07,ONLINE,0.05,0,513,1003,1
2026-08-27T17:01:17.564373,20.2,cam_08,STALE,7.2,0,229,502,0
2026-08-27T17:01:17.564373,20.2,cam_09,ONLINE,0.58,0,515,997,1
2026-08-27T17:01:17.564373,20.2,cam_10,ONLINE,0.38,0,302,741,1
2026-08-27T17:01:17.564373,20.2,cam_11,ONLINE,1.27,0,432,870,1
2026-08-27T17:01:17.564373,20.2,cam_12,ONLINE,0.89,0,471,933,1
2026-08-27T17:01:17.564373,20.2,cam_13,ONLINE,0.58,0,376,812,1
2026-08-27T17:01:17.564373,20.2,cam_14,ONLINE,0.55,0,357,814,1
2026-08-27T17:01:17.564373,20.2,cam_15,ONLINE,0.53,0,316,750,1
2026-08-27T17:01:27.592052,30.2,cam_01,ONLINE,0.48,0,488,106,1
2026-08-27T17:01:27.592052,30.2,cam_02,ONLINE,0.31,0,582,1136,1
2026-08-27T17:01:27.592052,30.2,cam_03,ONLINE,0.16,0,427,951,1
2026-08-27T17:01:27.592052,30.2,cam_04,ONLINE,0.3,0,316,762,1
2026-08-27T17:01:27.592052,30.2,cam_05,ONLINE,0.16,0,334,767,1
2026-08-27T17:01:27.592052,30.2,cam_06,ONLINE,0.25,0,491,1013,1
2026-08-27T17:01:27.592052,30.2,cam_07,ONLINE,0.17,0,543,1075,1
2026-08-27T17:01:27.592052,30.2,cam_08,OFFLINE,9.47,0,230,520,0
2026-08-27T17:01:27.592052,30.2,cam_09,ONLINE,0.14,0,530,1062,1
2026-08-27T17:01:27.592052,30.2,cam_10,ONLINE,1.69,0,323,789,1
2026-08-27T17:01:27.592052,30.2,cam_11,ONLINE,0.11,0,464,952,1
2026-08-27T17:01:27.592052,30.2,cam_12,ONLINE,0.03,0,507,1013,1
2026-08-27T17:01:27.592052,30.2,cam_13,ONLINE,0.09,0,406,890,1
2026-08-27T17:01:27.592052,30.2,cam_14,ONLINE,0.03,0,392,891,1
2026-08-27T17:01:27.592052,30.2,cam_15,ONLINE,0.36,0,349,826,1
2026-08-27T17:01:37.618777,40.2,cam_01,ONLINE,0.33,0,516,174,1
2026-08-27T17:01:37.618777,40.2,cam_02,ONLINE,0.41,0,600,1202,1
2026-08-27T17:01:37.618777,40.2,cam_03,ONLINE,0.38,0,455,1016,1
2026-08-27T17:01:37.618777,40.2,cam_04,ONLINE,0.16,0,337,829,1
2026-08-27T17:01:37.618777,40.2,cam_05,ONLINE,0.12,0,359,834,1
2026-08-27T17:01:37.618777,40.2,cam_06,ONLINE,0.38,0,517,1078,1
2026-08-27T17:01:37.618777,40.2,cam_07,ONLINE,0.16,0,570,1142,1
2026-08-27T17:01:37.618777,40.2,cam_08,ONLINE,0.12,0,252,55,1
2026-08-27T17:01:37.618777,40.2,cam_09,STALE,7.62,0,534,1078,0
2026-08-27T17:01:37.618777,40.2,cam_10,ONLINE,0.48,0,341,879,1
2026-08-27T17:01:37.618777,40.2,cam_11,ONLINE,2.25,0,481,1003,1
2026-08-27T17:01:37.618777,40.2,cam_12,ONLINE,0.77,0,535,1074,1
2026-08-27T17:01:37.618777,40.2,cam_13,ONLINE,0.39,0,433,954,1
2026-08-27T17:01:37.618777,40.2,cam_14,ONLINE,0.48,0,412,954,1
2026-08-27T17:01:37.618777,40.2,cam_15,ONLINE,0.7,0,378,889,1
2026-08-27T17:01:47.635023,50.2,cam_01,ONLINE,0.39,0,547,247,1
2026-08-27T17:01:47.635023,50.2,cam_02,ONLINE,0.55,0,630,1274,1
2026-08-27T17:01:47.635023,50.2,cam_03,ONLINE,0.58,0,484,1088,1
2026-08-27T17:01:47.635023,50.2,cam_04,ONLINE,2.89,0,359,884,1
2026-08-27T17:01:47.635023,50.2,cam_05,ONLINE,0.3,0,389,906,1
2026-08-27T17:01:47.635023,50.2,cam_06,ONLINE,0.38,0,544,1152,1
2026-08-27T17:01:47.635023,50.2,cam_07,ONLINE,0.53,0,595,1213,1
2026-08-27T17:01:47.635023,50.2,cam_08,STALE,3.36,0,275,106,0
2026-08-27T17:01:47.635023,50.2,cam_09,STALE,18.14,0,534,1078,0
2026-08-27T17:01:47.635023,50.2,cam_10,ONLINE,0.41,0,365,953,1
2026-08-27T17:01:47.635023,50.2,cam_11,ONLINE,0.75,0,512,1087,1
2026-08-27T17:01:47.635023,50.2,cam_12,ONLINE,0.42,0,562,1150,1
2026-08-27T17:01:47.635023,50.2,cam_13,ONLINE,0.62,0,461,1026,1
2026-08-27T17:01:47.635023,50.2,cam_14,ONLINE,0.47,0,435,1028,1
2026-08-27T17:01:47.635023,50.2,cam_15,ONLINE,0.47,0,407,965,1
2026-08-27T17:01:57.667101,60.3,cam_01,ONLINE,0.3,0,570,314,1
2026-08-27T17:01:57.667101,60.3,cam_02,ONLINE,0.34,0,656,1341,1
2026-08-27T17:01:57.667101,60.3,cam_03,ONLINE,0.23,0,509,1157,1
2026-08-27T17:01:57.667101,60.3,cam_04,ONLINE,0.33,0,380,968,1
2026-08-27T17:01:57.667101,60.3,cam_05,STALE,4.44,0,395,923,0
2026-08-27T17:01:57.667101,60.3,cam_06,ONLINE,0.7,0,567,1216,1
2026-08-27T17:01:57.667101,60.3,cam_07,ONLINE,0.34,0,614,1280,1
2026-08-27T17:01:57.667101,60.3,cam_08,ONLINE,0.36,0,301,193,1
2026-08-27T17:01:57.667101,60.3,cam_09,ONLINE,0.33,0,550,44,1
2026-08-27T17:01:57.667101,60.3,cam_10,ONLINE,0.88,0,390,1016,1
2026-08-27T17:01:57.667101,60.3,cam_11,ONLINE,0.19,0,537,1157,1
2026-08-27T17:01:57.667101,60.3,cam_12,ONLINE,0.19,0,588,1218,1
2026-08-27T17:01:57.667101,60.3,cam_13,ONLINE,0.27,0,480,1095,1
2026-08-27T17:01:57.667101,60.3,cam_14,ONLINE,0.47,0,461,1094,1
2026-08-27T17:01:57.667101,60.3,cam_15,ONLINE,0.2,0,435,1033,1
2026-08-27T17:02:07.735213,70.3,cam_01,ONLINE,0.02,0,594,389,1
2026-08-27T17:02:07.735213,70.3,cam_02,ONLINE,0.03,0,682,1418,1
2026-08-27T17:02:07.735213,70.3,cam_03,ONLINE,1.72,0,527,1220,1
2026-08-27T17:02:07.735213,70.3,cam_04,ONLINE,0.36,0,404,1041,1
2026-08-27T17:02:07.735213,70.3,cam_05,ONLINE,0.25,0,417,1033,1
2026-08-27T17:02:07.735213,70.3,cam_06,ONLINE,0.19,0,594,1293,1
2026-08-27T17:02:07.735213,70.3,cam_07,ONLINE,0.25,0,640,1354,1
2026-08-27T17:02:07.735213,70.3,cam_08,ONLINE,0.33,0,325,267,1
2026-08-27T17:02:07.735213,70.3,cam_09,ONLINE,0.06,0,576,119,1
2026-08-27T17:02:07.735213,70.3,cam_10,ONLINE,0.22,0,413,1091,1
2026-08-27T17:02:07.735213,70.3,cam_11,ONLINE,0.31,0,561,1230,1
2026-08-27T17:02:07.735213,70.3,cam_12,ONLINE,0.36,0,613,1290,1
2026-08-27T17:02:07.735213,70.3,cam_13,ONLINE,0.03,0,507,1170,1
2026-08-27T17:02:07.735213,70.3,cam_14,ONLINE,0.16,0,486,1170,1
2026-08-27T17:02:07.735213,70.3,cam_15,ONLINE,0.17,0,459,1107,1
2026-08-27T17:02:17.770200,80.4,cam_01,ONLINE,0.62,0,623,458,1
2026-08-27T17:02:17.770200,80.4,cam_02,ONLINE,0.36,0,712,1488,1
2026-08-27T17:02:17.770200,80.4,cam_03,ONLINE,0.19,0,551,1303,1
2026-08-27T17:02:17.770200,80.4,cam_04,ONLINE,0.17,0,432,1115,1
2026-08-27T17:02:17.770200,80.4,cam_05,ONLINE,0.22,0,447,1106,1
2026-08-27T17:02:17.770200,80.4,cam_06,STALE,3.81,0,613,1340,0
2026-08-27T17:02:17.770200,80.4,cam_07,ONLINE,0.12,0,668,1427,1
2026-08-27T17:02:17.770200,80.4,cam_08,ONLINE,0.22,0,353,340,1
2026-08-27T17:02:17.770200,80.4,cam_09,ONLINE,0.19,0,605,191,1
2026-08-27T17:02:17.770200,80.4,cam_10,ONLINE,0.47,0,443,1165,1
2026-08-27T17:02:17.770200,80.4,cam_11,ONLINE,0.42,0,587,1302,1
2026-08-27T17:02:17.770200,80.4,cam_12,ONLINE,0.42,0,639,1362,1
2026-08-27T17:02:17.770200,80.4,cam_13,ONLINE,0.39,0,534,1240,1
2026-08-27T17:02:17.770200,80.4,cam_14,ONLINE,0.33,0,514,1241,1
2026-08-27T17:02:17.770200,80.4,cam_15,ONLINE,0.33,0,488,1178,1
2026-08-27T17:02:27.798136,90.4,cam_01,ONLINE,0.17,0,647,526,1
2026-08-27T17:02:27.798136,90.4,cam_02,ONLINE,0.16,0,734,1550,1
2026-08-27T17:02:27.798136,90.4,cam_03,ONLINE,0.33,0,580,1367,1
2026-08-27T17:02:27.798136,90.4,cam_04,ONLINE,0.45,0,459,1178,1
2026-08-27T17:02:27.798136,90.4,cam_05,ONLINE,0.11,0,476,1172,1
2026-08-27T17:02:27.798136,90.4,cam_06,ONLINE,0.11,0,644,1431,1
2026-08-27T17:02:27.798136,90.4,cam_07,ONLINE,0.12,0,699,1493,1
2026-08-27T17:02:27.798136,90.4,cam_08,ONLINE,0.12,0,381,406,1
2026-08-27T17:02:27.798136,90.4,cam_09,ONLINE,0.28,0,636,255,1
2026-08-27T17:02:27.798136,90.4,cam_10,ONLINE,0.98,0,468,1224,1
2026-08-27T17:02:27.798136,90.4,cam_11,ONLINE,0.34,0,610,1367,1
2026-08-27T17:02:27.798136,90.4,cam_12,ONLINE,0.2,0,670,1429,1
2026-08-27T17:02:27.798136,90.4,cam_13,ONLINE,0.28,0,556,1306,1
2026-08-27T17:02:27.798136,90.4,cam_14,STALE,4.69,0,528,1269,0
2026-08-27T17:02:27.798136,90.4,cam_15,ONLINE,0.19,0,516,1244,1
2026-08-27T17:02:37.827697,100.4,cam_01,STALE,4.36,0,664,569,0
2026-08-27T17:02:37.827697,100.4,cam_02,ONLINE,0.41,0,763,1625,1
2026-08-27T17:02:37.827697,100.4,cam_03,ONLINE,0.34,0,608,1439,1
2026-08-27T17:02:37.827697,100.4,cam_04,ONLINE,0.19,0,487,1252,1
2026-08-27T17:02:37.827697,100.4,cam_05,ONLINE,0.11,0,502,1244,1
2026-08-27T17:02:37.827697,100.4,cam_06,ONLINE,0.17,0,670,1503,1
2026-08-27T17:02:37.827697,100.4,cam_07,ONLINE,0.16,0,728,1565,1
2026-08-27T17:02:37.827697,100.4,cam_08,ONLINE,0.11,0,407,478,1
2026-08-27T17:02:37.827697,100.4,cam_09,ONLINE,0.47,0,663,326,1
2026-08-27T17:02:37.827697,100.4,cam_10,ONLINE,0.23,0,491,1305,1
2026-08-27T17:02:37.827697,100.4,cam_11,ONLINE,0.06,0,637,1442,1
2026-08-27T17:02:37.827697,100.4,cam_12,ONLINE,0.06,0,700,1502,1
2026-08-27T17:02:37.827697,100.4,cam_13,ONLINE,0.14,0,588,1379,1
2026-08-27T17:02:37.827697,100.4,cam_14,STALE,6.94,0,529,1276,0
2026-08-27T17:02:37.827697,100.4,cam_15,ONLINE,0.16,0,545,1317,1
2026-08-27T17:02:47.845106,110.5,cam_01,ONLINE,0.5,0,687,660,1
2026-08-27T17:02:47.845106,110.5,cam_02,ONLINE,0.2,0,790,1699,1
2026-08-27T17:02:47.845106,110.5,cam_03,ONLINE,1.03,0,637,1507,1
2026-08-27T17:02:47.845106,110.5,cam_04,ONLINE,0.14,0,517,1325,1
2026-08-27T17:02:47.845106,110.5,cam_05,ONLINE,0.16,0,528,1316,1
2026-08-27T17:02:47.845106,110.5,cam_06,ONLINE,0.3,0,696,1574,1
2026-08-27T17:02:47.845106,110.5,cam_07,ONLINE,0.34,0,755,1636,1
2026-08-27T17:02:47.845106,110.5,cam_08,ONLINE,0.2,0,434,550,1
2026-08-27T17:02:47.845106,110.5,cam_09,ONLINE,0.41,0,691,399,1
2026-08-27T17:02:47.845106,110.5,cam_10,ONLINE,0.2,0,518,1377,1
2026-08-27T17:02:47.845106,110.5,cam_11,ONLINE,0.14,0,666,1513,1
2026-08-27T17:02:47.845106,110.5,cam_12,ONLINE,0.28,0,730,1573,1
2026-08-27T17:02:47.845106,110.5,cam_13,ONLINE,0.2,0,618,1451,1
2026-08-27T17:02:47.845106,110.5,cam_14,STALE,9.14,0,530,1277,0
2026-08-27T17:02:47.845106,110.5,cam_15,ONLINE,0.14,0,574,1389,1
2026-08-27T17:02:57.861515,120.5,cam_01,ONLINE,0.55,0,711,740,1
2026-08-27T17:02:57.861515,120.5,cam_02,ONLINE,0.28,0,817,1770,1
2026-08-27T17:02:57.861515,120.5,cam_03,ONLINE,0.34,0,662,1582,1
2026-08-27T17:02:57.861515,120.5,cam_04,ONLINE,0.45,0,542,1395,1
2026-08-27T17:02:57.861515,120.5,cam_05,ONLINE,0.22,0,557,1388,1
2026-08-27T17:02:57.861515,120.5,cam_06,ONLINE,0.47,0,725,1645,1
2026-08-27T17:02:57.861515,120.5,cam_07,ONLINE,0.22,0,783,1709,1
2026-08-27T17:02:57.861515,120.5,cam_08,ONLINE,0.23,0,462,622,1
2026-08-27T17:02:57.861515,120.5,cam_09,ONLINE,0.25,0,717,472,1
2026-08-27T17:02:57.861515,120.5,cam_10,ONLINE,0.19,0,546,1450,1
2026-08-27T17:02:57.861515,120.5,cam_11,ONLINE,0.03,0,693,1586,1
2026-08-27T17:02:57.861515,120.5,cam_12,ONLINE,0.19,0,756,1646,1
2026-08-27T17:02:57.861515,120.5,cam_13,ONLINE,0.48,0,645,1521,1
2026-08-27T17:02:57.861515,120.5,cam_14,STALE,19.44,0,530,1277,0
2026-08-27T17:02:57.861515,120.5,cam_15,ONLINE,0.77,0,602,1457,1
2026-08-27T17:03:07.917084,130.5,cam_01,ONLINE,0.3,0,741,807,1
2026-08-27T17:03:07.917084,130.5,cam_02,ONLINE,0.31,0,841,1835,1
2026-08-27T17:03:07.917084,130.5,cam_03,ONLINE,1.28,0,677,1633,1
2026-08-27T17:03:07.917084,130.5,cam_04,ONLINE,0.27,0,565,1461,1
2026-08-27T17:03:07.917084,130.5,cam_05,ONLINE,0.47,0,583,1451,1
2026-08-27T17:03:07.917084,130.5,cam_06,ONLINE,0.22,0,752,1712,1
2026-08-27T17:03:07.917084,130.5,cam_07,ONLINE,0.52,0,811,1772,1
2026-08-27T17:03:07.917084,130.5,cam_08,ONLINE,0.66,0,490,684,1
2026-08-27T17:03:07.917084,130.5,cam_09,ONLINE,0.41,0,736,536,1
2026-08-27T17:03:07.917084,130.5,cam_10,ONLINE,0.28,0,573,1514,1
2026-08-27T17:03:07.917084,130.5,cam_11,ONLINE,0.22,0,718,1650,1
2026-08-27T17:03:07.917084,130.5,cam_12,ONLINE,0.27,0,783,1710,1
2026-08-27T17:03:07.917084,130.5,cam_13,ONLINE,0.38,0,672,1587,1
2026-08-27T17:03:07.917084,130.5,cam_14,ONLINE,0.22,0,548,50,1
2026-08-27T17:03:07.917084,130.5,cam_15,ONLINE,0.25,0,627,1520,1
2026-08-27T17:03:17.947445,140.5,cam_01,ONLINE,0.47,0,764,878,1
2026-08-27T17:03:17.947445,140.5,cam_02,ONLINE,0.34,0,862,1907,1
2026-08-27T17:03:17.947445,140.5,cam_03,ONLINE,0.34,0,700,1721,1
2026-08-27T17:03:17.947445,140.5,cam_04,ONLINE,0.56,0,588,1531,1
2026-08-27T17:03:17.947445,140.5,cam_05,ONLINE,0.34,0,608,1524,1
2026-08-27T17:03:17.947445,140.5,cam_06,ONLINE,0.2,0,776,1784,1
2026-08-27T17:03:17.947445,140.5,cam_07,ONLINE,0.12,0,837,1847,1
2026-08-27T17:03:17.947445,140.5,cam_08,ONLINE,0.12,0,516,759,1
2026-08-27T17:03:17.947445,140.5,cam_09,ONLINE,0.05,0,759,611,1
2026-08-27T17:03:17.947445,140.5,cam_10,ONLINE,0.45,0,597,1585,1
2026-08-27T17:03:17.947445,140.5,cam_11,ONLINE,0.55,0,743,1720,1
2026-08-27T17:03:17.947445,140.5,cam_12,ONLINE,0.28,0,796,1782,1
2026-08-27T17:03:17.947445,140.5,cam_13,ONLINE,0.38,0,696,1659,1
2026-08-27T17:03:17.947445,140.5,cam_14,ONLINE,0.38,0,573,121,1
2026-08-27T17:03:17.947445,140.5,cam_15,ONLINE,0.36,0,648,1597,1
2026-08-27T17:03:27.976434,150.6,cam_01,ONLINE,0.33,0,792,951,1
2026-08-27T17:03:27.976434,150.6,cam_02,ONLINE,0.2,0,885,1980,1
2026-08-27T17:03:27.976434,150.6,cam_03,ONLINE,0.23,0,728,1794,1
2026-08-27T17:03:27.976434,150.6,cam_04,ONLINE,0.38,0,612,1600,1
2026-08-27T17:03:27.976434,150.6,cam_05,ONLINE,0.14,0,630,1598,1
2026-08-27T17:03:27.976434,150.6,cam_06,ONLINE,0.14,0,805,1857,1
2026-08-27T17:03:27.976434,150.6,cam_07,ONLINE,0.23,0,865,1918,1
2026-08-27T17:03:27.976434,150.6,cam_08,ONLINE,0.14,0,547,832,1
2026-08-27T17:03:27.976434,150.6,cam_09,ONLINE,0.62,0,782,679,1
2026-08-27T17:03:27.976434,150.6,cam_10,ONLINE,0.5,0,628,1657,1
2026-08-27T17:03:27.976434,150.6,cam_11,ONLINE,0.33,0,771,1793,1
2026-08-27T17:03:27.976434,150.6,cam_12,ONLINE,0.38,0,822,1854,1
2026-08-27T17:03:27.976434,150.6,cam_13,ONLINE,0.25,0,730,1732,1
2026-08-27T17:03:27.976434,150.6,cam_14,ONLINE,0.22,0,602,194,1
2026-08-27T17:03:27.976434,150.6,cam_15,ONLINE,0.22,0,680,1670,1
2026-08-27T17:03:38.010603,160.6,cam_01,ONLINE,0.25,0,819,1017,1
2026-08-27T17:03:38.010603,160.6,cam_02,ONLINE,0.25,0,912,2045,1
2026-08-27T17:03:38.010603,160.6,cam_03,ONLINE,0.25,0,755,1859,1
2026-08-27T17:03:38.010603,160.6,cam_04,ONLINE,0.22,0,635,1671,1
2026-08-27T17:03:38.010603,160.6,cam_05,STALE,4.05,0,648,1635,0
2026-08-27T17:03:38.010603,160.6,cam_06,ONLINE,1.25,0,830,1914,1
2026-08-27T17:03:38.010603,160.6,cam_07,ONLINE,0.36,0,887,1983,1
2026-08-27T17:03:38.010603,160.6,cam_08,ONLINE,0.2,0,573,896,1
2026-08-27T17:03:38.010603,160.6,cam_09,ONLINE,0.22,0,812,747,1
2026-08-27T17:03:38.010603,160.6,cam_10,ONLINE,0.22,0,647,1724,1
2026-08-27T17:03:38.010603,160.6,cam_11,ONLINE,0.17,0,798,1860,1
2026-08-27T17:03:38.010603,160.6,cam_12,ONLINE,0.06,0,849,1921,1
2026-08-27T17:03:38.010603,160.6,cam_13,ONLINE,0.73,0,759,1794,1
2026-08-27T17:03:38.010603,160.6,cam_14,ONLINE,0.28,0,629,259,1
2026-08-27T17:03:38.010603,160.6,cam_15,ONLINE,0.28,0,703,1735,1
2026-08-27T17:03:48.028709,170.6,cam_01,ONLINE,0.44,0,851,1088,1
2026-08-27T17:03:48.028709,170.6,cam_02,ONLINE,0.31,0,948,2117,1
2026-08-27T17:03:48.028709,170.6,cam_03,ONLINE,0.3,0,791,1931,1
2026-08-27T17:03:48.028709,170.6,cam_04,ONLINE,0.3,0,667,1743,1
2026-08-27T17:03:48.028709,170.6,cam_05,ONLINE,0.27,0,666,1734,1
2026-08-27T17:03:48.028709,170.6,cam_06,ONLINE,2.7,0,831,1917,1
2026-08-27T17:03:48.028709,170.6,cam_07,ONLINE,0.2,0,923,2056,1
2026-08-27T17:03:48.028709,170.6,cam_08,ONLINE,0.53,0,605,967,1
2026-08-27T17:03:48.028709,170.6,cam_09,ONLINE,0.67,0,846,816,1
2026-08-27T17:03:48.028709,170.6,cam_10,ONLINE,0.41,0,678,1795,1
2026-08-27T17:03:48.028709,170.6,cam_11,ONLINE,0.5,0,830,1930,1
2026-08-27T17:03:48.028709,170.6,cam_12,ONLINE,0.44,0,881,1991,1
2026-08-27T17:03:48.028709,170.6,cam_13,ONLINE,1.62,0,781,1853,1
2026-08-27T17:03:48.028709,170.6,cam_14,ONLINE,0.41,0,661,330,1
2026-08-27T17:03:48.028709,170.6,cam_15,ONLINE,0.31,0,737,1807,1
2026-08-27T17:03:58.054350,180.7,cam_01,ONLINE,0.05,0,883,1163,1
2026-08-27T17:03:58.054350,180.7,cam_02,ONLINE,0.05,0,975,2191,1
2026-08-27T17:03:58.054350,180.7,cam_03,ONLINE,0.08,0,817,2005,1
2026-08-27T17:03:58.054350,180.7,cam_04,ONLINE,0.33,0,694,1815,1
2026-08-27T17:03:58.054350,180.7,cam_05,ONLINE,0.31,0,695,1806,1
2026-08-27T17:03:58.054350,180.7,cam_06,ONLINE,0.09,0,841,2061,1
2026-08-27T17:03:58.054350,180.7,cam_07,ONLINE,0.12,0,950,2129,1
2026-08-27T17:03:58.054350,180.7,cam_08,ONLINE,0.09,0,634,1042,1
2026-08-27T17:03:58.054350,180.7,cam_09,ONLINE,0.11,0,875,892,1
2026-08-27T17:03:58.054350,180.7,cam_10,ONLINE,0.05,0,712,1870,1
2026-08-27T17:03:58.054350,180.7,cam_11,ONLINE,0.09,0,863,2005,1
2026-08-27T17:03:58.054350,180.7,cam_12,ONLINE,0.19,0,908,2065,1
2026-08-27T17:03:58.054350,180.7,cam_13,ONLINE,0.11,0,810,1943,1
2026-08-27T17:03:58.054350,180.7,cam_14,ONLINE,1.67,0,684,394,1
2026-08-27T17:03:58.054350,180.7,cam_15,ONLINE,0.39,0,767,1879,1
2026-08-27T17:04:08.111267,190.7,cam_01,ONLINE,0.36,0,910,1233,1
2026-08-27T17:04:08.111267,190.7,cam_02,ONLINE,0.23,0,1005,2262,1
2026-08-27T17:04:08.111267,190.7,cam_03,ONLINE,0.23,0,846,2076,1
2026-08-27T17:04:08.111267,190.7,cam_04,ONLINE,0.2,0,725,1888,1
2026-08-27T17:04:08.111267,190.7,cam_05,ONLINE,0.25,0,726,1879,1
2026-08-27T17:04:08.111267,190.7,cam_06,ONLINE,2.23,0,862,2119,1
2026-08-27T17:04:08.111267,190.7,cam_07,ONLINE,0.45,0,980,2199,1
2026-08-27T17:04:08.111267,190.7,cam_08,ONLINE,0.44,0,661,1112,1
2026-08-27T17:04:08.111267,190.7,cam_09,ONLINE,0.45,0,904,962,1
2026-08-27T17:04:08.111267,190.7,cam_10,ONLINE,0.39,0,741,1940,1
2026-08-27T17:04:08.111267,190.7,cam_11,ONLINE,0.39,0,891,2075,1
2026-08-27T17:04:08.111267,190.7,cam_12,ONLINE,1.19,0,929,2130,1
2026-08-27T17:04:08.111267,190.7,cam_13,ONLINE,0.3,0,841,2014,1
2026-08-27T17:04:08.111267,190.7,cam_14,ONLINE,0.39,0,709,475,1
2026-08-27T17:04:08.111267,190.7,cam_15,ONLINE,0.38,0,795,1951,1
2026-08-27T17:15:27.265595,0.0,cam_01,ONLINE,0.31,0,827,1952,1
2026-08-27T17:15:27.265595,0.0,cam_02,ONLINE,0.23,0,899,1963,1
2026-08-27T17:15:27.265595,0.0,cam_03,ONLINE,0.23,0,689,1694,1
2026-08-27T17:15:27.265595,0.0,cam_04,ONLINE,0.28,0,540,93,1
2026-08-27T17:15:27.265595,0.0,cam_05,ONLINE,0.36,0,585,1551,1
2026-08-27T17:15:27.265595,0.0,cam_06,ONLINE,0.28,0,650,1071,1
2026-08-27T17:15:27.265595,0.0,cam_07,ONLINE,0.28,0,694,220,1
2026-08-27T17:15:27.265595,0.0,cam_08,ONLINE,0.11,0,805,1891,1
2026-08-27T17:15:27.265595,0.0,cam_09,ONLINE,0.36,0,651,551,1
2026-08-27T17:15:27.265595,0.0,cam_10,ONLINE,0.31,0,680,1538,1
2026-08-27T17:15:27.265595,0.0,cam_11,ONLINE,0.34,0,631,1658,1
2026-08-27T17:15:27.265595,0.0,cam_12,ONLINE,0.28,0,676,202,1
2026-08-27T17:15:27.265595,0.0,cam_13,ONLINE,0.3,0,579,111,1
2026-08-27T17:15:27.265595,0.0,cam_14,STALE,3.06,0,768,890,0
2026-08-27T17:15:27.265595,0.0,cam_15,ONLINE,1.83,0,724,1769,1
2026-08-27T17:15:37.322247,10.0,cam_01,ONLINE,0.31,0,827,1952,1
2026-08-27T17:15:37.322247,10.0,cam_02,ONLINE,0.23,0,899,1963,1
2026-08-27T17:15:37.322247,10.0,cam_03,ONLINE,0.23,0,689,1694,1
2026-08-27T17:15:37.322247,10.0,cam_04,ONLINE,0.28,0,540,93,1
2026-08-27T17:15:37.322247,10.0,cam_05,ONLINE,0.36,0,585,1551,1
2026-08-27T17:15:37.322247,10.0,cam_06,ONLINE,0.28,0,650,1071,1
2026-08-27T17:15:37.322247,10.0,cam_07,ONLINE,0.28,0,694,220,1
2026-08-27T17:15:37.322247,10.0,cam_08,ONLINE,0.11,0,805,1891,1
2026-08-27T17:15:37.322247,10.0,cam_09,ONLINE,0.36,0,651,551,1
2026-08-27T17:15:37.322247,10.0,cam_10,ONLINE,0.31,0,680,1538,1
2026-08-27T17:15:37.322247,10.0,cam_11,ONLINE,0.34,0,631,1658,1
2026-08-27T17:15:37.322247,10.0,cam_12,ONLINE,0.28,0,676,202,1
2026-08-27T17:15:37.322247,10.0,cam_13,ONLINE,0.3,0,579,111,1
2026-08-27T17:15:37.322247,10.0,cam_14,STALE,3.06,0,768,890,0
2026-08-27T17:15:37.322247,10.0,cam_15,ONLINE,1.83,0,724,1769,1
2026-08-27T17:15:47.344228,20.1,cam_01,ONLINE,0.31,0,827,1952,1
2026-08-27T17:15:47.344228,20.1,cam_02,ONLINE,0.23,0,899,1963,1
2026-08-27T17:15:47.344228,20.1,cam_03,ONLINE,0.23,0,689,1694,1
2026-08-27T17:15:47.344228,20.1,cam_04,ONLINE,0.28,0,540,93,1
2026-08-27T17:15:47.344228,20.1,cam_05,ONLINE,0.36,0,585,1551,1
2026-08-27T17:15:47.344228,20.1,cam_06,ONLINE,0.28,0,650,1071,1
2026-08-27T17:15:47.344228,20.1,cam_07,ONLINE,0.28,0,694,220,1
2026-08-27T17:15:47.344228,20.1,cam_08,ONLINE,0.11,0,805,1891,1
2026-08-27T17:15:47.344228,20.1,cam_09,ONLINE,0.36,0,651,551,1
2026-08-27T17:15:47.344228,20.1,cam_10,ONLINE,0.31,0,680,1538,1
2026-08-27T17:15:47.344228,20.1,cam_11,ONLINE,0.34,0,631,1658,1
2026-08-27T17:15:47.344228,20.1,cam_12,ONLINE,0.28,0,676,202,1
2026-08-27T17:15:47.344228,20.1,cam_13,ONLINE,0.3,0,579,111,1
2026-08-27T17:15:47.344228,20.1,cam_14,STALE,3.06,0,768,890,0
2026-08-27T17:15:47.344228,20.1,cam_15,ONLINE,1.83,0,724,1769,1
2026-08-27T17:15:57.364936,30.1,cam_01,ONLINE,0.31,0,827,1952,1
2026-08-27T17:15:57.364936,30.1,cam_02,ONLINE,0.23,0,899,1963,1
2026-08-27T17:15:57.364936,30.1,cam_03,ONLINE,0.23,0,689,1694,1
2026-08-27T17:15:57.364936,30.1,cam_04,ONLINE,0.28,0,540,93,1
2026-08-27T17:15:57.364936,30.1,cam_05,ONLINE,0.36,0,585,1551,1
2026-08-27T17:15:57.364936,30.1,cam_06,ONLINE,0.28,0,650,1071,1
2026-08-27T17:15:57.364936,30.1,cam_07,ONLINE,0.28,0,694,220,1
2026-08-27T17:15:57.364936,30.1,cam_08,ONLINE,0.11,0,805,1891,1
2026-08-27T17:15:57.364936,30.1,cam_09,ONLINE,0.36,0,651,551,1
2026-08-27T17:15:57.364936,30.1,cam_10,ONLINE,0.31,0,680,1538,1
2026-08-27T17:15:57.364936,30.1,cam_11,ONLINE,0.34,0,631,1658,1
2026-08-27T17:15:57.364936,30.1,cam_12,ONLINE,0.28,0,676,202,1
2026-08-27T17:15:57.364936,30.1,cam_13,ONLINE,0.3,0,579,111,1
2026-08-27T17:15:57.364936,30.1,cam_14,STALE,3.06,0,768,890,0
2026-08-27T17:15:57.364936,30.1,cam_15,ONLINE,1.83,0,724,1769,1
2026-08-27T17:16:07.385264,40.1,cam_01,ONLINE,0.31,0,827,1952,1
2026-08-27T17:16:07.385264,40.1,cam_02,ONLINE,0.23,0,899,1963,1
2026-08-27T17:16:07.385264,40.1,cam_03,ONLINE,0.23,0,689,1694,1
2026-08-27T17:16:07.385264,40.1,cam_04,ONLINE,0.28,0,540,93,1
2026-08-27T17:16:07.385264,40.1,cam_05,ONLINE,0.36,0,585,1551,1
2026-08-27T17:16:07.385264,40.1,cam_06,ONLINE,0.28,0,650,1071,1
2026-08-27T17:16:07.385264,40.1,cam_07,ONLINE,0.28,0,694,220,1
2026-08-27T17:16:07.385264,40.1,cam_08,ONLINE,0.11,0,805,1891,1
2026-08-27T17:16:07.385264,40.1,cam_09,ONLINE,0.36,0,651,551,1
2026-08-27T17:16:07.385264,40.1,cam_10,ONLINE,0.31,0,680,1538,1
2026-08-27T17:16:07.385264,40.1,cam_11,ONLINE,0.34,0,631,1658,1
2026-08-27T17:16:07.385264,40.1,cam_12,ONLINE,0.28,0,676,202,1
2026-08-27T17:16:07.385264,40.1,cam_13,ONLINE,0.3,0,579,111,1
2026-08-27T17:16:07.385264,40.1,cam_14,STALE,3.06,0,768,890,0
2026-08-27T17:16:07.385264,40.1,cam_15,ONLINE,1.83,0,724,1769,1
2026-08-27T17:16:17.406996,50.1,cam_01,ONLINE,0.31,0,827,1952,1
2026-08-27T17:16:17.406996,50.1,cam_02,ONLINE,0.23,0,899,1963,1
2026-08-27T17:16:17.406996,50.1,cam_03,ONLINE,0.23,0,689,1694,1
2026-08-27T17:16:17.406996,50.1,cam_04,ONLINE,0.28,0,540,93,1
2026-08-27T17:16:17.406996,50.1,cam_05,ONLINE,0.36,0,585,1551,1
2026-08-27T17:16:17.406996,50.1,cam_06,ONLINE,0.28,0,650,1071,1
2026-08-27T17:16:17.406996,50.1,cam_07,ONLINE,0.28,0,694,220,1
2026-08-27T17:16:17.406996,50.1,cam_08,ONLINE,0.11,0,805,1891,1
2026-08-27T17:16:17.406996,50.1,cam_09,ONLINE,0.36,0,651,551,1
2026-08-27T17:16:17.406996,50.1,cam_10,ONLINE,0.31,0,680,1538,1
2026-08-27T17:16:17.406996,50.1,cam_11,ONLINE,0.34,0,631,1658,1
2026-08-27T17:16:17.406996,50.1,cam_12,ONLINE,0.28,0,676,202,1
2026-08-27T17:16:17.406996,50.1,cam_13,ONLINE,0.3,0,579,111,1
2026-08-27T17:16:17.406996,50.1,cam_14,STALE,3.06,0,768,890,0
2026-08-27T17:16:17.406996,50.1,cam_15,ONLINE,1.83,0,724,1769,1
2026-08-27T17:16:27.444735,60.2,cam_01,RECONNECTING,-1.0,0,0,-1,0
2026-08-27T17:16:27.444735,60.2,cam_02,RECONNECTING,-1.0,0,0,-1,0
2026-08-27T17:16:27.444735,60.2,cam_03,RECONNECTING,-1.0,0,0,-1,0
2026-08-27T17:16:27.444735,60.2,cam_04,RECONNECTING,-1.0,0,0,-1,0
2026-08-27T17:16:27.444735,60.2,cam_05,RECONNECTING,-1.0,0,0,-1,0
2026-08-27T17:16:27.444735,60.2,cam_06,RECONNECTING,-1.0,0,0,-1,0
2026-08-27T17:16:27.444735,60.2,cam_07,RECONNECTING,-1.0,0,0,-1,0
2026-08-27T17:16:27.444735,60.2,cam_08,RECONNECTING,-1.0,0,0,-1,0
2026-08-27T17:16:27.444735,60.2,cam_09,RECONNECTING,-1.0,0,0,-1,0
2026-08-27T17:16:27.444735,60.2,cam_10,RECONNECTING,-1.0,0,0,-1,0
2026-08-27T17:16:27.444735,60.2,cam_11,RECONNECTING,-1.0,0,0,-1,0
2026-08-27T17:16:27.444735,60.2,cam_12,RECONNECTING,-1.0,0,0,-1,0
2026-08-27T17:16:27.444735,60.2,cam_13,RECONNECTING,-1.0,0,0,-1,0
2026-08-27T17:16:27.444735,60.2,cam_14,RECONNECTING,-1.0,0,0,-1,0
2026-08-27T17:16:27.444735,60.2,cam_15,RECONNECTING,-1.0,0,0,-1,0
2026-08-27T17:16:37.488249,70.2,cam_01,ONLINE,0.16,0,21,39,1
2026-08-27T17:16:37.488249,70.2,cam_02,ONLINE,0.06,0,21,39,1
2026-08-27T17:16:37.488249,70.2,cam_03,RECONNECTING,-1.0,0,0,-1,0
2026-08-27T17:16:37.488249,70.2,cam_04,RECONNECTING,-1.0,0,0,-1,0
2026-08-27T17:16:37.488249,70.2,cam_05,RECONNECTING,-1.0,0,0,-1,0
2026-08-27T17:16:37.488249,70.2,cam_06,RECONNECTING,-1.0,0,0,-1,0
2026-08-27T17:16:37.488249,70.2,cam_07,RECONNECTING,-1.0,0,0,-1,0
2026-08-27T17:16:37.488249,70.2,cam_08,RECONNECTING,-1.0,0,0,-1,0
2026-08-27T17:16:37.488249,70.2,cam_09,RECONNECTING,-1.0,0,0,-1,0
2026-08-27T17:16:37.488249,70.2,cam_10,RECONNECTING,-1.0,0,0,-1,0
2026-08-27T17:16:37.488249,70.2,cam_11,RECONNECTING,-1.0,0,0,-1,0
2026-08-27T17:16:37.488249,70.2,cam_12,RECONNECTING,-1.0,0,0,-1,0
2026-08-27T17:16:37.488249,70.2,cam_13,RECONNECTING,-1.0,0,0,-1,0
2026-08-27T17:16:37.488249,70.2,cam_14,RECONNECTING,-1.0,0,0,-1,0
2026-08-27T17:16:37.488249,70.2,cam_15,RECONNECTING,-1.0,0,0,-1,0
2026-08-27T17:16:47.514969,80.2,cam_01,ONLINE,0.11,0,81,111,1
2026-08-27T17:16:47.514969,80.2,cam_02,ONLINE,0.03,0,93,111,1
2026-08-27T17:16:47.514969,80.2,cam_03,ONLINE,0.14,0,40,50,1
2026-08-27T17:16:47.514969,80.2,cam_04,RECONNECTING,-1.0,0,0,-1,0
2026-08-27T17:16:47.514969,80.2,cam_05,ONLINE,0.16,0,40,50,1
2026-08-27T17:16:47.514969,80.2,cam_06,RECONNECTING,-1.0,0,0,-1,0
2026-08-27T17:16:47.514969,80.2,cam_07,RECONNECTING,-1.0,0,0,-1,0
2026-08-27T17:16:47.514969,80.2,cam_08,RECONNECTING,-1.0,0,0,-1,0
2026-08-27T17:16:47.514969,80.2,cam_09,RECONNECTING,-1.0,0,0,-1,0
2026-08-27T17:16:47.514969,80.2,cam_10,RECONNECTING,-1.0,0,0,-1,0
2026-08-27T17:16:47.514969,80.2,cam_11,RECONNECTING,-1.0,0,0,-1,0
2026-08-27T17:16:47.514969,80.2,cam_12,RECONNECTING,-1.0,0,0,-1,0
2026-08-27T17:16:47.514969,80.2,cam_13,RECONNECTING,-1.0,0,0,-1,0
2026-08-27T17:16:47.514969,80.2,cam_14,RECONNECTING,-1.0,0,0,-1,0
2026-08-27T17:16:47.514969,80.2,cam_15,RECONNECTING,-1.0,0,0,-1,0
2026-08-27T17:16:57.536013,90.3,cam_01,ONLINE,0.22,0,141,182,1
2026-08-27T17:16:57.536013,90.3,cam_02,ONLINE,0.05,0,152,183,1
2026-08-27T17:16:57.536013,90.3,cam_03,ONLINE,0.01,0,106,123,1
2026-08-27T17:16:57.536013,90.3,cam_04,RECONNECTING,-1.0,0,0,-1,0
2026-08-27T17:16:57.536013,90.3,cam_05,ONLINE,0.06,0,98,122,1
2026-08-27T17:16:57.536013,90.3,cam_06,RECONNECTING,-1.0,0,0,-1,0
2026-08-27T17:16:57.536013,90.3,cam_07,RECONNECTING,-1.0,0,0,-1,0
2026-08-27T17:16:57.536013,90.3,cam_08,RECONNECTING,-1.0,0,0,-1,0
2026-08-27T17:16:57.536013,90.3,cam_09,ONLINE,0.11,0,38,59,1
2026-08-27T17:16:57.536013,90.3,cam_10,RECONNECTING,-1.0,0,0,-1,0
2026-08-27T17:16:57.536013,90.3,cam_11,RECONNECTING,-1.0,0,0,-1,0
2026-08-27T17:16:57.536013,90.3,cam_12,RECONNECTING,-1.0,0,0,-1,0
2026-08-27T17:16:57.536013,90.3,cam_13,RECONNECTING,-1.0,0,0,-1,0
2026-08-27T17:16:57.536013,90.3,cam_14,RECONNECTING,-1.0,0,0,-1,0
2026-08-27T17:16:57.536013,90.3,cam_15,ONLINE,0.03,0,40,63,1
2026-08-27T17:17:07.560545,100.3,cam_01,ONLINE,2.11,0,173,233,1
2026-08-27T17:17:07.560545,100.3,cam_02,ONLINE,0.11,0,199,247,1
2026-08-27T17:17:07.560545,100.3,cam_03,ONLINE,0.2,0,152,186,1
2026-08-27T17:17:07.560545,100.3,cam_04,RECONNECTING,-1.0,0,0,-1,0
2026-08-27T17:17:07.560545,100.3,cam_05,ONLINE,0.14,0,147,186,1
2026-08-27T17:17:07.560545,100.3,cam_06,ONLINE,0.34,0,35,62,1
2026-08-27T17:17:07.560545,100.3,cam_07,ONLINE,0.12,0,34,66,1
2026-08-27T17:17:07.560545,100.3,cam_08,RECONNECTING,-1.0,0,0,-1,0
2026-08-27T17:17:07.560545,100.3,cam_09,ONLINE,0.19,0,72,123,1
2026-08-27T17:17:07.560545,100.3,cam_10,RECONNECTING,-1.0,0,0,-1,0
2026-08-27T17:17:07.560545,100.3,cam_11,RECONNECTING,-1.0,0,0,-1,0
2026-08-27T17:17:07.560545,100.3,cam_12,RECONNECTING,-1.0,0,0,-1,0
2026-08-27T17:17:07.560545,100.3,cam_13,RECONNECTING,-1.0,0,0,-1,0
2026-08-27T17:17:07.560545,100.3,cam_14,RECONNECTING,-1.0,0,0,-1,0
2026-08-27T17:17:07.560545,100.3,cam_15,ONLINE,0.27,0,82,126,1
2026-08-27T17:17:17.570241,110.3,cam_01,ONLINE,0.36,0,209,317,1
2026-08-27T17:17:17.570241,110.3,cam_02,ONLINE,0.19,0,244,318,1
2026-08-27T17:17:17.570241,110.3,cam_03,ONLINE,0.12,0,197,258,1
2026-08-27T17:17:17.570241,110.3,cam_04,RECONNECTING,-1.0,0,0,-1,0
2026-08-27T17:17:17.570241,110.3,cam_05,ONLINE,0.11,0,187,258,1
2026-08-27T17:17:17.570241,110.3,cam_06,ONLINE,0.14,0,74,135,1
2026-08-27T17:17:17.570241,110.3,cam_07,ONLINE,0.34,0,66,135,1
2026-08-27T17:17:17.570241,110.3,cam_08,ONLINE,0.33,0,35,65,1
2026-08-27T17:17:17.570241,110.3,cam_09,ONLINE,0.17,0,110,195,1
2026-08-27T17:17:17.570241,110.3,cam_10,RECONNECTING,-1.0,0,0,-1,0
2026-08-27T17:17:17.570241,110.3,cam_11,RECONNECTING,-1.0,0,0,-1,0
2026-08-27T17:17:17.570241,110.3,cam_12,ONLINE,0.16,0,3,13,1
2026-08-27T17:17:17.570241,110.3,cam_13,ONLINE,1.42,0,34,65,1
2026-08-27T17:17:17.570241,110.3,cam_14,RECONNECTING,-1.0,0,0,-1,0
2026-08-27T17:17:17.570241,110.3,cam_15,ONLINE,0.12,0,124,198,1
2026-08-27T17:17:27.594850,120.3,cam_01,ONLINE,0.12,0,240,391,1
2026-08-27T17:17:27.594850,120.3,cam_02,ONLINE,0.17,0,281,390,1
2026-08-27T17:17:27.594850,120.3,cam_03,ONLINE,0.44,0,235,328,1
2026-08-27T17:17:27.594850,120.3,cam_04,ONLINE,0.39,0,3,12,1
2026-08-27T17:17:27.594850,120.3,cam_05,ONLINE,2.84,0,215,311,1
2026-08-27T17:17:27.594850,120.3,cam_06,ONLINE,0.42,0,106,205,1
2026-08-27T17:17:27.594850,120.3,cam_07,ONLINE,0.44,0,103,205,1
2026-08-27T17:17:27.594850,120.3,cam_08,ONLINE,0.62,0,67,134,1
2026-08-27T17:17:27.594850,120.3,cam_09,ONLINE,0.3,0,141,266,1
2026-08-27T17:17:27.594850,120.3,cam_10,ONLINE,0.23,0,32,76,1
2026-08-27T17:17:27.594850,120.3,cam_11,ONLINE,0.16,0,8,24,1
2026-08-27T17:17:27.594850,120.3,cam_12,ONLINE,0.14,0,37,85,1
2026-08-27T17:17:27.594850,120.3,cam_13,ONLINE,0.44,0,44,118,1
2026-08-27T17:17:27.594850,120.3,cam_14,RECONNECTING,-1.0,0,0,-1,0
2026-08-27T17:17:27.594850,120.3,cam_15,ONLINE,0.16,0,156,270,1
2026-08-27T17:18:46.412609,0.0,cam_01,ONLINE,0.22,0,258,433,1
2026-08-27T17:18:46.412609,0.0,cam_02,ONLINE,0.64,0,297,430,1
2026-08-27T17:18:46.412609,0.0,cam_03,ONLINE,0.56,0,254,370,1
2026-08-27T17:18:46.412609,0.0,cam_04,ONLINE,0.27,0,20,56,1
2026-08-27T17:18:46.412609,0.0,cam_05,ONLINE,0.56,0,232,370,1
2026-08-27T17:18:46.412609,0.0,cam_06,ONLINE,0.41,0,120,248,1
2026-08-27T17:18:46.412609,0.0,cam_07,ONLINE,0.33,0,118,247,1
2026-08-27T17:18:46.412609,0.0,cam_08,ONLINE,0.3,0,86,180,1
2026-08-27T17:18:46.412609,0.0,cam_09,ONLINE,0.34,0,160,309,1
2026-08-27T17:18:46.412609,0.0,cam_10,ONLINE,0.66,0,49,116,1
2026-08-27T17:18:46.412609,0.0,cam_11,ONLINE,0.3,0,24,66,1
2026-08-27T17:18:46.412609,0.0,cam_12,ONLINE,0.27,0,53,127,1
2026-08-27T17:18:46.412609,0.0,cam_13,ONLINE,0.73,0,49,168,1
2026-08-27T17:18:46.412609,0.0,cam_14,RECONNECTING,-1.0,0,0,-1,0
2026-08-27T17:18:46.412609,0.0,cam_15,ONLINE,0.19,0,172,313,1
2026-08-27T17:18:56.461404,10.0,cam_01,ONLINE,0.22,0,258,433,1
2026-08-27T17:18:56.461404,10.0,cam_02,ONLINE,0.64,0,297,430,1
2026-08-27T17:18:56.461404,10.0,cam_03,ONLINE,0.56,0,254,370,1
2026-08-27T17:18:56.461404,10.0,cam_04,ONLINE,0.27,0,20,56,1
2026-08-27T17:18:56.461404,10.0,cam_05,ONLINE,0.56,0,232,370,1
2026-08-27T17:18:56.461404,10.0,cam_06,ONLINE,0.41,0,120,248,1
2026-08-27T17:18:56.461404,10.0,cam_07,ONLINE,0.33,0,118,247,1
2026-08-27T17:18:56.461404,10.0,cam_08,ONLINE,0.3,0,86,180,1
2026-08-27T17:18:56.461404,10.0,cam_09,ONLINE,0.34,0,160,309,1
2026-08-27T17:18:56.461404,10.0,cam_10,ONLINE,0.66,0,49,116,1
2026-08-27T17:18:56.461404,10.0,cam_11,ONLINE,0.3,0,24,66,1
2026-08-27T17:18:56.461404,10.0,cam_12,ONLINE,0.27,0,53,127,1
2026-08-27T17:18:56.461404,10.0,cam_13,ONLINE,0.73,0,49,168,1
2026-08-27T17:18:56.461404,10.0,cam_14,RECONNECTING,-1.0,0,0,-1,0
2026-08-27T17:18:56.461404,10.0,cam_15,ONLINE,0.19,0,172,313,1
2026-08-27T17:19:06.483794,20.1,cam_01,ONLINE,0.22,0,258,433,1
2026-08-27T17:19:06.483794,20.1,cam_02,ONLINE,0.64,0,297,430,1
2026-08-27T17:19:06.483794,20.1,cam_03,ONLINE,0.56,0,254,370,1
2026-08-27T17:19:06.483794,20.1,cam_04,ONLINE,0.27,0,20,56,1
2026-08-27T17:19:06.483794,20.1,cam_05,ONLINE,0.56,0,232,370,1
2026-08-27T17:19:06.483794,20.1,cam_06,ONLINE,0.41,0,120,248,1
2026-08-27T17:19:06.483794,20.1,cam_07,ONLINE,0.33,0,118,247,1
2026-08-27T17:19:06.483794,20.1,cam_08,ONLINE,0.3,0,86,180,1
2026-08-27T17:19:06.483794,20.1,cam_09,ONLINE,0.34,0,160,309,1
2026-08-27T17:19:06.483794,20.1,cam_10,ONLINE,0.66,0,49,116,1
2026-08-27T17:19:06.483794,20.1,cam_11,ONLINE,0.3,0,24,66,1
2026-08-27T17:19:06.483794,20.1,cam_12,ONLINE,0.27,0,53,127,1
2026-08-27T17:19:06.483794,20.1,cam_13,ONLINE,0.73,0,49,168,1
2026-08-27T17:19:06.483794,20.1,cam_14,RECONNECTING,-1.0,0,0,-1,0
2026-08-27T17:19:06.483794,20.1,cam_15,ONLINE,0.19,0,172,313,1
2026-08-27T17:19:16.514075,30.1,cam_01,ONLINE,0.22,0,258,433,1
2026-08-27T17:19:16.514075,30.1,cam_02,ONLINE,0.64,0,297,430,1
2026-08-27T17:19:16.514075,30.1,cam_03,ONLINE,0.56,0,254,370,1
2026-08-27T17:19:16.514075,30.1,cam_04,ONLINE,0.27,0,20,56,1
2026-08-27T17:19:16.514075,30.1,cam_05,ONLINE,0.56,0,232,370,1
2026-08-27T17:19:16.514075,30.1,cam_06,ONLINE,0.41,0,120,248,1
2026-08-27T17:19:16.514075,30.1,cam_07,ONLINE,0.33,0,118,247,1
2026-08-27T17:19:16.514075,30.1,cam_08,ONLINE,0.3,0,86,180,1
2026-08-27T17:19:16.514075,30.1,cam_09,ONLINE,0.34,0,160,309,1
2026-08-27T17:19:16.514075,30.1,cam_10,ONLINE,0.66,0,49,116,1
2026-08-27T17:19:16.514075,30.1,cam_11,ONLINE,0.3,0,24,66,1
2026-08-27T17:19:16.514075,30.1,cam_12,ONLINE,0.27,0,53,127,1
2026-08-27T17:19:16.514075,30.1,cam_13,ONLINE,0.73,0,49,168,1
2026-08-27T17:19:16.514075,30.1,cam_14,RECONNECTING,-1.0,0,0,-1,0
2026-08-27T17:19:16.514075,30.1,cam_15,ONLINE,0.19,0,172,313,1
2026-08-27T17:19:26.541666,40.1,cam_01,ONLINE,0.22,0,258,433,1
2026-08-27T17:19:26.541666,40.1,cam_02,ONLINE,0.64,0,297,430,1
2026-08-27T17:19:26.541666,40.1,cam_03,ONLINE,0.56,0,254,370,1
2026-08-27T17:19:26.541666,40.1,cam_04,ONLINE,0.27,0,20,56,1
2026-08-27T17:19:26.541666,40.1,cam_05,ONLINE,0.56,0,232,370,1
2026-08-27T17:19:26.541666,40.1,cam_06,ONLINE,0.41,0,120,248,1
2026-08-27T17:19:26.541666,40.1,cam_07,ONLINE,0.33,0,118,247,1
2026-08-27T17:19:26.541666,40.1,cam_08,ONLINE,0.3,0,86,180,1
2026-08-27T17:19:26.541666,40.1,cam_09,ONLINE,0.34,0,160,309,1
2026-08-27T17:19:26.541666,40.1,cam_10,ONLINE,0.66,0,49,116,1
2026-08-27T17:19:26.541666,40.1,cam_11,ONLINE,0.3,0,24,66,1
2026-08-27T17:19:26.541666,40.1,cam_12,ONLINE,0.27,0,53,127,1
2026-08-27T17:19:26.541666,40.1,cam_13,ONLINE,0.73,0,49,168,1
2026-08-27T17:19:26.541666,40.1,cam_14,RECONNECTING,-1.0,0,0,-1,0
2026-08-27T17:19:26.541666,40.1,cam_15,ONLINE,0.19,0,172,313,1
2026-08-27T17:19:36.581357,50.2,cam_01,ONLINE,0.22,0,258,433,1
2026-08-27T17:19:36.581357,50.2,cam_02,ONLINE,0.64,0,297,430,1
2026-08-27T17:19:36.581357,50.2,cam_03,ONLINE,0.56,0,254,370,1
2026-08-27T17:19:36.581357,50.2,cam_04,ONLINE,0.27,0,20,56,1
2026-08-27T17:19:36.581357,50.2,cam_05,ONLINE,0.56,0,232,370,1
2026-08-27T17:19:36.581357,50.2,cam_06,ONLINE,0.41,0,120,248,1
2026-08-27T17:19:36.581357,50.2,cam_07,ONLINE,0.33,0,118,247,1
2026-08-27T17:19:36.581357,50.2,cam_08,ONLINE,0.3,0,86,180,1
2026-08-27T17:19:36.581357,50.2,cam_09,ONLINE,0.34,0,160,309,1
2026-08-27T17:19:36.581357,50.2,cam_10,ONLINE,0.66,0,49,116,1
2026-08-27T17:19:36.581357,50.2,cam_11,ONLINE,0.3,0,24,66,1
2026-08-27T17:19:36.581357,50.2,cam_12,ONLINE,0.27,0,53,127,1
2026-08-27T17:19:36.581357,50.2,cam_13,ONLINE,0.73,0,49,168,1
2026-08-27T17:19:36.581357,50.2,cam_14,RECONNECTING,-1.0,0,0,-1,0
2026-08-27T17:19:36.581357,50.2,cam_15,ONLINE,0.19,0,172,313,1
2026-08-27T17:19:46.620590,60.2,cam_01,ONLINE,0.22,0,258,433,1
2026-08-27T17:19:46.620590,60.2,cam_02,ONLINE,0.64,0,297,430,1
2026-08-27T17:19:46.620590,60.2,cam_03,ONLINE,0.56,0,254,370,1
2026-08-27T17:19:46.620590,60.2,cam_04,ONLINE,0.27,0,20,56,1
2026-08-27T17:19:46.620590,60.2,cam_05,ONLINE,0.56,0,232,370,1
2026-08-27T17:19:46.620590,60.2,cam_06,ONLINE,0.41,0,120,248,1
2026-08-27T17:19:46.620590,60.2,cam_07,ONLINE,0.33,0,118,247,1
2026-08-27T17:19:46.620590,60.2,cam_08,ONLINE,0.3,0,86,180,1
2026-08-27T17:19:46.620590,60.2,cam_09,ONLINE,0.34,0,160,309,1
2026-08-27T17:19:46.620590,60.2,cam_10,ONLINE,0.66,0,49,116,1
2026-08-27T17:19:46.620590,60.2,cam_11,ONLINE,0.3,0,24,66,1
2026-08-27T17:19:46.620590,60.2,cam_12,ONLINE,0.27,0,53,127,1
2026-08-27T17:19:46.620590,60.2,cam_13,ONLINE,0.73,0,49,168,1
2026-08-27T17:19:46.620590,60.2,cam_14,RECONNECTING,-1.0,0,0,-1,0
2026-08-27T17:19:46.620590,60.2,cam_15,ONLINE,0.19,0,172,313,1
2026-08-27T17:19:56.664944,70.2,cam_01,ONLINE,0.22,0,258,433,1
2026-08-27T17:19:56.664944,70.2,cam_02,ONLINE,0.64,0,297,430,1
2026-08-27T17:19:56.664944,70.2,cam_03,ONLINE,0.56,0,254,370,1
2026-08-27T17:19:56.664944,70.2,cam_04,ONLINE,0.27,0,20,56,1
2026-08-27T17:19:56.664944,70.2,cam_05,ONLINE,0.56,0,232,370,1
2026-08-27T17:19:56.664944,70.2,cam_06,ONLINE,0.41,0,120,248,1
2026-08-27T17:19:56.664944,70.2,cam_07,ONLINE,0.33,0,118,247,1
2026-08-27T17:19:56.664944,70.2,cam_08,ONLINE,0.3,0,86,180,1
2026-08-27T17:19:56.664944,70.2,cam_09,ONLINE,0.34,0,160,309,1
2026-08-27T17:19:56.664944,70.2,cam_10,ONLINE,0.66,0,49,116,1
2026-08-27T17:19:56.664944,70.2,cam_11,ONLINE,0.3,0,24,66,1
2026-08-27T17:19:56.664944,70.2,cam_12,ONLINE,0.27,0,53,127,1
2026-08-27T17:19:56.664944,70.2,cam_13,ONLINE,0.73,0,49,168,1
2026-08-27T17:19:56.664944,70.2,cam_14,RECONNECTING,-1.0,0,0,-1,0
2026-08-27T17:19:56.664944,70.2,cam_15,ONLINE,0.19,0,172,313,1
2026-08-27T17:20:06.717971,80.3,cam_01,ONLINE,0.22,0,258,433,1
2026-08-27T17:20:06.717971,80.3,cam_02,ONLINE,0.64,0,297,430,1
2026-08-27T17:20:06.717971,80.3,cam_03,ONLINE,0.56,0,254,370,1
2026-08-27T17:20:06.717971,80.3,cam_04,ONLINE,0.27,0,20,56,1
2026-08-27T17:20:06.717971,80.3,cam_05,ONLINE,0.56,0,232,370,1
2026-08-27T17:20:06.717971,80.3,cam_06,ONLINE,0.41,0,120,248,1
2026-08-27T17:20:06.717971,80.3,cam_07,ONLINE,0.33,0,118,247,1
2026-08-27T17:20:06.717971,80.3,cam_08,ONLINE,0.3,0,86,180,1
2026-08-27T17:20:06.717971,80.3,cam_09,ONLINE,0.34,0,160,309,1
2026-08-27T17:20:06.717971,80.3,cam_10,ONLINE,0.66,0,49,116,1
2026-08-27T17:20:06.717971,80.3,cam_11,ONLINE,0.3,0,24,66,1
2026-08-27T17:20:06.717971,80.3,cam_12,ONLINE,0.27,0,53,127,1
2026-08-27T17:20:06.717971,80.3,cam_13,ONLINE,0.73,0,49,168,1
2026-08-27T17:20:06.717971,80.3,cam_14,RECONNECTING,-1.0,0,0,-1,0
2026-08-27T17:20:06.717971,80.3,cam_15,ONLINE,0.19,0,172,313,1
2026-08-27T17:20:16.753597,90.3,cam_01,ONLINE,0.22,0,258,433,1
2026-08-27T17:20:16.753597,90.3,cam_02,ONLINE,0.64,0,297,430,1
2026-08-27T17:20:16.753597,90.3,cam_03,ONLINE,0.56,0,254,370,1
2026-08-27T17:20:16.753597,90.3,cam_04,ONLINE,0.27,0,20,56,1
2026-08-27T17:20:16.753597,90.3,cam_05,ONLINE,0.56,0,232,370,1
2026-08-27T17:20:16.753597,90.3,cam_06,ONLINE,0.41,0,120,248,1
2026-08-27T17:20:16.753597,90.3,cam_07,ONLINE,0.33,0,118,247,1
2026-08-27T17:20:16.753597,90.3,cam_08,ONLINE,0.3,0,86,180,1
2026-08-27T17:20:16.753597,90.3,cam_09,ONLINE,0.34,0,160,309,1
2026-08-27T17:20:16.753597,90.3,cam_10,ONLINE,0.66,0,49,116,1
2026-08-27T17:20:16.753597,90.3,cam_11,ONLINE,0.3,0,24,66,1
2026-08-27T17:20:16.753597,90.3,cam_12,ONLINE,0.27,0,53,127,1
2026-08-27T17:20:16.753597,90.3,cam_13,ONLINE,0.73,0,49,168,1
2026-08-27T17:20:16.753597,90.3,cam_14,RECONNECTING,-1.0,0,0,-1,0
2026-08-27T17:20:16.753597,90.3,cam_15,ONLINE,0.19,0,172,313,1
2026-08-27T17:20:26.800729,100.4,cam_01,ONLINE,0.22,0,258,433,1
2026-08-27T17:20:26.800729,100.4,cam_02,ONLINE,0.64,0,297,430,1
2026-08-27T17:20:26.800729,100.4,cam_03,ONLINE,0.56,0,254,370,1
2026-08-27T17:20:26.800729,100.4,cam_04,ONLINE,0.27,0,20,56,1
2026-08-27T17:20:26.800729,100.4,cam_05,ONLINE,0.56,0,232,370,1
2026-08-27T17:20:26.800729,100.4,cam_06,ONLINE,0.41,0,120,248,1
2026-08-27T17:20:26.800729,100.4,cam_07,ONLINE,0.33,0,118,247,1
2026-08-27T17:20:26.800729,100.4,cam_08,ONLINE,0.3,0,86,180,1
2026-08-27T17:20:26.800729,100.4,cam_09,ONLINE,0.34,0,160,309,1
2026-08-27T17:20:26.800729,100.4,cam_10,ONLINE,0.66,0,49,116,1
2026-08-27T17:20:26.800729,100.4,cam_11,ONLINE,0.3,0,24,66,1
2026-08-27T17:20:26.800729,100.4,cam_12,ONLINE,0.27,0,53,127,1
2026-08-27T17:20:26.800729,100.4,cam_13,ONLINE,0.73,0,49,168,1
2026-08-27T17:20:26.800729,100.4,cam_14,RECONNECTING,-1.0,0,0,-1,0
2026-08-27T17:20:26.800729,100.4,cam_15,ONLINE,0.19,0,172,313,1
2026-08-27T17:20:36.853288,110.4,cam_01,ONLINE,0.22,0,258,433,1
2026-08-27T17:20:36.853288,110.4,cam_02,ONLINE,0.64,0,297,430,1
2026-08-27T17:20:36.853288,110.4,cam_03,ONLINE,0.56,0,254,370,1
2026-08-27T17:20:36.853288,110.4,cam_04,ONLINE,0.27,0,20,56,1
2026-08-27T17:20:36.853288,110.4,cam_05,ONLINE,0.56,0,232,370,1
2026-08-27T17:20:36.853288,110.4,cam_06,ONLINE,0.41,0,120,248,1
2026-08-27T17:20:36.853288,110.4,cam_07,ONLINE,0.33,0,118,247,1
2026-08-27T17:20:36.853288,110.4,cam_08,ONLINE,0.3,0,86,180,1
2026-08-27T17:20:36.853288,110.4,cam_09,ONLINE,0.34,0,160,309,1
2026-08-27T17:20:36.853288,110.4,cam_10,ONLINE,0.66,0,49,116,1
2026-08-27T17:20:36.853288,110.4,cam_11,ONLINE,0.3,0,24,66,1
2026-08-27T17:20:36.853288,110.4,cam_12,ONLINE,0.27,0,53,127,1
2026-08-27T17:20:36.853288,110.4,cam_13,ONLINE,0.73,0,49,168,1
2026-08-27T17:20:36.853288,110.4,cam_14,RECONNECTING,-1.0,0,0,-1,0
2026-08-27T17:20:36.853288,110.4,cam_15,ONLINE,0.19,0,172,313,1
2026-08-27T17:20:46.883860,120.5,cam_01,ONLINE,0.22,0,258,433,1
2026-08-27T17:20:46.883860,120.5,cam_02,ONLINE,0.64,0,297,430,1
2026-08-27T17:20:46.883860,120.5,cam_03,ONLINE,0.56,0,254,370,1
2026-08-27T17:20:46.883860,120.5,cam_04,ONLINE,0.27,0,20,56,1
2026-08-27T17:20:46.883860,120.5,cam_05,ONLINE,0.56,0,232,370,1
2026-08-27T17:20:46.883860,120.5,cam_06,ONLINE,0.41,0,120,248,1
2026-08-27T17:20:46.883860,120.5,cam_07,ONLINE,0.33,0,118,247,1
2026-08-27T17:20:46.883860,120.5,cam_08,ONLINE,0.3,0,86,180,1
2026-08-27T17:20:46.883860,120.5,cam_09,ONLINE,0.34,0,160,309,1
2026-08-27T17:20:46.883860,120.5,cam_10,ONLINE,0.66,0,49,116,1
2026-08-27T17:20:46.883860,120.5,cam_11,ONLINE,0.3,0,24,66,1
2026-08-27T17:20:46.883860,120.5,cam_12,ONLINE,0.27,0,53,127,1
2026-08-27T17:20:46.883860,120.5,cam_13,ONLINE,0.73,0,49,168,1
2026-08-27T17:20:46.883860,120.5,cam_14,RECONNECTING,-1.0,0,0,-1,0
2026-08-27T17:20:46.883860,120.5,cam_15,ONLINE,0.19,0,172,313,1
2026-08-27T17:20:56.925755,130.5,cam_01,ONLINE,0.22,0,258,433,1
2026-08-27T17:20:56.925755,130.5,cam_02,ONLINE,0.64,0,297,430,1
2026-08-27T17:20:56.925755,130.5,cam_03,ONLINE,0.56,0,254,370,1
2026-08-27T17:20:56.925755,130.5,cam_04,ONLINE,0.27,0,20,56,1
2026-08-27T17:20:56.925755,130.5,cam_05,ONLINE,0.56,0,232,370,1
2026-08-27T17:20:56.925755,130.5,cam_06,ONLINE,0.41,0,120,248,1
2026-08-27T17:20:56.925755,130.5,cam_07,ONLINE,0.33,0,118,247,1
2026-08-27T17:20:56.925755,130.5,cam_08,ONLINE,0.3,0,86,180,1
2026-08-27T17:20:56.925755,130.5,cam_09,ONLINE,0.34,0,160,309,1
2026-08-27T17:20:56.925755,130.5,cam_10,ONLINE,0.66,0,49,116,1
2026-08-27T17:20:56.925755,130.5,cam_11,ONLINE,0.3,0,24,66,1
2026-08-27T17:20:56.925755,130.5,cam_12,ONLINE,0.27,0,53,127,1
2026-08-27T17:20:56.925755,130.5,cam_13,ONLINE,0.73,0,49,168,1
2026-08-27T17:20:56.925755,130.5,cam_14,RECONNECTING,-1.0,0,0,-1,0
2026-08-27T17:20:56.925755,130.5,cam_15,ONLINE,0.19,0,172,313,1
2026-08-27T17:21:06.961996,140.5,cam_01,ONLINE,0.22,0,258,433,1
2026-08-27T17:21:06.961996,140.5,cam_02,ONLINE,0.64,0,297,430,1
2026-08-27T17:21:06.961996,140.5,cam_03,ONLINE,0.56,0,254,370,1
2026-08-27T17:21:06.961996,140.5,cam_04,ONLINE,0.27,0,20,56,1
2026-08-27T17:21:06.961996,140.5,cam_05,ONLINE,0.56,0,232,370,1
2026-08-27T17:21:06.961996,140.5,cam_06,ONLINE,0.41,0,120,248,1
2026-08-27T17:21:06.961996,140.5,cam_07,ONLINE,0.33,0,118,247,1
2026-08-27T17:21:06.961996,140.5,cam_08,ONLINE,0.3,0,86,180,1
2026-08-27T17:21:06.961996,140.5,cam_09,ONLINE,0.34,0,160,309,1
2026-08-27T17:21:06.961996,140.5,cam_10,ONLINE,0.66,0,49,116,1
2026-08-27T17:21:06.961996,140.5,cam_11,ONLINE,0.3,0,24,66,1
2026-08-27T17:21:06.961996,140.5,cam_12,ONLINE,0.27,0,53,127,1
2026-08-27T17:21:06.961996,140.5,cam_13,ONLINE,0.73,0,49,168,1
2026-08-27T17:21:06.961996,140.5,cam_14,RECONNECTING,-1.0,0,0,-1,0
2026-08-27T17:21:06.961996,140.5,cam_15,ONLINE,0.19,0,172,313,1
2026-08-27T17:21:17.017705,150.6,cam_01,ONLINE,0.22,0,258,433,1
2026-08-27T17:21:17.017705,150.6,cam_02,ONLINE,0.64,0,297,430,1
2026-08-27T17:21:17.017705,150.6,cam_03,ONLINE,0.56,0,254,370,1
2026-08-27T17:21:17.017705,150.6,cam_04,ONLINE,0.27,0,20,56,1
2026-08-27T17:21:17.017705,150.6,cam_05,ONLINE,0.56,0,232,370,1
2026-08-27T17:21:17.017705,150.6,cam_06,ONLINE,0.41,0,120,248,1
2026-08-27T17:21:17.017705,150.6,cam_07,ONLINE,0.33,0,118,247,1
2026-08-27T17:21:17.017705,150.6,cam_08,ONLINE,0.3,0,86,180,1
2026-08-27T17:21:17.017705,150.6,cam_09,ONLINE,0.34,0,160,309,1
2026-08-27T17:21:17.017705,150.6,cam_10,ONLINE,0.66,0,49,116,1
2026-08-27T17:21:17.017705,150.6,cam_11,ONLINE,0.3,0,24,66,1
2026-08-27T17:21:17.017705,150.6,cam_12,ONLINE,0.27,0,53,127,1
2026-08-27T17:21:17.017705,150.6,cam_13,ONLINE,0.73,0,49,168,1
2026-08-27T17:21:17.017705,150.6,cam_14,RECONNECTING,-1.0,0,0,-1,0
2026-08-27T17:21:17.017705,150.6,cam_15,ONLINE,0.19,0,172,313,1
2026-08-27T17:24:56.699660,0.0,cam_01,ONLINE,0.25,0,111,146,1
2026-08-27T17:24:56.699660,0.0,cam_02,ONLINE,0.3,0,100,146,1
2026-08-27T17:24:56.699660,0.0,cam_03,RECONNECTING,-1.0,0,0,-1,0
2026-08-27T17:24:56.699660,0.0,cam_04,RECONNECTING,-1.0,0,0,-1,0
2026-08-27T17:24:56.699660,0.0,cam_05,RECONNECTING,-1.0,0,0,-1,0
2026-08-27T17:24:56.699660,0.0,cam_06,ONLINE,0.09,0,55,86,1
2026-08-27T17:24:56.699660,0.0,cam_07,ONLINE,0.11,0,16,25,1
2026-08-27T17:24:56.699660,0.0,cam_08,RECONNECTING,-1.0,0,0,-1,0
2026-08-27T17:24:56.699660,0.0,cam_09,RECONNECTING,-1.0,0,0,-1,0
2026-08-27T17:24:56.699660,0.0,cam_10,RECONNECTING,-1.0,0,0,-1,0
2026-08-27T17:24:56.699660,0.0,cam_11,ONLINE,0.09,0,70,85,1
2026-08-27T17:24:56.699660,0.0,cam_12,ONLINE,0.23,0,12,23,1
2026-08-27T17:24:56.699660,0.0,cam_13,RECONNECTING,-1.0,0,0,-1,0
2026-08-27T17:24:56.699660,0.0,cam_14,RECONNECTING,-1.0,0,0,-1,0
2026-08-27T17:24:56.699660,0.0,cam_15,RECONNECTING,-1.0,0,0,-1,0
2026-08-27T17:25:06.757348,10.1,cam_01,ONLINE,0.06,0,172,219,1
2026-08-27T17:25:06.757348,10.1,cam_02,ONLINE,0.11,0,157,219,1
2026-08-27T17:25:06.757348,10.1,cam_03,RECONNECTING,-1.0,0,0,-1,0
2026-08-27T17:25:06.757348,10.1,cam_04,RECONNECTING,-1.0,0,0,-1,0
2026-08-27T17:25:06.757348,10.1,cam_05,ONLINE,0.09,0,19,35,1
2026-08-27T17:25:06.757348,10.1,cam_06,ONLINE,0.17,0,105,157,1
2026-08-27T17:25:06.757348,10.1,cam_07,ONLINE,0.2,0,71,96,1
2026-08-27T17:25:06.757348,10.1,cam_08,RECONNECTING,-1.0,0,0,-1,0
2026-08-27T17:25:06.757348,10.1,cam_09,RECONNECTING,-1.0,0,0,-1,0
2026-08-27T17:25:06.757348,10.1,cam_10,RECONNECTING,-1.0,0,0,-1,0
2026-08-27T17:25:06.757348,10.1,cam_11,ONLINE,1.28,0,107,148,1
2026-08-27T17:25:06.757348,10.1,cam_12,ONLINE,0.16,0,64,95,1
2026-08-27T17:25:06.757348,10.1,cam_13,RECONNECTING,-1.0,0,0,-1,0
2026-08-27T17:25:06.757348,10.1,cam_14,RECONNECTING,-1.0,0,0,-1,0
2026-08-27T17:25:06.757348,10.1,cam_15,ONLINE,0.14,0,18,34,1
2026-08-27T17:25:16.790850,20.1,cam_01,ONLINE,0.11,0,211,283,1
2026-08-27T17:25:16.790850,20.1,cam_02,ONLINE,0.17,0,207,283,1
2026-08-27T17:25:16.790850,20.1,cam_03,RECONNECTING,-1.0,0,0,-1,0
2026-08-27T17:25:16.790850,20.1,cam_04,RECONNECTING,-1.0,0,0,-1,0
2026-08-27T17:25:16.790850,20.1,cam_05,ONLINE,0.14,0,69,99,1
2026-08-27T17:25:16.790850,20.1,cam_06,ONLINE,0.23,0,148,221,1
2026-08-27T17:25:16.790850,20.1,cam_07,ONLINE,0.39,0,118,159,1
2026-08-27T17:25:16.790850,20.1,cam_08,ONLINE,0.31,0,11,32,1
2026-08-27T17:25:16.790850,20.1,cam_09,RECONNECTING,-1.0,0,0,-1,0
2026-08-27T17:25:16.790850,20.1,cam_10,RECONNECTING,-1.0,0,0,-1,0
2026-08-27T17:25:16.790850,20.1,cam_11,ONLINE,0.36,0,148,219,1
2026-08-27T17:25:16.790850,20.1,cam_12,ONLINE,0.25,0,101,159,1
2026-08-27T17:25:16.790850,20.1,cam_13,RECONNECTING,-1.0,0,0,-1,0
2026-08-27T17:25:16.790850,20.1,cam_14,ONLINE,0.2,0,9,32,1
2026-08-27T17:25:16.790850,20.1,cam_15,ONLINE,0.19,0,62,98,1
2026-08-27T17:25:26.799127,30.1,cam_01,ONLINE,0.44,0,249,352,1
2026-08-27T17:25:26.799127,30.1,cam_02,ONLINE,0.33,0,244,353,1
2026-08-27T17:25:26.799127,30.1,cam_03,RECONNECTING,-1.0,0,0,-1,0
2026-08-27T17:25:26.799127,30.1,cam_04,RECONNECTING,-1.0,0,0,-1,0
2026-08-27T17:25:26.799127,30.1,cam_05,ONLINE,0.48,0,101,168,1
2026-08-27T17:25:26.799127,30.1,cam_06,ONLINE,0.48,0,178,290,1
2026-08-27T17:25:26.799127,30.1,cam_07,ONLINE,0.3,0,147,231,1
2026-08-27T17:25:26.799127,30.1,cam_08,ONLINE,0.23,0,48,104,1
2026-08-27T17:25:26.799127,30.1,cam_09,ONLINE,0.23,0,20,42,1
2026-08-27T17:25:26.799127,30.1,cam_10,ONLINE,0.77,0,18,37,1
2026-08-27T17:25:26.799127,30.1,cam_11,ONLINE,0.2,0,180,291,1
2026-08-27T17:25:26.799127,30.1,cam_12,ONLINE,0.44,0,134,229,1
2026-08-27T17:25:26.799127,30.1,cam_13,RECONNECTING,-1.0,0,0,-1,0
2026-08-27T17:25:26.799127,30.1,cam_14,ONLINE,0.22,0,26,86,1
2026-08-27T17:25:26.799127,30.1,cam_15,ONLINE,0.52,0,82,166,1
2026-08-27T17:25:36.821830,40.1,cam_01,ONLINE,0.28,0,284,425,1
2026-08-27T17:25:36.821830,40.1,cam_02,ONLINE,0.31,0,277,425,1
2026-08-27T17:25:36.821830,40.1,cam_03,ONLINE,0.22,0,16,51,1
2026-08-27T17:25:36.821830,40.1,cam_04,ONLINE,0.17,0,26,54,1
2026-08-27T17:25:36.821830,40.1,cam_05,ONLINE,0.31,0,136,241,1
2026-08-27T17:25:36.821830,40.1,cam_06,ONLINE,0.19,0,208,364,1
2026-08-27T17:25:36.821830,40.1,cam_07,ONLINE,0.44,0,183,301,1
2026-08-27T17:25:36.821830,40.1,cam_08,ONLINE,0.34,0,79,175,1
2026-08-27T17:25:36.821830,40.1,cam_09,ONLINE,0.38,0,54,113,1
2026-08-27T17:25:36.821830,40.1,cam_10,ONLINE,0.25,0,47,112,1
2026-08-27T17:25:36.821830,40.1,cam_11,STALE,3.09,0,194,337,0
2026-08-27T17:25:36.821830,40.1,cam_12,ONLINE,0.3,0,173,302,1
2026-08-27T17:25:36.821830,40.1,cam_13,RECONNECTING,-1.0,0,0,-1,0
2026-08-27T17:25:36.821830,40.1,cam_14,ONLINE,2.92,0,47,156,1
2026-08-27T17:25:36.821830,40.1,cam_15,ONLINE,0.3,0,113,239,1
2026-08-27T17:25:46.830051,50.1,cam_01,ONLINE,0.3,0,324,496,1
2026-08-27T17:25:46.830051,50.1,cam_02,ONLINE,0.34,0,321,496,1
2026-08-27T17:25:46.830051,50.1,cam_03,ONLINE,0.2,0,49,123,1
2026-08-27T17:25:46.830051,50.1,cam_04,ONLINE,0.23,0,62,125,1
2026-08-27T17:25:46.830051,50.1,cam_05,ONLINE,0.39,0,164,312,1
2026-08-27T17:25:46.830051,50.1,cam_06,ONLINE,0.39,0,247,434,1
2026-08-27T17:25:46.830051,50.1,cam_07,ONLINE,0.28,0,204,374,1
2026-08-27T17:25:46.830051,50.1,cam_08,ONLINE,0.2,0,117,247,1
2026-08-27T17:25:46.830051,50.1,cam_09,ONLINE,0.3,0,92,185,1
2026-08-27T17:25:46.830051,50.1,cam_10,ONLINE,0.2,0,86,184,1
2026-08-27T17:25:46.830051,50.1,cam_11,ONLINE,0.14,0,235,434,1
2026-08-27T17:25:46.830051,50.1,cam_12,ONLINE,0.12,0,214,374,1
2026-08-27T17:25:46.830051,50.1,cam_13,ONLINE,0.36,0,35,63,1
2026-08-27T17:25:46.830051,50.1,cam_14,STALE,4.97,0,48,157,0
2026-08-27T17:25:46.830051,50.1,cam_15,ONLINE,0.38,0,145,310,1
2026-08-27T17:25:56.847405,60.2,cam_01,ONLINE,0.12,0,363,569,1
2026-08-27T17:25:56.847405,60.2,cam_02,ONLINE,0.19,0,368,569,1
2026-08-27T17:25:56.847405,60.2,cam_03,ONLINE,0.14,0,95,195,1
2026-08-27T17:25:56.847405,60.2,cam_04,ONLINE,0.72,0,102,191,1
2026-08-27T17:25:56.847405,60.2,cam_05,ONLINE,1.69,0,194,373,1
2026-08-27T17:25:56.847405,60.2,cam_06,ONLINE,0.34,0,281,506,1
2026-08-27T17:25:56.847405,60.2,cam_07,ONLINE,0.62,0,207,378,1
2026-08-27T17:25:56.847405,60.2,cam_08,ONLINE,0.42,0,159,317,1
2026-08-27T17:25:56.847405,60.2,cam_09,ONLINE,0.19,0,126,257,1
2026-08-27T17:25:56.847405,60.2,cam_10,ONLINE,0.45,0,122,254,1
2026-08-27T17:25:56.847405,60.2,cam_11,ONLINE,0.61,0,277,502,1
2026-08-27T17:25:56.847405,60.2,cam_12,ONLINE,0.11,0,252,446,1
2026-08-27T17:25:56.847405,60.2,cam_13,ONLINE,0.08,0,76,136,1
2026-08-27T17:25:56.847405,60.2,cam_14,OFFLINE,6.98,0,49,174,0
2026-08-27T17:25:56.847405,60.2,cam_15,ONLINE,0.19,0,187,383,1
2026-08-27T17:26:06.890717,70.2,cam_01,ONLINE,0.2,0,394,633,1
2026-08-27T17:26:06.890717,70.2,cam_02,ONLINE,0.12,0,403,634,1
2026-08-27T17:26:06.890717,70.2,cam_03,ONLINE,0.36,0,121,258,1
2026-08-27T17:26:06.890717,70.2,cam_04,STALE,9.95,0,102,191,0
2026-08-27T17:26:06.890717,70.2,cam_05,ONLINE,0.91,0,221,437,1
2026-08-27T17:26:06.890717,70.2,cam_06,ONLINE,0.12,0,315,572,1
2026-08-27T17:26:06.890717,70.2,cam_07,STALE,9.86,0,207,378,0
2026-08-27T17:26:06.890717,70.2,cam_08,ONLINE,0.14,0,187,383,1
2026-08-27T17:26:06.890717,70.2,cam_09,ONLINE,0.14,0,155,322,1
2026-08-27T17:26:06.890717,70.2,cam_10,ONLINE,0.19,0,150,320,1
2026-08-27T17:26:06.890717,70.2,cam_11,ONLINE,0.12,0,303,570,1
2026-08-27T17:26:06.890717,70.2,cam_12,ONLINE,1.76,0,277,499,1
2026-08-27T17:26:06.890717,70.2,cam_13,ONLINE,0.05,0,111,201,1
2026-08-27T17:26:06.890717,70.2,cam_14,ONLINE,0.17,0,63,35,1
2026-08-27T17:26:06.890717,70.2,cam_15,ONLINE,0.3,0,220,447,1
2026-08-27T17:26:16.902315,80.2,cam_01,ONLINE,0.34,0,428,704,1
2026-08-27T17:26:16.902315,80.2,cam_02,ONLINE,0.28,0,438,705,1
2026-08-27T17:26:16.902315,80.2,cam_03,ONLINE,0.17,0,155,331,1
2026-08-27T17:26:16.902315,80.2,cam_04,STALE,20.22,0,102,191,0
2026-08-27T17:26:16.902315,80.2,cam_05,ONLINE,0.23,0,255,520,1
2026-08-27T17:26:16.902315,80.2,cam_06,ONLINE,0.41,0,347,642,1
2026-08-27T17:26:16.902315,80.2,cam_07,STALE,20.12,0,207,378,0
2026-08-27T17:26:16.902315,80.2,cam_08,ONLINE,0.42,0,228,454,1
2026-08-27T17:26:16.902315,80.2,cam_09,ONLINE,0.42,0,192,392,1
2026-08-27T17:26:16.902315,80.2,cam_10,ONLINE,1.94,0,172,380,1
2026-08-27T17:26:16.902315,80.2,cam_11,ONLINE,0.41,0,327,638,1
2026-08-27T17:26:16.902315,80.2,cam_12,ONLINE,0.36,0,316,581,1
2026-08-27T17:26:16.902315,80.2,cam_13,STALE,3.03,0,132,247,0
2026-08-27T17:26:16.902315,80.2,cam_14,ONLINE,0.97,0,96,101,1
2026-08-27T17:26:16.902315,80.2,cam_15,ONLINE,0.38,0,250,518,1
2026-08-27T17:26:26.927579,90.2,cam_01,ONLINE,0.17,0,461,777,1
2026-08-27T17:26:26.927579,90.2,cam_02,ONLINE,0.22,0,476,777,1
2026-08-27T17:26:26.927579,90.2,cam_03,ONLINE,0.33,0,185,402,1
2026-08-27T17:26:26.927579,90.2,cam_04,STALE,30.48,0,102,191,0
2026-08-27T17:26:26.927579,90.2,cam_05,ONLINE,0.38,0,285,591,1
2026-08-27T17:26:26.927579,90.2,cam_06,ONLINE,0.12,0,372,716,1
2026-08-27T17:26:26.927579,90.2,cam_07,ONLINE,0.03,0,237,63,1
2026-08-27T17:26:26.927579,90.2,cam_08,ONLINE,0.19,0,264,527,1
2026-08-27T17:26:26.927579,90.2,cam_09,ONLINE,0.55,0,231,463,1
2026-08-27T17:26:26.927579,90.2,cam_10,ONLINE,0.22,0,179,447,1
2026-08-27T17:26:26.927579,90.2,cam_11,ONLINE,0.23,0,365,711,1
2026-08-27T17:26:26.927579,90.2,cam_12,ONLINE,0.27,0,348,652,1
2026-08-27T17:26:26.927579,90.2,cam_13,STALE,5.12,0,133,248,0
2026-08-27T17:26:26.927579,90.2,cam_14,ONLINE,0.25,0,132,178,1
2026-08-27T17:26:26.927579,90.2,cam_15,ONLINE,0.25,0,290,591,1
2026-08-27T17:26:36.954153,100.3,cam_01,ONLINE,0.14,0,494,848,1
2026-08-27T17:26:36.954153,100.3,cam_02,ONLINE,0.59,0,510,846,1
2026-08-27T17:26:36.954153,100.3,cam_03,ONLINE,0.17,0,215,475,1
2026-08-27T17:26:36.954153,100.3,cam_04,STALE,40.75,0,102,191,0
2026-08-27T17:26:36.954153,100.3,cam_05,ONLINE,0.17,0,316,664,1
2026-08-27T17:26:36.954153,100.3,cam_06,ONLINE,0.39,0,402,786,1
2026-08-27T17:26:36.954153,100.3,cam_07,ONLINE,0.25,0,271,133,1
2026-08-27T17:26:36.954153,100.3,cam_08,ONLINE,0.42,0,286,597,1
2026-08-27T17:26:36.954153,100.3,cam_09,ONLINE,0.19,0,256,537,1
2026-08-27T17:26:36.954153,100.3,cam_10,ONLINE,1.19,0,208,511,1
2026-08-27T17:26:36.954153,100.3,cam_11,ONLINE,0.38,0,400,782,1
2026-08-27T17:26:36.954153,100.3,cam_12,STALE,8.78,0,349,653,0
2026-08-27T17:26:36.954153,100.3,cam_13,OFFLINE,7.22,0,134,266,0
2026-08-27T17:26:36.954153,100.3,cam_14,ONLINE,0.23,0,163,250,1
2026-08-27T17:26:36.954153,100.3,cam_15,ONLINE,2.5,0,313,645,1
2026-08-27T17:26:46.981569,110.3,cam_01,STALE,3.03,0,520,892,0
2026-08-27T17:26:46.981569,110.3,cam_02,ONLINE,0.2,0,542,914,1
2026-08-27T17:26:46.981569,110.3,cam_03,ONLINE,0.34,0,241,539,1
2026-08-27T17:26:46.981569,110.3,cam_04,ONLINE,0.3,0,141,71,1
2026-08-27T17:26:46.981569,110.3,cam_05,ONLINE,1.05,0,345,723,1
2026-08-27T17:26:46.981569,110.3,cam_06,ONLINE,0.2,0,418,852,1
2026-08-27T17:26:46.981569,110.3,cam_07,ONLINE,0.28,0,300,198,1
2026-08-27T17:26:46.981569,110.3,cam_08,ONLINE,0.2,0,323,664,1
2026-08-27T17:26:46.981569,110.3,cam_09,ONLINE,0.08,0,293,603,1
2026-08-27T17:26:46.981569,110.3,cam_10,ONLINE,0.14,0,238,585,1
2026-08-27T17:26:46.981569,110.3,cam_11,ONLINE,0.66,0,430,845,1
2026-08-27T17:26:46.981569,110.3,cam_12,STALE,18.06,0,349,653,0
2026-08-27T17:26:46.981569,110.3,cam_13,ONLINE,0.11,0,145,34,1
2026-08-27T17:26:46.981569,110.3,cam_14,ONLINE,0.52,0,196,311,1
2026-08-27T17:26:46.981569,110.3,cam_15,ONLINE,0.09,0,333,728,1
2026-08-27T17:26:56.997327,120.3,cam_01,ONLINE,0.7,0,549,982,1
2026-08-27T17:26:56.997327,120.3,cam_02,ONLINE,1.44,0,574,976,1
2026-08-27T17:26:56.997327,120.3,cam_03,ONLINE,1.0,0,271,603,1
2026-08-27T17:26:56.997327,120.3,cam_04,ONLINE,0.56,0,170,141,1
2026-08-27T17:26:56.997327,120.3,cam_05,ONLINE,0.59,0,371,798,1
2026-08-27T17:26:56.997327,120.3,cam_06,ONLINE,0.47,0,451,922,1
2026-08-27T17:26:56.997327,120.3,cam_07,ONLINE,0.53,0,335,268,1
2026-08-27T17:26:56.997327,120.3,cam_08,ONLINE,0.98,0,342,705,1
2026-08-27T17:26:56.997327,120.3,cam_09,ONLINE,0.47,0,314,672,1
2026-08-27T17:26:56.997327,120.3,cam_10,ONLINE,0.27,0,271,656,1
2026-08-27T17:26:56.997327,120.3,cam_11,ONLINE,0.47,0,460,918,1
2026-08-27T17:26:56.997327,120.3,cam_12,ONLINE,0.08,0,364,51,1
2026-08-27T17:26:56.997327,120.3,cam_13,ONLINE,0.12,0,168,106,1
2026-08-27T17:26:56.997327,120.3,cam_14,ONLINE,0.16,0,227,387,1
2026-08-27T17:26:56.997327,120.3,cam_15,ONLINE,0.31,0,364,799,1
2026-08-27T17:27:07.063525,130.4,cam_01,ONLINE,0.33,0,576,1058,1
2026-08-27T17:27:07.063525,130.4,cam_02,ONLINE,0.38,0,599,1057,1
2026-08-27T17:27:07.063525,130.4,cam_03,ONLINE,1.75,0,288,674,1
2026-08-27T17:27:07.063525,130.4,cam_04,ONLINE,0.41,0,193,216,1
2026-08-27T17:27:07.063525,130.4,cam_05,ONLINE,0.2,0,395,874,1
2026-08-27T17:27:07.063525,130.4,cam_06,ONLINE,0.3,0,476,997,1
2026-08-27T17:27:07.063525,130.4,cam_07,ONLINE,0.33,0,359,343,1
2026-08-27T17:27:07.063525,130.4,cam_08,ONLINE,0.09,0,356,802,1
2026-08-27T17:27:07.063525,130.4,cam_09,ONLINE,0.58,0,334,745,1
2026-08-27T17:27:07.063525,130.4,cam_10,ONLINE,0.53,0,294,728,1
2026-08-27T17:27:07.063525,130.4,cam_11,STALE,3.42,0,481,971,0
2026-08-27T17:27:07.063525,130.4,cam_12,ONLINE,0.58,0,385,121,1
2026-08-27T17:27:07.063525,130.4,cam_13,ONLINE,0.48,0,190,177,1
2026-08-27T17:27:07.063525,130.4,cam_14,ONLINE,0.39,0,242,459,1
2026-08-27T17:27:07.063525,130.4,cam_15,ONLINE,0.34,0,379,872,1
2026-08-27T17:27:17.097725,140.4,cam_01,ONLINE,1.47,0,587,1088,1
2026-08-27T17:27:17.097725,140.4,cam_02,ONLINE,0.47,0,619,1122,1
2026-08-27T17:27:17.097725,140.4,cam_03,ONLINE,1.14,0,304,744,1
2026-08-27T17:27:17.097725,140.4,cam_04,ONLINE,0.2,0,211,283,1
2026-08-27T17:27:17.097725,140.4,cam_05,ONLINE,0.12,0,413,933,1
2026-08-27T17:27:17.097725,140.4,cam_06,ONLINE,0.19,0,505,1063,1
2026-08-27T17:27:17.097725,140.4,cam_07,ONLINE,0.23,0,380,409,1
2026-08-27T17:27:17.097725,140.4,cam_08,ONLINE,0.19,0,378,867,1
2026-08-27T17:27:17.097725,140.4,cam_09,ONLINE,0.39,0,357,812,1
2026-08-27T17:27:17.097725,140.4,cam_10,ONLINE,0.16,0,306,795,1
2026-08-27T17:27:17.097725,140.4,cam_11,ONLINE,0.19,0,503,1058,1
2026-08-27T17:27:17.097725,140.4,cam_12,ONLINE,0.27,0,404,189,1
2026-08-27T17:27:17.097725,140.4,cam_13,ONLINE,0.41,0,218,243,1
2026-08-27T17:27:17.097725,140.4,cam_14,ONLINE,0.23,0,264,526,1
2026-08-27T17:27:17.097725,140.4,cam_15,ONLINE,0.17,0,403,939,1
2026-08-27T17:27:27.116421,150.4,cam_01,ONLINE,0.48,0,601,1184,1
2026-08-27T17:27:27.116421,150.4,cam_02,ONLINE,0.38,0,647,1196,1
2026-08-27T17:27:27.116421,150.4,cam_03,ONLINE,0.23,0,318,824,1
2026-08-27T17:27:27.116421,150.4,cam_04,ONLINE,0.67,0,232,353,1
2026-08-27T17:27:27.116421,150.4,cam_05,ONLINE,1.25,0,431,996,1
2026-08-27T17:27:27.116421,150.4,cam_06,ONLINE,0.66,0,528,1123,1
2026-08-27T17:27:27.116421,150.4,cam_07,ONLINE,0.56,0,406,480,1
2026-08-27T17:27:27.116421,150.4,cam_08,ONLINE,0.38,0,404,939,1
2026-08-27T17:27:27.116421,150.4,cam_09,ONLINE,0.42,0,385,885,1
2026-08-27T17:27:27.116421,150.4,cam_10,ONLINE,1.36,0,329,860,1
2026-08-27T17:27:27.116421,150.4,cam_11,ONLINE,0.42,0,523,1130,1
2026-08-27T17:27:27.116421,150.4,cam_12,ONLINE,0.44,0,431,261,1
2026-08-27T17:27:27.116421,150.4,cam_13,ONLINE,0.38,0,242,317,1
2026-08-27T17:27:27.116421,150.4,cam_14,ONLINE,0.41,0,287,598,1
2026-08-27T17:27:27.116421,150.4,cam_15,ONLINE,0.67,0,415,1009,1
2026-08-27T17:27:37.147427,160.5,cam_01,ONLINE,0.19,0,629,1259,1
2026-08-27T17:27:37.147427,160.5,cam_02,ONLINE,0.06,0,678,1271,1
2026-08-27T17:27:37.147427,160.5,cam_03,STALE,7.84,0,325,842,0
2026-08-27T17:27:37.147427,160.5,cam_04,ONLINE,0.06,0,259,430,1
2026-08-27T17:27:37.147427,160.5,cam_05,ONLINE,0.08,0,454,1087,1
2026-08-27T17:27:37.147427,160.5,cam_06,ONLINE,0.06,0,562,1210,1
2026-08-27T17:27:37.147427,160.5,cam_07,ONLINE,0.08,0,435,556,1
2026-08-27T17:27:37.147427,160.5,cam_08,ONLINE,0.08,0,437,1014,1
2026-08-27T17:27:37.147427,160.5,cam_09,ONLINE,0.23,0,417,959,1
2026-08-27T17:27:37.147427,160.5,cam_10,ONLINE,0.14,0,354,940,1
2026-08-27T17:27:37.147427,160.5,cam_11,ONLINE,0.08,0,544,1206,1
2026-08-27T17:27:37.147427,160.5,cam_12,ONLINE,0.84,0,455,331,1
2026-08-27T17:27:37.147427,160.5,cam_13,ONLINE,0.7,0,267,387,1
2026-08-27T17:27:37.147427,160.5,cam_14,ONLINE,0.12,0,307,673,1
2026-08-27T17:27:37.147427,160.5,cam_15,ONLINE,0.12,0,435,1085,1
2026-08-27T17:27:47.176204,170.5,cam_01,ONLINE,0.58,0,653,1320,1
2026-08-27T17:27:47.176204,170.5,cam_02,ONLINE,0.47,0,702,1333,1
2026-08-27T17:27:47.176204,170.5,cam_03,ONLINE,0.28,0,355,957,1
2026-08-27T17:27:47.176204,170.5,cam_04,ONLINE,0.16,0,286,494,1
2026-08-27T17:27:47.176204,170.5,cam_05,ONLINE,0.31,0,484,1150,1
2026-08-27T17:27:47.176204,170.5,cam_06,ONLINE,0.31,0,590,1273,1
2026-08-27T17:27:47.176204,170.5,cam_07,ONLINE,0.17,0,461,620,1
2026-08-27T17:27:47.176204,170.5,cam_08,ONLINE,0.12,0,445,1072,1
2026-08-27T17:27:47.176204,170.5,cam_09,ONLINE,0.34,0,437,1023,1
2026-08-27T17:27:47.176204,170.5,cam_10,ONLINE,0.27,0,370,1006,1
2026-08-27T17:27:47.176204,170.5,cam_11,ONLINE,0.34,0,571,1269,1
2026-08-27T17:27:47.176204,170.5,cam_12,ONLINE,0.44,0,472,394,1
2026-08-27T17:27:47.176204,170.5,cam_13,ONLINE,0.28,0,293,455,1
2026-08-27T17:27:47.176204,170.5,cam_14,ONLINE,0.39,0,336,736,1
2026-08-27T17:27:47.176204,170.5,cam_15,ONLINE,1.26,0,460,1142,1
2026-08-27T17:27:57.192892,180.5,cam_01,ONLINE,0.02,0,670,1397,1
2026-08-27T17:27:57.192892,180.5,cam_02,ONLINE,0.2,0,731,1407,1
2026-08-27T17:27:57.192892,180.5,cam_03,ONLINE,0.16,0,381,1030,1
2026-08-27T17:27:57.192892,180.5,cam_04,ONLINE,1.38,0,304,551,1
2026-08-27T17:27:57.192892,180.5,cam_05,ONLINE,0.09,0,508,1223,1
2026-08-27T17:27:57.192892,180.5,cam_06,ONLINE,0.98,0,609,1335,1
2026-08-27T17:27:57.192892,180.5,cam_07,ONLINE,0.02,0,485,694,1
2026-08-27T17:27:57.192892,180.5,cam_08,ONLINE,0.09,0,462,1149,1
2026-08-27T17:27:57.192892,180.5,cam_09,ONLINE,0.06,0,463,1097,1
2026-08-27T17:27:57.192892,180.5,cam_10,ONLINE,0.05,0,400,1078,1
2026-08-27T17:27:57.192892,180.5,cam_11,ONLINE,0.09,0,599,1343,1
2026-08-27T17:27:57.192892,180.5,cam_12,ONLINE,0.03,0,500,469,1
2026-08-27T17:27:57.192892,180.5,cam_13,ONLINE,0.03,0,322,527,1
2026-08-27T17:27:57.192892,180.5,cam_14,ONLINE,0.11,0,358,810,1
2026-08-27T17:27:57.192892,180.5,cam_15,ONLINE,0.06,0,479,1223,1
2026-08-27T17:28:07.253672,190.6,cam_01,ONLINE,0.06,0,700,1469,1
2026-08-27T17:28:07.253672,190.6,cam_02,ONLINE,0.25,0,758,1479,1
2026-08-27T17:28:07.253672,190.6,cam_03,ONLINE,0.23,0,409,1102,1
2026-08-27T17:28:07.253672,190.6,cam_04,ONLINE,1.36,0,307,557,1
2026-08-27T17:28:07.253672,190.6,cam_05,ONLINE,0.23,0,540,1295,1
2026-08-27T17:28:07.253672,190.6,cam_06,ONLINE,0.3,0,639,1418,1
2026-08-27T17:28:07.253672,190.6,cam_07,ONLINE,0.45,0,511,763,1
2026-08-27T17:28:07.253672,190.6,cam_08,ONLINE,0.27,0,496,1220,1
2026-08-27T17:28:07.253672,190.6,cam_09,ONLINE,0.23,0,490,1168,1
2026-08-27T17:28:07.253672,190.6,cam_10,ONLINE,0.19,0,413,1150,1
2026-08-27T17:28:07.253672,190.6,cam_11,ONLINE,0.41,0,625,1413,1
2026-08-27T17:28:07.253672,190.6,cam_12,ONLINE,0.19,0,529,540,1
2026-08-27T17:28:07.253672,190.6,cam_13,ONLINE,0.72,0,336,596,1
2026-08-27T17:28:07.253672,190.6,cam_14,ONLINE,0.03,0,387,883,1
2026-08-27T17:28:07.253672,190.6,cam_15,ONLINE,0.06,0,509,1295,1
2026-08-27T17:28:17.285042,200.6,cam_01,ONLINE,0.25,0,731,1538,1
2026-08-27T17:28:17.285042,200.6,cam_02,ONLINE,0.25,0,793,1551,1
2026-08-27T17:28:17.285042,200.6,cam_03,ONLINE,0.19,0,438,1174,1
2026-08-27T17:28:17.285042,200.6,cam_04,STALE,11.66,0,307,557,0
2026-08-27T17:28:17.285042,200.6,cam_05,ONLINE,0.27,0,566,1367,1
2026-08-27T17:28:17.285042,200.6,cam_06,STALE,3.61,0,650,1444,0
2026-08-27T17:28:17.285042,200.6,cam_07,ONLINE,0.16,0,542,837,1
2026-08-27T17:28:17.285042,200.6,cam_08,ONLINE,0.25,0,526,1294,1
2026-08-27T17:28:17.285042,200.6,cam_09,ONLINE,0.16,0,517,1241,1
2026-08-27T17:28:17.285042,200.6,cam_10,ONLINE,0.12,0,440,1218,1
2026-08-27T17:28:17.285042,200.6,cam_11,ONLINE,0.83,0,653,1482,1
2026-08-27T17:28:17.285042,200.6,cam_12,ONLINE,0.2,0,555,612,1
2026-08-27T17:28:17.285042,200.6,cam_13,ONLINE,0.8,0,367,667,1
2026-08-27T17:28:17.285042,200.6,cam_14,ONLINE,0.84,0,416,948,1
2026-08-27T17:28:17.285042,200.6,cam_15,ONLINE,0.22,0,536,1366,1
2026-08-27T17:28:27.313709,210.6,cam_01,ONLINE,0.31,0,762,1604,1
2026-08-27T17:28:27.313709,210.6,cam_02,ONLINE,0.36,0,820,1615,1
2026-08-27T17:28:27.313709,210.6,cam_03,ONLINE,0.47,0,467,1237,1
2026-08-27T17:28:27.313709,210.6,cam_04,STALE,20.92,0,307,557,0
2026-08-27T17:28:27.313709,210.6,cam_05,ONLINE,0.28,0,595,1432,1
2026-08-27T17:28:27.313709,210.6,cam_06,ONLINE,0.52,0,675,1539,1
2026-08-27T17:28:27.313709,210.6,cam_07,STALE,4.81,0,557,863,0
2026-08-27T17:28:27.313709,210.6,cam_08,ONLINE,0.77,0,561,1355,1
2026-08-27T17:28:27.313709,210.6,cam_09,ONLINE,0.42,0,543,1304,1
2026-08-27T17:28:27.313709,210.6,cam_10,ONLINE,0.34,0,464,1287,1
2026-08-27T17:28:27.313709,210.6,cam_11,ONLINE,0.42,0,670,1550,1
2026-08-27T17:28:27.313709,210.6,cam_12,ONLINE,2.27,0,583,662,1
2026-08-27T17:28:27.313709,210.6,cam_13,ONLINE,0.7,0,378,707,1
2026-08-27T17:28:27.313709,210.6,cam_14,ONLINE,0.36,0,448,1016,1
2026-08-27T17:28:27.313709,210.6,cam_15,ONLINE,0.36,0,571,1430,1
2026-08-27T17:28:37.345027,220.7,cam_01,ONLINE,0.31,0,795,1676,1
2026-08-27T17:28:37.345027,220.7,cam_02,ONLINE,0.19,0,850,1688,1
2026-08-27T17:28:37.345027,220.7,cam_03,ONLINE,0.45,0,499,1309,1
2026-08-27T17:28:37.345027,220.7,cam_04,ONLINE,0.36,0,334,64,1
2026-08-27T17:28:37.345027,220.7,cam_05,ONLINE,0.39,0,625,1503,1
2026-08-27T17:28:37.345027,220.7,cam_06,ONLINE,0.38,0,701,1613,1
2026-08-27T17:28:37.345027,220.7,cam_07,ONLINE,0.31,0,576,953,1
2026-08-27T17:28:37.345027,220.7,cam_08,ONLINE,0.42,0,592,1429,1
2026-08-27T17:28:37.345027,220.7,cam_09,ONLINE,2.52,0,544,1305,1
2026-08-27T17:28:37.345027,220.7,cam_10,ONLINE,0.48,0,493,1358,1
2026-08-27T17:28:37.345027,220.7,cam_11,ONLINE,0.28,0,701,1623,1
2026-08-27T17:28:37.345027,220.7,cam_12,ONLINE,0.31,0,613,748,1
2026-08-27T17:28:37.345027,220.7,cam_13,ONLINE,0.34,0,405,806,1
2026-08-27T17:28:37.345027,220.7,cam_14,ONLINE,0.53,0,471,1087,1
2026-08-27T17:28:37.345027,220.7,cam_15,STALE,3.78,0,590,1478,0
2026-08-27T17:28:47.379888,230.7,cam_01,ONLINE,0.38,0,822,1748,1
2026-08-27T17:28:47.379888,230.7,cam_02,ONLINE,0.28,0,875,1760,1
2026-08-27T17:28:47.379888,230.7,cam_03,ONLINE,0.22,0,523,1383,1
2026-08-27T17:28:47.379888,230.7,cam_04,ONLINE,0.73,0,357,134,1
2026-08-27T17:28:47.379888,230.7,cam_05,ONLINE,0.16,0,653,1577,1
2026-08-27T17:28:47.379888,230.7,cam_06,ONLINE,0.77,0,728,1683,1
2026-08-27T17:28:47.379888,230.7,cam_07,ONLINE,0.66,0,602,1023,1
2026-08-27T17:28:47.379888,230.7,cam_08,ONLINE,0.81,0,616,1499,1
2026-08-27T17:28:47.379888,230.7,cam_09,OFFLINE,4.3,0,545,1323,0
2026-08-27T17:28:47.379888,230.7,cam_10,ONLINE,0.83,0,515,1428,1
2026-08-27T17:28:47.379888,230.7,cam_11,ONLINE,0.55,0,714,1693,1
2026-08-27T17:28:47.379888,230.7,cam_12,ONLINE,0.53,0,638,819,1
2026-08-27T17:28:47.379888,230.7,cam_13,ONLINE,0.66,0,429,876,1
2026-08-27T17:28:47.379888,230.7,cam_14,ONLINE,0.47,0,493,1160,1
2026-08-27T17:28:47.379888,230.7,cam_15,STALE,14.12,0,590,1478,0
2026-08-27T17:28:57.409410,240.7,cam_01,STALE,3.83,0,839,1782,0
2026-08-27T17:28:57.409410,240.7,cam_02,ONLINE,0.45,0,900,1824,1
2026-08-27T17:28:57.409410,240.7,cam_03,ONLINE,0.39,0,551,1447,1
2026-08-27T17:28:57.409410,240.7,cam_04,ONLINE,0.27,0,376,202,1
2026-08-27T17:28:57.409410,240.7,cam_05,ONLINE,0.44,0,681,1640,1
2026-08-27T17:28:57.409410,240.7,cam_06,ONLINE,0.2,0,757,1752,1
2026-08-27T17:28:57.409410,240.7,cam_07,ONLINE,0.5,0,634,1089,1
2026-08-27T17:28:57.409410,240.7,cam_08,ONLINE,0.59,0,647,1566,1
2026-08-27T17:28:57.409410,240.7,cam_09,ONLINE,0.42,0,549,15,1
2026-08-27T17:28:57.409410,240.7,cam_10,STALE,8.12,0,520,1442,0
2026-08-27T17:28:57.409410,240.7,cam_11,STALE,3.02,0,734,1741,0
2026-08-27T17:28:57.409410,240.7,cam_12,ONLINE,0.41,0,666,885,1
2026-08-27T17:28:57.409410,240.7,cam_13,ONLINE,0.39,0,454,943,1
2026-08-27T17:28:57.409410,240.7,cam_14,ONLINE,1.31,0,522,1219,1
2026-08-27T17:28:57.409410,240.7,cam_15,ONLINE,0.75,0,595,17,1
2026-08-27T17:29:07.469196,250.8,cam_01,ONLINE,0.77,0,864,1883,1
2026-08-27T17:29:07.469196,250.8,cam_02,ONLINE,0.67,0,923,1894,1
2026-08-27T17:29:07.469196,250.8,cam_03,ONLINE,0.7,0,577,1517,1
2026-08-27T17:29:07.469196,250.8,cam_04,ONLINE,0.61,0,402,272,1
2026-08-27T17:29:07.469196,250.8,cam_05,ONLINE,0.5,0,710,1712,1
2026-08-27T17:29:07.469196,250.8,cam_06,ONLINE,0.39,0,785,1823,1
2026-08-27T17:29:07.469196,250.8,cam_07,STALE,4.14,0,652,1136,0
2026-08-27T17:29:07.469196,250.8,cam_08,ONLINE,0.41,0,662,1639,1
2026-08-27T17:29:07.469196,250.8,cam_09,ONLINE,0.41,0,572,88,1
2026-08-27T17:29:07.469196,250.8,cam_10,ONLINE,1.49,0,539,1559,1
2026-08-27T17:29:07.469196,250.8,cam_11,ONLINE,0.38,0,754,1832,1
2026-08-27T17:29:07.469196,250.8,cam_12,ONLINE,0.16,0,689,959,1
2026-08-27T17:29:07.469196,250.8,cam_13,ONLINE,0.3,0,468,990,1
2026-08-27T17:29:07.469196,250.8,cam_14,ONLINE,0.81,0,540,1295,1
2026-08-27T17:29:07.469196,250.8,cam_15,ONLINE,0.75,0,618,89,1
2026-08-27T17:29:17.495291,260.8,cam_01,ONLINE,0.73,0,892,1955,1
2026-08-27T17:29:17.495291,260.8,cam_02,ONLINE,0.5,0,949,1968,1
2026-08-27T17:29:17.495291,260.8,cam_03,ONLINE,0.34,0,581,1532,1
2026-08-27T17:29:17.495291,260.8,cam_04,STALE,3.64,0,419,323,0
2026-08-27T17:29:17.495291,260.8,cam_05,ONLINE,0.66,0,737,1783,1
2026-08-27T17:29:17.495291,260.8,cam_06,ONLINE,0.42,0,801,1895,1
2026-08-27T17:29:17.495291,260.8,cam_07,ONLINE,0.44,0,678,1234,1
2026-08-27T17:29:17.495291,260.8,cam_08,ONLINE,0.75,0,689,1709,1
2026-08-27T17:29:17.495291,260.8,cam_09,ONLINE,0.38,0,603,160,1
2026-08-27T17:29:17.495291,260.8,cam_10,STALE,11.78,0,539,1559,0
2026-08-27T17:29:17.495291,260.8,cam_11,ONLINE,0.53,0,776,1903,1
2026-08-27T17:29:17.495291,260.8,cam_12,ONLINE,0.8,0,714,1026,1
2026-08-27T17:29:17.495291,260.8,cam_13,ONLINE,0.16,0,485,1072,1
2026-08-27T17:29:17.495291,260.8,cam_14,ONLINE,1.76,0,562,1360,1
2026-08-27T17:29:17.495291,260.8,cam_15,ONLINE,0.52,0,644,163,1
2026-08-27T17:29:27.525438,270.8,cam_01,ONLINE,0.58,0,924,2028,1
2026-08-27T17:29:27.525438,270.8,cam_02,ONLINE,0.38,0,978,2041,1
2026-08-27T17:29:27.525438,270.8,cam_03,OFFLINE,2.45,0,583,1553,0
2026-08-27T17:29:27.525438,270.8,cam_04,ONLINE,0.33,0,442,418,1
2026-08-27T17:29:27.525438,270.8,cam_05,ONLINE,0.38,0,765,1857,1
2026-08-27T17:29:27.525438,270.8,cam_06,ONLINE,0.52,0,824,1966,1
2026-08-27T17:29:27.525438,270.8,cam_07,ONLINE,0.42,0,702,1306,1
2026-08-27T17:29:27.525438,270.8,cam_08,ONLINE,1.19,0,706,1778,1
2026-08-27T17:29:27.525438,270.8,cam_09,ONLINE,0.39,0,630,232,1
2026-08-27T17:29:27.525438,270.8,cam_10,ONLINE,0.16,0,540,10,1
2026-08-27T17:29:27.525438,270.8,cam_11,ONLINE,0.12,0,804,1978,1
2026-08-27T17:29:27.525438,270.8,cam_12,ONLINE,0.12,0,741,1103,1
2026-08-27T17:29:27.525438,270.8,cam_13,ONLINE,0.17,0,513,1144,1
2026-08-27T17:29:27.525438,270.8,cam_14,ONLINE,0.44,0,590,1442,1
2026-08-27T17:29:27.525438,270.8,cam_15,ONLINE,2.69,0,660,219,1
2026-08-27T17:29:37.544619,280.8,cam_01,ONLINE,0.2,0,949,2096,1
2026-08-27T17:29:37.544619,280.8,cam_02,ONLINE,0.38,0,1011,2106,1
2026-08-27T17:29:37.544619,280.8,cam_03,OFFLINE,11.77,0,583,1553,0
2026-08-27T17:29:37.544619,280.8,cam_04,ONLINE,0.03,0,475,485,1
2026-08-27T17:29:37.544619,280.8,cam_05,ONLINE,0.03,0,800,1924,1
2026-08-27T17:29:37.544619,280.8,cam_06,ONLINE,1.09,0,839,2005,1
2026-08-27T17:29:37.544619,280.8,cam_07,ONLINE,0.44,0,721,1371,1
2026-08-27T17:29:37.544619,280.8,cam_08,ONLINE,0.34,0,728,1849,1
2026-08-27T17:29:37.544619,280.8,cam_09,STALE,7.0,0,635,248,0
2026-08-27T17:29:37.544619,280.8,cam_10,ONLINE,0.48,0,562,73,1
2026-08-27T17:29:37.544619,280.8,cam_11,ONLINE,0.3,0,830,2042,1
2026-08-27T17:29:37.544619,280.8,cam_12,ONLINE,0.19,0,765,1168,1
2026-08-27T17:29:37.544619,280.8,cam_13,ONLINE,0.17,0,539,1209,1
2026-08-27T17:29:37.544619,280.8,cam_14,ONLINE,0.12,0,620,1509,1
2026-08-27T17:29:37.544619,280.8,cam_15,ONLINE,0.12,0,689,302,1
2026-08-27T17:29:47.561918,290.9,cam_01,ONLINE,0.09,0,983,2169,1
2026-08-27T17:29:47.561918,290.9,cam_02,ONLINE,0.22,0,1045,2179,1
2026-08-27T17:29:47.561918,290.9,cam_03,ONLINE,0.05,0,619,79,1
2026-08-27T17:29:47.561918,290.9,cam_04,ONLINE,0.08,0,510,557,1
2026-08-27T17:29:47.561918,290.9,cam_05,ONLINE,0.08,0,833,1996,1
2026-08-27T17:29:47.561918,290.9,cam_06,STALE,11.39,0,839,2005,0
2026-08-27T17:29:47.561918,290.9,cam_07,ONLINE,0.22,0,761,1445,1
2026-08-27T17:29:47.561918,290.9,cam_08,ONLINE,0.12,0,767,1923,1
2026-08-27T17:29:47.561918,290.9,cam_09,ONLINE,0.14,0,671,367,1
2026-08-27T17:29:47.561918,290.9,cam_10,ONLINE,0.34,0,605,146,1
2026-08-27T17:29:47.561918,290.9,cam_11,ONLINE,0.42,0,863,2113,1
2026-08-27T17:29:47.561918,290.9,cam_12,ONLINE,0.08,0,807,1241,1
2026-08-27T17:29:47.561918,290.9,cam_13,ONLINE,0.98,0,557,1252,1
2026-08-27T17:29:47.561918,290.9,cam_14,ONLINE,0.42,0,657,1579,1
2026-08-27T17:29:47.561918,290.9,cam_15,ONLINE,0.08,0,726,374,1
2026-08-27T17:29:57.593909,300.9,cam_01,ONLINE,1.67,0,1015,2230,1
2026-08-27T17:29:57.593909,300.9,cam_02,ONLINE,0.22,0,1080,2251,1
2026-08-27T17:29:57.593909,300.9,cam_03,ONLINE,0.22,0,657,150,1
2026-08-27T17:29:57.593909,300.9,cam_04,ONLINE,0.27,0,532,628,1
2026-08-27T17:29:57.593909,300.9,cam_05,ONLINE,0.14,0,869,2068,1
2026-08-27T17:29:57.593909,300.9,cam_06,STALE,21.69,0,839,2005,0
2026-08-27T17:29:57.593909,300.9,cam_07,ONLINE,0.03,0,797,1518,1
2026-08-27T17:29:57.593909,300.9,cam_08,ONLINE,0.31,0,799,1994,1
2026-08-27T17:29:57.593909,300.9,cam_09,ONLINE,0.31,0,698,438,1
2026-08-27T17:29:57.593909,300.9,cam_10,ONLINE,0.39,0,639,218,1
2026-08-27T17:29:57.593909,300.9,cam_11,ONLINE,0.27,0,901,2186,1
2026-08-27T17:29:57.593909,300.9,cam_12,ONLINE,0.39,0,842,1311,1
2026-08-27T17:29:57.593909,300.9,cam_13,ONLINE,0.34,0,582,1352,1
2026-08-27T17:29:57.593909,300.9,cam_14,ONLINE,0.33,0,691,1652,1
2026-08-27T17:29:57.593909,300.9,cam_15,ONLINE,0.59,0,756,443,1
2026-08-27T17:30:07.664423,311.0,cam_01,ONLINE,0.81,0,1053,2307,1
2026-08-27T17:30:07.664423,311.0,cam_02,ONLINE,0.25,0,1114,2323,1
2026-08-27T17:30:07.664423,311.0,cam_03,ONLINE,0.11,0,703,223,1
2026-08-27T17:30:07.664423,311.0,cam_04,ONLINE,0.12,0,566,701,1
2026-08-27T17:30:07.664423,311.0,cam_05,ONLINE,0.14,0,908,2140,1
2026-08-27T17:30:07.664423,311.0,cam_06,ONLINE,0.05,0,869,75,1
2026-08-27T17:30:07.664423,311.0,cam_07,ONLINE,0.08,0,831,1590,1
2026-08-27T17:30:07.664423,311.0,cam_08,ONLINE,0.11,0,842,2067,1
2026-08-27T17:30:07.664423,311.0,cam_09,ONLINE,0.25,0,733,510,1
2026-08-27T17:30:07.664423,311.0,cam_10,ONLINE,0.25,0,682,291,1
2026-08-27T17:30:07.664423,311.0,cam_11,ONLINE,0.23,0,911,2239,1
2026-08-27T17:30:07.664423,311.0,cam_12,ONLINE,0.33,0,879,1383,1
2026-08-27T17:30:07.664423,311.0,cam_13,ONLINE,1.2,0,611,1418,1
2026-08-27T17:30:07.664423,311.0,cam_14,ONLINE,0.41,0,716,1719,1
2026-08-27T17:30:07.664423,311.0,cam_15,ONLINE,0.89,0,799,513,1
2026-08-27T17:30:17.699600,321.0,cam_01,ONLINE,0.61,0,1070,2374,1
2026-08-27T17:30:17.699600,321.0,cam_02,ONLINE,0.11,0,1140,2389,1
2026-08-27T17:30:17.699600,321.0,cam_03,ONLINE,0.42,0,726,286,1
2026-08-27T17:30:17.699600,321.0,cam_04,ONLINE,0.12,0,587,766,1
2026-08-27T17:30:17.699600,321.0,cam_05,ONLINE,0.16,0,923,2205,1
2026-08-27T17:30:17.699600,321.0,cam_06,ONLINE,0.36,0,891,138,1
2026-08-27T17:30:17.699600,321.0,cam_07,ONLINE,0.06,0,847,1648,1
2026-08-27T17:30:17.699600,321.0,cam_08,ONLINE,0.22,0,864,2130,1
2026-08-27T17:30:17.699600,321.0,cam_09,ONLINE,0.33,0,755,575,1
2026-08-27T17:30:17.699600,321.0,cam_10,ONLINE,0.19,0,708,356,1
2026-08-27T17:30:17.699600,321.0,cam_11,ONLINE,0.47,0,933,2322,1
2026-08-27T17:30:17.699600,321.0,cam_12,ONLINE,1.66,0,901,1439,1
2026-08-27T17:30:17.699600,321.0,cam_13,ONLINE,0.09,0,632,1491,1
2026-08-27T17:30:17.699600,321.0,cam_14,ONLINE,0.53,0,728,1787,1
2026-08-27T17:30:17.699600,321.0,cam_15,ONLINE,0.19,0,821,583,1
2026-08-27T17:30:27.723000,331.0,cam_01,ONLINE,0.23,0,1097,2448,1
2026-08-27T17:30:27.723000,331.0,cam_02,ONLINE,0.2,0,1160,2461,1
2026-08-27T17:30:27.723000,331.0,cam_03,ONLINE,0.16,0,764,360,1
2026-08-27T17:30:27.723000,331.0,cam_04,ONLINE,0.22,0,621,838,1
2026-08-27T17:30:27.723000,331.0,cam_05,ONLINE,0.2,0,956,2277,1
2026-08-27T17:30:27.723000,331.0,cam_06,ONLINE,0.2,0,930,211,1
2026-08-27T17:30:27.723000,331.0,cam_07,ONLINE,0.23,0,887,1726,1
2026-08-27T17:30:27.723000,331.0,cam_08,ONLINE,0.23,0,876,2204,1
2026-08-27T17:30:27.723000,331.0,cam_09,ONLINE,0.66,0,794,645,1
2026-08-27T17:30:27.723000,331.0,cam_10,ONLINE,0.58,0,743,426,1
2026-08-27T17:30:27.723000,331.0,cam_11,ONLINE,1.69,0,958,2378,1
2026-08-27T17:30:27.723000,331.0,cam_12,ONLINE,0.31,0,940,1521,1
2026-08-27T17:30:27.723000,331.0,cam_13,ONLINE,0.27,0,667,1562,1
2026-08-27T17:30:27.723000,331.0,cam_14,ONLINE,0.39,0,762,1861,1
2026-08-27T17:30:27.723000,331.0,cam_15,ONLINE,0.53,0,857,653,1
2026-08-27T17:30:37.739254,341.0,cam_01,ONLINE,0.61,0,1118,2496,1
2026-08-27T17:30:37.739254,341.0,cam_02,ONLINE,0.36,0,1195,2532,1
2026-08-27T17:30:37.739254,341.0,cam_03,ONLINE,0.33,0,794,431,1
2026-08-27T17:30:37.739254,341.0,cam_04,STALE,3.14,0,644,890,0
2026-08-27T17:30:37.739254,341.0,cam_05,ONLINE,0.27,0,990,2349,1
2026-08-27T17:30:37.739254,341.0,cam_06,ONLINE,0.41,0,967,282,1
2026-08-27T17:30:37.739254,341.0,cam_07,ONLINE,0.3,0,920,1798,1
2026-08-27T17:30:37.739254,341.0,cam_08,ONLINE,0.31,0,911,2275,1
2026-08-27T17:30:37.739254,341.0,cam_09,ONLINE,0.28,0,828,720,1
2026-08-27T17:30:37.739254,341.0,cam_10,ONLINE,0.25,0,780,501,1
2026-08-27T17:30:37.739254,341.0,cam_11,ONLINE,0.14,0,977,2468,1
2026-08-27T17:30:37.739254,341.0,cam_12,ONLINE,0.28,0,966,1593,1
2026-08-27T17:30:37.739254,341.0,cam_13,ONLINE,0.09,0,695,1636,1
2026-08-27T17:30:37.739254,341.0,cam_14,ONLINE,0.12,0,794,1935,1
2026-08-27T17:30:37.739254,341.0,cam_15,ONLINE,0.66,0,892,724,1
2026-08-27T17:30:47.764834,351.1,cam_01,ONLINE,0.42,0,1144,2584,1
2026-08-27T17:30:47.764834,351.1,cam_02,ONLINE,0.33,0,1223,2597,1
2026-08-27T17:30:47.764834,351.1,cam_03,ONLINE,0.3,0,824,496,1
2026-08-27T17:30:47.764834,351.1,cam_04,STALE,7.75,0,645,891,0
2026-08-27T17:30:47.764834,351.1,cam_05,ONLINE,0.17,0,1016,2414,1
2026-08-27T17:30:47.764834,351.1,cam_06,ONLINE,0.25,0,993,348,1
2026-08-27T17:30:47.764834,351.1,cam_07,ONLINE,0.17,0,947,1864,1
2026-08-27T17:30:47.764834,351.1,cam_08,ONLINE,0.45,0,935,2339,1
2026-08-27T17:30:47.764834,351.1,cam_09,ONLINE,0.55,0,853,783,1
2026-08-27T17:30:47.764834,351.1,cam_10,ONLINE,0.22,0,810,565,1
2026-08-27T17:30:47.764834,351.1,cam_11,ONLINE,0.52,0,1001,2530,1
2026-08-27T17:30:47.764834,351.1,cam_12,ONLINE,0.55,0,989,1656,1
2026-08-27T17:30:47.764834,351.1,cam_13,ONLINE,0.47,0,726,1698,1
2026-08-27T17:30:47.764834,351.1,cam_14,ONLINE,0.5,0,816,1997,1
2026-08-27T17:30:47.764834,351.1,cam_15,ONLINE,0.38,0,914,791,1
2026-08-27T17:30:57.779648,361.1,cam_01,ONLINE,0.25,0,1167,2657,1
2026-08-27T17:30:57.779648,361.1,cam_02,ONLINE,0.31,0,1243,2670,1
2026-08-27T17:30:57.779648,361.1,cam_03,ONLINE,0.2,0,845,569,1
2026-08-27T17:30:57.779648,361.1,cam_04,OFFLINE,1.75,0,647,911,0
2026-08-27T17:30:57.779648,361.1,cam_05,ONLINE,0.28,0,1040,2486,1
2026-08-27T17:30:57.779648,361.1,cam_06,ONLINE,0.16,0,1017,421,1
2026-08-27T17:30:57.779648,361.1,cam_07,ONLINE,0.92,0,972,1931,1
2026-08-27T17:30:57.779648,361.1,cam_08,ONLINE,0.8,0,956,2409,1
2026-08-27T17:30:57.779648,361.1,cam_09,ONLINE,0.56,0,864,855,1
2026-08-27T17:30:57.779648,361.1,cam_10,ONLINE,0.5,0,833,636,1
2026-08-27T17:30:57.779648,361.1,cam_11,ONLINE,0.31,0,1024,2603,1
2026-08-27T17:30:57.779648,361.1,cam_12,ONLINE,0.34,0,1011,1730,1
2026-08-27T17:30:57.779648,361.1,cam_13,ONLINE,0.34,0,746,1771,1
2026-08-27T17:30:57.779648,361.1,cam_14,ONLINE,0.73,0,840,2068,1
2026-08-27T17:30:57.779648,361.1,cam_15,ONLINE,0.44,0,933,863,1
2026-08-27T17:31:07.812235,371.1,cam_01,ONLINE,1.05,0,1197,2726,1
2026-08-27T17:31:07.812235,371.1,cam_02,ONLINE,1.91,0,1271,2732,1
2026-08-27T17:31:07.812235,371.1,cam_03,ONLINE,1.26,0,863,632,1
2026-08-27T17:31:07.812235,371.1,cam_04,OFFLINE,12.27,0,647,911,0
2026-08-27T17:31:07.812235,371.1,cam_05,ONLINE,0.53,0,1069,2558,1
2026-08-27T17:31:07.812235,371.1,cam_06,ONLINE,0.39,0,1035,493,1
2026-08-27T17:31:07.812235,371.1,cam_07,ONLINE,0.28,0,1009,2006,1
2026-08-27T17:31:07.812235,371.1,cam_08,ONLINE,0.31,0,988,2486,1
2026-08-27T17:31:07.812235,371.1,cam_09,ONLINE,0.2,0,894,931,1
2026-08-27T17:31:07.812235,371.1,cam_10,ONLINE,0.45,0,859,710,1
2026-08-27T17:31:07.812235,371.1,cam_11,ONLINE,0.42,0,1055,2677,1
2026-08-27T17:31:07.812235,371.1,cam_12,ONLINE,0.3,0,1042,1804,1
2026-08-27T17:31:07.812235,371.1,cam_13,ONLINE,0.33,0,764,1844,1
2026-08-27T17:31:07.812235,371.1,cam_14,ONLINE,0.52,0,850,2143,1
2026-08-27T17:31:07.812235,371.1,cam_15,ONLINE,0.47,0,955,936,1
2026-08-27T17:31:17.835168,381.1,cam_01,ONLINE,0.47,0,1222,2798,1
2026-08-27T17:31:17.835168,381.1,cam_02,ONLINE,0.48,0,1294,2809,1
2026-08-27T17:31:17.835168,381.1,cam_03,STALE,10.81,0,863,632,0
2026-08-27T17:31:17.835168,381.1,cam_04,ONLINE,0.47,0,672,72,1
2026-08-27T17:31:17.835168,381.1,cam_05,ONLINE,0.47,0,1094,2625,1
2026-08-27T17:31:17.835168,381.1,cam_06,ONLINE,0.8,0,1064,556,1
2026-08-27T17:31:17.835168,381.1,cam_07,ONLINE,0.41,0,1033,2075,1
2026-08-27T17:31:17.835168,381.1,cam_08,ONLINE,0.62,0,1015,2551,1
2026-08-27T17:31:17.835168,381.1,cam_09,ONLINE,0.38,0,922,997,1
2026-08-27T17:31:17.835168,381.1,cam_10,ONLINE,0.66,0,872,774,1
2026-08-27T17:31:17.835168,381.1,cam_11,ONLINE,0.95,0,1079,2740,1
2026-08-27T17:31:17.835168,381.1,cam_12,ONLINE,0.94,0,1072,1866,1
2026-08-27T17:31:17.835168,381.1,cam_13,ONLINE,0.83,0,781,1908,1
2026-08-27T17:31:17.835168,381.1,cam_14,ONLINE,0.66,0,877,2209,1
2026-08-27T17:31:17.835168,381.1,cam_15,ONLINE,0.91,0,983,1000,1
2026-08-27T17:31:27.859186,391.2,cam_01,ONLINE,0.42,0,1244,2871,1
2026-08-27T17:31:27.859186,391.2,cam_02,ONLINE,0.91,0,1318,2879,1
2026-08-27T17:31:27.859186,391.2,cam_03,STALE,21.25,0,863,632,0
2026-08-27T17:31:27.859186,391.2,cam_04,STALE,3.14,0,688,123,0
2026-08-27T17:31:27.859186,391.2,cam_05,ONLINE,0.77,0,1117,2696,1
2026-08-27T17:31:27.859186,391.2,cam_06,ONLINE,0.78,0,1088,630,1
2026-08-27T17:31:27.859186,391.2,cam_07,ONLINE,0.53,0,1058,2147,1
2026-08-27T17:31:27.859186,391.2,cam_08,ONLINE,0.62,0,1031,2602,1
2026-08-27T17:31:27.859186,391.2,cam_09,ONLINE,0.55,0,942,1069,1
2026-08-27T17:31:27.859186,391.2,cam_10,STALE,3.44,0,886,828,0
2026-08-27T17:31:27.859186,391.2,cam_11,STALE,5.24,0,1092,2783,0
2026-08-27T17:31:27.859186,391.2,cam_12,ONLINE,0.61,0,1093,1942,1
2026-08-27T17:31:27.859186,391.2,cam_13,ONLINE,0.47,0,804,1984,1
2026-08-27T17:31:27.859186,391.2,cam_14,ONLINE,0.38,0,902,2284,1
2026-08-27T17:31:27.859186,391.2,cam_15,ONLINE,0.2,0,1007,1078,1
2026-08-27T17:31:37.873710,401.2,cam_01,ONLINE,0.16,0,1257,2939,1
2026-08-27T17:31:37.873710,401.2,cam_02,ONLINE,0.19,0,1339,2950,1
2026-08-27T17:31:37.873710,401.2,cam_03,ONLINE,0.09,0,883,66,1
2026-08-27T17:31:37.873710,401.2,cam_04,ONLINE,0.25,0,698,193,1
2026-08-27T17:31:37.873710,401.2,cam_05,ONLINE,0.14,0,1137,2765,1
2026-08-27T17:31:37.873710,401.2,cam_06,ONLINE,0.02,0,1111,701,1
2026-08-27T17:31:37.873710,401.2,cam_07,ONLINE,0.25,0,1074,2215,1
2026-08-27T17:31:37.873710,401.2,cam_08,ONLINE,3.0,0,1041,2668,1
2026-08-27T17:31:37.873710,401.2,cam_09,ONLINE,0.06,0,966,1138,1
2026-08-27T17:31:37.873710,401.2,cam_10,ONLINE,0.81,0,906,912,1
2026-08-27T17:31:37.873710,401.2,cam_11,ONLINE,0.02,0,1108,2879,1
2026-08-27T17:31:37.873710,401.2,cam_12,ONLINE,0.11,0,1112,2011,1
2026-08-27T17:31:37.873710,401.2,cam_13,ONLINE,0.5,0,824,2049,1
2026-08-27T17:31:37.873710,401.2,cam_14,ONLINE,0.2,0,924,2351,1
2026-08-27T17:31:37.873710,401.2,cam_15,STALE,4.3,0,1017,1115,0
2026-08-27T17:31:47.907193,411.2,cam_01,ONLINE,0.36,0,1283,3010,1
2026-08-27T17:31:47.907193,411.2,cam_02,ONLINE,0.2,0,1366,3022,1
2026-08-27T17:31:47.907193,411.2,cam_03,ONLINE,0.2,0,910,138,1
2026-08-27T17:31:47.907193,411.2,cam_04,ONLINE,0.2,0,724,266,1
2026-08-27T17:31:47.907193,411.2,cam_05,ONLINE,0.27,0,1160,2838,1
2026-08-27T17:31:47.907193,411.2,cam_06,ONLINE,0.25,0,1137,772,1
2026-08-27T17:31:47.907193,411.2,cam_07,ONLINE,0.75,0,1098,2284,1
2026-08-27T17:31:47.907193,411.2,cam_08,STALE,6.41,0,1042,2675,0
2026-08-27T17:31:47.907193,411.2,cam_09,ONLINE,0.44,0,991,1208,1
2026-08-27T17:31:47.907193,411.2,cam_10,ONLINE,0.42,0,914,949,1
2026-08-27T17:31:47.907193,411.2,cam_11,ONLINE,0.23,0,1129,2950,1
2026-08-27T17:31:47.907193,411.2,cam_12,ONLINE,0.34,0,1130,2082,1
2026-08-27T17:31:47.907193,411.2,cam_13,ONLINE,1.22,0,844,2117,1
2026-08-27T17:31:47.907193,411.2,cam_14,ONLINE,0.23,0,947,2423,1
2026-08-27T17:31:47.907193,411.2,cam_15,ONLINE,1.41,0,1038,1206,1
2026-08-27T17:31:57.944359,421.2,cam_01,ONLINE,0.16,0,1308,3084,1
2026-08-27T17:31:57.944359,421.2,cam_02,ONLINE,0.2,0,1394,3095,1
2026-08-27T17:31:57.944359,421.2,cam_03,ONLINE,0.22,0,933,211,1
2026-08-27T17:31:57.944359,421.2,cam_04,STALE,3.8,0,737,312,0
2026-08-27T17:31:57.944359,421.2,cam_05,ONLINE,0.2,0,1184,2911,1
2026-08-27T17:31:57.944359,421.2,cam_06,ONLINE,0.28,0,1160,845,1
2026-08-27T17:31:57.944359,421.2,cam_07,ONLINE,1.52,0,1103,2306,1
2026-08-27T17:31:57.944359,421.2,cam_08,ONLINE,2.81,0,1048,2801,1
2026-08-27T17:31:57.944359,421.2,cam_09,ONLINE,0.25,0,1013,1282,1
2026-08-27T17:31:57.944359,421.2,cam_10,ONLINE,0.17,0,939,1054,1
2026-08-27T17:31:57.944359,421.2,cam_11,ONLINE,0.27,0,1154,3023,1
2026-08-27T17:31:57.944359,421.2,cam_12,ONLINE,0.17,0,1155,2156,1
2026-08-27T17:31:57.944359,421.2,cam_13,ONLINE,0.14,0,855,2197,1
2026-08-27T17:31:57.944359,421.2,cam_14,ONLINE,0.55,0,969,2494,1
2026-08-27T17:31:57.944359,421.2,cam_15,ONLINE,1.11,0,1061,1283,1
2026-08-27T17:32:07.987440,431.3,cam_01,ONLINE,0.55,0,1338,3147,1
2026-08-27T17:32:07.987440,431.3,cam_02,ONLINE,0.14,0,1414,3161,1
2026-08-27T17:32:07.987440,431.3,cam_03,ONLINE,0.47,0,963,274,1
2026-08-27T17:32:07.987440,431.3,cam_04,ONLINE,0.14,0,759,405,1
2026-08-27T17:32:07.987440,431.3,cam_05,ONLINE,0.73,0,1213,2972,1
2026-08-27T17:32:07.987440,431.3,cam_06,ONLINE,0.14,0,1195,911,1
2026-08-27T17:32:07.987440,431.3,cam_07,STALE,3.81,0,1105,2309,0
2026-08-27T17:32:07.987440,431.3,cam_08,ONLINE,0.28,0,1072,2903,1
2026-08-27T17:32:07.987440,431.3,cam_09,ONLINE,0.33,0,1039,1347,1
2026-08-27T17:32:07.987440,431.3,cam_10,ONLINE,0.38,0,960,1118,1
2026-08-27T17:32:07.987440,431.3,cam_11,ONLINE,0.28,0,1184,3088,1
2026-08-27T17:32:07.987440,431.3,cam_12,ONLINE,0.5,0,1183,2219,1
2026-08-27T17:32:07.987440,431.3,cam_13,ONLINE,0.22,0,882,2262,1
2026-08-27T17:32:07.987440,431.3,cam_14,ONLINE,1.62,0,987,2537,1
2026-08-27T17:32:07.987440,431.3,cam_15,STALE,10.45,0,1061,1283,0
2026-08-27T17:32:18.015819,441.3,cam_01,ONLINE,0.33,0,1370,3221,1
2026-08-27T17:32:18.015819,441.3,cam_02,ONLINE,0.34,0,1446,3232,1
2026-08-27T17:32:18.015819,441.3,cam_03,ONLINE,0.33,0,991,348,1
2026-08-27T17:32:18.015819,441.3,cam_04,ONLINE,0.27,0,787,477,1
2026-08-27T17:32:18.015819,441.3,cam_05,ONLINE,0.52,0,1235,3047,1
2026-08-27T17:32:18.015819,441.3,cam_06,ONLINE,0.53,0,1225,981,1
2026-08-27T17:32:18.015819,441.3,cam_07,STALE,6.08,0,1106,2310,0
2026-08-27T17:32:18.015819,441.3,cam_08,ONLINE,0.2,0,1103,2976,1
2026-08-27T17:32:18.015819,441.3,cam_09,ONLINE,0.16,0,1068,1421,1
2026-08-27T17:32:18.015819,441.3,cam_10,ONLINE,0.42,0,978,1184,1
2026-08-27T17:32:18.015819,441.3,cam_11,ONLINE,0.41,0,1214,3160,1
2026-08-27T17:32:18.015819,441.3,cam_12,STALE,5.97,0,1192,2251,0
2026-08-27T17:32:18.015819,441.3,cam_13,ONLINE,0.34,0,912,2334,1
2026-08-27T17:32:18.015819,441.3,cam_14,ONLINE,1.2,0,999,2604,1
2026-08-27T17:32:18.015819,441.3,cam_15,STALE,20.83,0,1061,1283,0
2026-08-27T17:32:28.043678,451.3,cam_01,ONLINE,0.58,0,1403,3292,1
2026-08-27T17:32:28.043678,451.3,cam_02,ONLINE,0.5,0,1483,3304,1
2026-08-27T17:32:28.043678,451.3,cam_03,ONLINE,0.34,0,1030,421,1
2026-08-27T17:32:28.043678,451.3,cam_04,ONLINE,0.53,0,827,548,1
2026-08-27T17:32:28.043678,451.3,cam_05,ONLINE,2.12,0,1238,3061,1
2026-08-27T17:32:28.043678,451.3,cam_06,ONLINE,0.81,0,1263,1052,1
2026-08-27T17:32:28.043678,451.3,cam_07,OFFLINE,8.31,0,1107,2365,0
2026-08-27T17:32:28.043678,451.3,cam_08,ONLINE,0.62,0,1139,3046,1
2026-08-27T17:32:28.043678,451.3,cam_09,ONLINE,0.73,0,1102,1490,1
2026-08-27T17:32:28.043678,451.3,cam_10,ONLINE,0.64,0,1012,1262,1
2026-08-27T17:32:28.043678,451.3,cam_11,STALE,6.53,0,1231,3190,0
2026-08-27T17:32:28.043678,451.3,cam_12,STALE,8.59,0,1193,2252,0
2026-08-27T17:32:28.043678,451.3,cam_13,STALE,6.64,0,922,2349,0
2026-08-27T17:32:28.043678,451.3,cam_14,ONLINE,0.69,0,1031,2698,1
2026-08-27T17:32:28.043678,451.3,cam_15,ONLINE,0.8,0,1092,66,1
2026-08-27T17:32:38.078497,461.4,cam_01,ONLINE,0.27,0,1434,3360,1
2026-08-27T17:32:38.078497,461.4,cam_02,ONLINE,0.47,0,1514,3371,1
2026-08-27T17:32:38.078497,461.4,cam_03,ONLINE,0.14,0,1059,489,1
2026-08-27T17:32:38.078497,461.4,cam_04,ONLINE,0.31,0,858,616,1
2026-08-27T17:32:38.078497,461.4,cam_05,ONLINE,0.08,0,1258,3183,1
2026-08-27T17:32:38.078497,461.4,cam_06,ONLINE,0.36,0,1293,1122,1
2026-08-27T17:32:38.078497,461.4,cam_07,ONLINE,0.36,0,1126,47,1
2026-08-27T17:32:38.078497,461.4,cam_08,ONLINE,0.28,0,1172,3115,1
2026-08-27T17:32:38.078497,461.4,cam_09,ONLINE,0.41,0,1129,1559,1
2026-08-27T17:32:38.078497,461.4,cam_10,ONLINE,0.31,0,1038,1331,1
2026-08-27T17:32:38.078497,461.4,cam_11,STALE,7.61,0,1232,3204,0
2026-08-27T17:32:38.078497,461.4,cam_12,ONLINE,0.44,0,1207,2432,1
2026-08-27T17:32:38.078497,461.4,cam_13,STALE,16.17,0,922,2349,0
2026-08-27T17:32:38.078497,461.4,cam_14,ONLINE,0.31,0,1057,2767,1
2026-08-27T17:32:38.078497,461.4,cam_15,ONLINE,2.31,0,1113,122,1
2026-08-27T17:32:48.110053,471.4,cam_01,ONLINE,0.56,0,1461,3432,1
2026-08-27T17:32:48.110053,471.4,cam_02,ONLINE,0.47,0,1542,3444,1
2026-08-27T17:32:48.110053,471.4,cam_03,ONLINE,0.44,0,1084,560,1
2026-08-27T17:32:48.110053,471.4,cam_04,ONLINE,0.28,0,883,689,1
2026-08-27T17:32:48.110053,471.4,cam_05,ONLINE,0.33,0,1284,3255,1
2026-08-27T17:32:48.110053,471.4,cam_06,ONLINE,0.45,0,1308,1192,1
2026-08-27T17:32:48.110053,471.4,cam_07,ONLINE,0.81,0,1145,116,1
2026-08-27T17:32:48.110053,471.4,cam_08,ONLINE,0.2,0,1205,3189,1
2026-08-27T17:32:48.110053,471.4,cam_09,STALE,3.72,0,1140,1597,0
2026-08-27T17:32:48.110053,471.4,cam_10,ONLINE,0.47,0,1063,1403,1
2026-08-27T17:32:48.110053,471.4,cam_11,OFFLINE,1.14,0,1234,3234,0
2026-08-27T17:32:48.110053,471.4,cam_12,ONLINE,0.28,0,1232,2506,1
2026-08-27T17:32:48.110053,471.4,cam_13,ONLINE,0.16,0,936,41,1
2026-08-27T17:32:48.110053,471.4,cam_14,ONLINE,1.23,0,1083,2834,1
2026-08-27T17:32:48.110053,471.4,cam_15,ONLINE,0.7,0,1127,203,1
2026-08-27T17:32:58.147627,481.5,cam_01,ONLINE,0.42,0,1484,3500,1
2026-08-27T17:32:58.147627,481.5,cam_02,ONLINE,0.48,0,1573,3511,1
2026-08-27T17:32:58.147627,481.5,cam_03,ONLINE,0.27,0,1113,628,1
2026-08-27T17:32:58.147627,481.5,cam_04,STALE,4.41,0,900,725,0
2026-08-27T17:32:58.147627,481.5,cam_05,ONLINE,0.17,0,1314,3323,1
2026-08-27T17:32:58.147627,481.5,cam_06,ONLINE,0.17,0,1316,1237,1
2026-08-27T17:32:58.147627,481.5,cam_07,ONLINE,0.81,0,1172,183,1
2026-08-27T17:32:58.147627,481.5,cam_08,STALE,3.11,0,1223,3235,0
2026-08-27T17:32:58.147627,481.5,cam_09,ONLINE,0.77,0,1160,1694,1
2026-08-27T17:32:58.147627,481.5,cam_10,ONLINE,0.8,0,1089,1467,1
2026-08-27T17:32:58.147627,481.5,cam_11,OFFLINE,10.67,0,1234,3234,0
2026-08-27T17:32:58.147627,481.5,cam_12,ONLINE,0.91,0,1247,2568,1
2026-08-27T17:32:58.147627,481.5,cam_13,ONLINE,0.95,0,956,101,1
2026-08-27T17:32:58.147627,481.5,cam_14,ONLINE,0.72,0,1110,2904,1
2026-08-27T17:32:58.147627,481.5,cam_15,ONLINE,0.41,0,1150,272,1
2026-08-27T17:33:08.212504,491.5,cam_01,ONLINE,0.7,0,1506,3571,1
2026-08-27T17:33:08.212504,491.5,cam_02,ONLINE,0.48,0,1594,3584,1
2026-08-27T17:33:08.212504,491.5,cam_03,ONLINE,0.45,0,1138,700,1
2026-08-27T17:33:08.212504,491.5,cam_04,STALE,14.88,0,900,725,0
2026-08-27T17:33:08.212504,491.5,cam_05,ONLINE,0.33,0,1337,3395,1
2026-08-27T17:33:08.212504,491.5,cam_06,ONLINE,0.38,0,1338,1316,1
2026-08-27T17:33:08.212504,491.5,cam_07,ONLINE,0.28,0,1199,260,1
2026-08-27T17:33:08.212504,491.5,cam_08,ONLINE,0.45,0,1232,3326,1
2026-08-27T17:33:08.212504,491.5,cam_09,STALE,3.72,0,1170,1741,0
2026-08-27T17:33:08.212504,491.5,cam_10,ONLINE,0.28,0,1112,1544,1
2026-08-27T17:33:08.212504,491.5,cam_11,ONLINE,0.06,0,1257,74,1
2026-08-27T17:33:08.212504,491.5,cam_12,ONLINE,0.64,0,1270,2643,1
2026-08-27T17:33:08.212504,491.5,cam_13,ONLINE,0.59,0,978,178,1
2026-08-27T17:33:08.212504,491.5,cam_14,ONLINE,0.11,0,1136,2983,1
2026-08-27T17:33:08.212504,491.5,cam_15,ONLINE,0.62,0,1175,344,1
2026-08-27T17:33:18.245981,501.5,cam_01,ONLINE,0.33,0,1530,3640,1
2026-08-27T17:33:18.245981,501.5,cam_02,ONLINE,0.3,0,1615,3651,1
2026-08-27T17:33:18.245981,501.5,cam_03,ONLINE,0.59,0,1159,765,1
2026-08-27T17:33:18.245981,501.5,cam_04,STALE,24.3,0,900,725,0
2026-08-27T17:33:18.245981,501.5,cam_05,ONLINE,0.3,0,1360,3461,1
2026-08-27T17:33:18.245981,501.5,cam_06,ONLINE,0.22,0,1362,1383,1
2026-08-27T17:33:18.245981,501.5,cam_07,ONLINE,0.25,0,1224,326,1
2026-08-27T17:33:18.245981,501.5,cam_08,ONLINE,0.36,0,1246,3393,1
2026-08-27T17:33:18.245981,501.5,cam_09,ONLINE,1.09,0,1182,1832,1
2026-08-27T17:33:18.245981,501.5,cam_10,ONLINE,0.45,0,1138,1609,1
2026-08-27T17:33:18.245981,501.5,cam_11,ONLINE,0.34,0,1281,138,1
2026-08-27T17:33:18.245981,501.5,cam_12,ONLINE,0.3,0,1291,2712,1
2026-08-27T17:33:18.245981,501.5,cam_13,ONLINE,0.16,0,1001,247,1
2026-08-27T17:33:18.245981,501.5,cam_14,ONLINE,0.39,0,1154,3047,1
2026-08-27T17:33:18.245981,501.5,cam_15,ONLINE,0.38,0,1196,409,1
2026-08-27T17:33:28.283146,511.6,cam_01,ONLINE,0.16,0,1553,3714,1
2026-08-27T17:33:28.283146,511.6,cam_02,ONLINE,0.19,0,1638,3725,1
2026-08-27T17:33:28.283146,511.6,cam_03,STALE,3.59,0,1170,807,0
2026-08-27T17:33:28.283146,511.6,cam_04,STALE,34.73,0,900,725,0
2026-08-27T17:33:28.283146,511.6,cam_05,ONLINE,0.16,0,1381,3535,1
2026-08-27T17:33:28.283146,511.6,cam_06,ONLINE,0.62,0,1381,1453,1
2026-08-27T17:33:28.283146,511.6,cam_07,ONLINE,0.14,0,1246,400,1
2026-08-27T17:33:28.283146,511.6,cam_08,ONLINE,0.3,0,1269,3466,1
2026-08-27T17:33:28.283146,511.6,cam_09,ONLINE,0.55,0,1200,1909,1
2026-08-27T17:33:28.283146,511.6,cam_10,ONLINE,0.58,0,1158,1681,1
2026-08-27T17:33:28.283146,511.6,cam_11,ONLINE,0.23,0,1304,212,1
2026-08-27T17:33:28.283146,511.6,cam_12,STALE,5.52,0,1302,2748,0
2026-08-27T17:33:28.283146,511.6,cam_13,ONLINE,0.28,0,1023,319,1
2026-08-27T17:33:28.283146,511.6,cam_14,ONLINE,0.23,0,1166,3120,1
2026-08-27T17:33:28.283146,511.6,cam_15,ONLINE,0.47,0,1215,484,1
2026-08-27T17:33:38.316541,521.6,cam_01,ONLINE,0.45,0,1574,3785,1
2026-08-27T17:33:38.316541,521.6,cam_02,ONLINE,0.38,0,1661,3797,1
2026-08-27T17:33:38.316541,521.6,cam_03,STALE,5.97,0,1171,808,0
2026-08-27T17:33:38.316541,521.6,cam_04,STALE,45.19,0,900,725,0
2026-08-27T17:33:38.316541,521.6,cam_05,ONLINE,0.8,0,1403,3604,1
2026-08-27T17:33:38.316541,521.6,cam_06,ONLINE,0.7,0,1403,1526,1
2026-08-27T17:33:38.316541,521.6,cam_07,ONLINE,0.7,0,1272,469,1
2026-08-27T17:33:38.316541,521.6,cam_08,ONLINE,0.91,0,1292,3535,1
2026-08-27T17:33:38.316541,521.6,cam_09,ONLINE,0.61,0,1223,1981,1
2026-08-27T17:33:38.316541,521.6,cam_10,ONLINE,0.58,0,1173,1754,1
2026-08-27T17:33:38.316541,521.6,cam_11,ONLINE,0.7,0,1326,282,1
2026-08-27T17:33:38.316541,521.6,cam_12,STALE,15.97,0,1302,2748,0
2026-08-27T17:33:38.316541,521.6,cam_13,ONLINE,0.52,0,1048,390,1
2026-08-27T17:33:38.316541,521.6,cam_14,ONLINE,0.95,0,1190,3188,1
2026-08-27T17:33:38.316541,521.6,cam_15,ONLINE,0.94,0,1239,554,1
2026-08-27T17:33:48.342859,531.7,cam_01,ONLINE,0.25,0,1604,3852,1
2026-08-27T17:33:48.342859,531.7,cam_02,ONLINE,0.27,0,1689,3863,1
2026-08-27T17:33:48.342859,531.7,cam_03,STALE,15.34,0,1171,808,0
2026-08-27T17:33:48.342859,531.7,cam_04,STALE,54.56,0,900,725,0
2026-08-27T17:33:48.342859,531.7,cam_05,ONLINE,0.2,0,1434,3674,1
2026-08-27T17:33:48.342859,531.7,cam_06,STALE,3.25,0,1415,1572,0
2026-08-27T17:33:48.342859,531.7,cam_07,ONLINE,0.23,0,1299,538,1
2026-08-27T17:33:48.342859,531.7,cam_08,ONLINE,0.11,0,1322,3606,1
2026-08-27T17:33:48.342859,531.7,cam_09,ONLINE,0.23,0,1253,2050,1
2026-08-27T17:33:48.342859,531.7,cam_10,ONLINE,2.23,0,1186,1795,1
2026-08-27T17:33:48.342859,531.7,cam_11,ONLINE,0.77,0,1356,347,1
2026-08-27T17:33:48.342859,531.7,cam_12,ONLINE,0.39,0,1314,25,1
2026-08-27T17:33:48.342859,531.7,cam_13,ONLINE,0.27,0,1074,458,1
2026-08-27T17:33:48.342859,531.7,cam_14,ONLINE,0.52,0,1215,3252,1
2026-08-27T17:33:48.342859,531.7,cam_15,ONLINE,0.31,0,1264,624,1
2026-08-27T17:33:58.353888,541.7,cam_01,ONLINE,1.31,0,1609,3871,1
2026-08-27T17:33:58.353888,541.7,cam_02,ONLINE,0.27,0,1709,3936,1
2026-08-27T17:33:58.353888,541.7,cam_03,ONLINE,0.06,0,1184,35,1
2026-08-27T17:33:58.353888,541.7,cam_04,ONLINE,0.08,0,937,75,1
2026-08-27T17:33:58.353888,541.7,cam_05,ONLINE,0.14,0,1476,3747,1
2026-08-27T17:33:58.353888,541.7,cam_06,STALE,13.64,0,1415,1572,0
2026-08-27T17:33:58.353888,541.7,cam_07,ONLINE,0.22,0,1328,611,1
2026-08-27T17:33:58.353888,541.7,cam_08,ONLINE,0.14,0,1365,3679,1
2026-08-27T17:33:58.353888,541.7,cam_09,ONLINE,0.91,0,1284,2118,1
2026-08-27T17:33:58.353888,541.7,cam_10,ONLINE,0.84,0,1225,1891,1
2026-08-27T17:33:58.353888,541.7,cam_11,ONLINE,0.44,0,1398,422,1
2026-08-27T17:33:58.353888,541.7,cam_12,ONLINE,0.38,0,1353,98,1
2026-08-27T17:33:58.353888,541.7,cam_13,ONLINE,0.53,0,1114,529,1
2026-08-27T17:33:58.353888,541.7,cam_14,ONLINE,0.45,0,1229,3328,1
2026-08-27T17:33:58.353888,541.7,cam_15,ONLINE,0.42,0,1301,696,1
2026-08-27T17:34:08.404601,551.7,cam_01,ONLINE,2.53,0,1610,3878,1
2026-08-27T17:34:08.404601,551.7,cam_02,ONLINE,1.3,0,1728,3979,1
2026-08-27T17:34:08.404601,551.7,cam_03,ONLINE,0.06,0,1215,101,1
2026-08-27T17:34:08.404601,551.7,cam_04,ONLINE,0.14,0,967,141,1
2026-08-27T17:34:08.404601,551.7,cam_05,ONLINE,0.16,0,1498,3813,1
2026-08-27T17:34:08.404601,551.7,cam_06,ONLINE,0.28,0,1417,10,1
2026-08-27T17:34:08.404601,551.7,cam_07,ONLINE,0.06,0,1360,678,1
2026-08-27T17:34:08.404601,551.7,cam_08,ONLINE,2.06,0,1374,3719,1
2026-08-27T17:34:08.404601,551.7,cam_09,ONLINE,0.17,0,1312,2189,1
2026-08-27T17:34:08.404601,551.7,cam_10,ONLINE,0.11,0,1233,1961,1
2026-08-27T17:34:08.404601,551.7,cam_11,ONLINE,0.16,0,1429,490,1
2026-08-27T17:34:08.404601,551.7,cam_12,ONLINE,0.59,0,1378,162,1
2026-08-27T17:34:08.404601,551.7,cam_13,ONLINE,0.08,0,1148,598,1
2026-08-27T17:34:08.404601,551.7,cam_14,STALE,3.14,0,1244,3376,0
2026-08-27T17:34:08.404601,551.7,cam_15,ONLINE,0.25,0,1329,763,1
2026-08-27T17:34:18.429528,561.7,cam_01,STALE,4.83,0,1611,3879,0
2026-08-27T17:34:18.429528,561.7,cam_02,ONLINE,1.58,0,1730,3982,1
2026-08-27T17:34:18.429528,561.7,cam_03,ONLINE,0.16,0,1251,174,1
2026-08-27T17:34:18.429528,561.7,cam_04,ONLINE,0.0,0,1000,215,1
2026-08-27T17:34:18.429528,561.7,cam_05,ONLINE,0.09,0,1533,3886,1
2026-08-27T17:34:18.429528,561.7,cam_06,ONLINE,0.05,0,1459,85,1
2026-08-27T17:34:18.429528,561.7,cam_07,ONLINE,0.11,0,1397,751,1
2026-08-27T17:34:18.429528,561.7,cam_08,ONLINE,0.17,0,1403,3818,1
2026-08-27T17:34:18.429528,561.7,cam_09,ONLINE,0.05,0,1335,2263,1
2026-08-27T17:34:18.429528,561.7,cam_10,ONLINE,0.27,0,1266,2034,1
2026-08-27T17:34:18.429528,561.7,cam_11,ONLINE,0.38,0,1471,562,1
2026-08-27T17:34:18.429528,561.7,cam_12,STALE,7.0,0,1386,191,0
2026-08-27T17:34:18.429528,561.7,cam_13,ONLINE,0.14,0,1178,671,1
2026-08-27T17:34:18.429528,561.7,cam_14,ONLINE,0.09,0,1274,3470,1
2026-08-27T17:34:18.429528,561.7,cam_15,ONLINE,0.47,0,1354,835,1
2026-08-27T17:34:28.461287,571.8,cam_01,STALE,15.31,0,1611,3879,0
2026-08-27T17:34:28.461287,571.8,cam_02,ONLINE,0.41,0,1747,4130,1
2026-08-27T17:34:28.461287,571.8,cam_03,STALE,8.52,0,1256,184,0
2026-08-27T17:34:28.461287,571.8,cam_04,ONLINE,0.38,0,1030,286,1
2026-08-27T17:34:28.461287,571.8,cam_05,ONLINE,0.36,0,1556,3958,1
2026-08-27T17:34:28.461287,571.8,cam_06,ONLINE,0.41,0,1484,156,1
2026-08-27T17:34:28.461287,571.8,cam_07,ONLINE,0.16,0,1423,824,1
2026-08-27T17:34:28.461287,571.8,cam_08,ONLINE,0.2,0,1429,3891,1
2026-08-27T17:34:28.461287,571.8,cam_09,ONLINE,0.56,0,1362,2333,1
2026-08-27T17:34:28.461287,571.8,cam_10,ONLINE,0.59,0,1290,2105,1
2026-08-27T17:34:28.461287,571.8,cam_11,ONLINE,0.52,0,1497,634,1
2026-08-27T17:34:28.461287,571.8,cam_12,STALE,17.48,0,1386,191,0
2026-08-27T17:34:28.461287,571.8,cam_13,ONLINE,0.44,0,1207,742,1
2026-08-27T17:34:28.461287,571.8,cam_14,ONLINE,0.56,0,1305,3540,1
2026-08-27T17:34:28.461287,571.8,cam_15,ONLINE,1.33,0,1380,902,1
2026-08-27T17:34:38.497765,581.8,cam_01,ONLINE,0.36,0,1619,27,1
2026-08-27T17:34:38.497765,581.8,cam_02,ONLINE,0.38,0,1777,4196,1
2026-08-27T17:34:38.497765,581.8,cam_03,STALE,8.61,0,1257,185,0
2026-08-27T17:34:38.497765,581.8,cam_04,ONLINE,0.42,0,1059,352,1
2026-08-27T17:34:38.497765,581.8,cam_05,ONLINE,0.22,0,1581,4025,1
2026-08-27T17:34:38.497765,581.8,cam_06,ONLINE,0.53,0,1506,221,1
2026-08-27T17:34:38.497765,581.8,cam_07,ONLINE,0.59,0,1450,887,1
2026-08-27T17:34:38.497765,581.8,cam_08,ONLINE,2.5,0,1449,3941,1
2026-08-27T17:34:38.497765,581.8,cam_09,ONLINE,0.45,0,1384,2400,1
2026-08-27T17:34:38.497765,581.8,cam_10,ONLINE,0.59,0,1308,2171,1
2026-08-27T17:34:38.497765,581.8,cam_11,ONLINE,0.44,0,1517,701,1
2026-08-27T17:34:38.497765,581.8,cam_12,ONLINE,1.58,0,1398,31,1
2026-08-27T17:34:38.497765,581.8,cam_13,ONLINE,0.38,0,1234,809,1
2026-08-27T17:34:38.497765,581.8,cam_14,ONLINE,0.38,0,1329,3607,1
2026-08-27T17:34:38.497765,581.8,cam_15,ONLINE,0.62,0,1394,973,1
2026-08-27T17:34:48.531849,591.8,cam_01,ONLINE,0.28,0,1648,101,1
2026-08-27T17:34:48.531849,591.8,cam_02,ONLINE,0.31,0,1806,4270,1
2026-08-27T17:34:48.531849,591.8,cam_03,STALE,19.08,0,1257,185,0
2026-08-27T17:34:48.531849,591.8,cam_04,ONLINE,0.25,0,1091,426,1
2026-08-27T17:34:48.531849,591.8,cam_05,ONLINE,0.28,0,1606,4098,1
2026-08-27T17:34:48.531849,591.8,cam_06,ONLINE,0.28,0,1536,296,1
2026-08-27T17:34:48.531849,591.8,cam_07,ONLINE,0.17,0,1478,963,1
2026-08-27T17:34:48.531849,591.8,cam_08,ONLINE,0.09,0,1463,4031,1
2026-08-27T17:34:48.531849,591.8,cam_09,ONLINE,0.16,0,1412,2475,1
2026-08-27T17:34:48.531849,591.8,cam_10,ONLINE,0.73,0,1336,2243,1
2026-08-27T17:34:48.531849,591.8,cam_11,ONLINE,0.31,0,1542,775,1
2026-08-27T17:34:48.531849,591.8,cam_12,ONLINE,0.23,0,1425,113,1
2026-08-27T17:34:48.531849,591.8,cam_13,ONLINE,0.61,0,1262,880,1
2026-08-27T17:34:48.531849,591.8,cam_14,ONLINE,0.61,0,1353,3679,1
2026-08-27T17:34:48.531849,591.8,cam_15,ONLINE,0.27,0,1420,1049,1
2026-08-27T17:34:58.567804,601.9,cam_01,ONLINE,0.97,0,1673,163,1
2026-08-27T17:34:58.567804,601.9,cam_02,ONLINE,0.38,0,1831,4336,1
2026-08-27T17:34:58.567804,601.9,cam_03,ONLINE,0.09,0,1269,50,1
2026-08-27T17:34:58.567804,601.9,cam_04,ONLINE,2.42,0,1112,478,1
2026-08-27T17:34:58.567804,601.9,cam_05,ONLINE,0.09,0,1632,4166,1
2026-08-27T17:34:58.567804,601.9,cam_06,ONLINE,0.59,0,1560,360,1
2026-08-27T17:34:58.567804,601.9,cam_07,ONLINE,0.75,0,1501,1026,1
2026-08-27T17:34:58.567804,601.9,cam_08,ONLINE,1.5,0,1484,4088,1
2026-08-27T17:34:58.567804,601.9,cam_09,ONLINE,0.73,0,1435,2538,1
2026-08-27T17:34:58.567804,601.9,cam_10,ONLINE,0.53,0,1349,2312,1
2026-08-27T17:34:58.567804,601.9,cam_11,ONLINE,0.44,0,1568,841,1
2026-08-27T17:34:58.567804,601.9,cam_12,ONLINE,0.47,0,1445,178,1
2026-08-27T17:34:58.567804,601.9,cam_13,ONLINE,1.48,0,1268,914,1
2026-08-27T17:34:58.567804,601.9,cam_14,ONLINE,0.41,0,1377,3747,1
2026-08-27T17:34:58.567804,601.9,cam_15,ONLINE,0.39,0,1443,1116,1
2026-08-27T17:35:08.619228,611.9,cam_01,ONLINE,0.94,0,1700,236,1
2026-08-27T17:35:08.619228,611.9,cam_02,ONLINE,0.83,0,1861,4406,1
2026-08-27T17:35:08.619228,611.9,cam_03,ONLINE,0.83,0,1298,118,1
2026-08-27T17:35:08.619228,611.9,cam_04,STALE,12.88,0,1112,478,0
2026-08-27T17:35:08.619228,611.9,cam_05,ONLINE,0.89,0,1659,4234,1
2026-08-27T17:35:08.619228,611.9,cam_06,ONLINE,0.88,0,1586,432,1
2026-08-27T17:35:08.619228,611.9,cam_07,ONLINE,0.66,0,1527,1100,1
2026-08-27T17:35:08.619228,611.9,cam_08,ONLINE,0.59,0,1507,4168,1
2026-08-27T17:35:08.619228,611.9,cam_09,ONLINE,2.75,0,1445,2569,1
2026-08-27T17:35:08.619228,611.9,cam_10,ONLINE,0.64,0,1376,2384,1
2026-08-27T17:35:08.619228,611.9,cam_11,ONLINE,0.45,0,1597,912,1
2026-08-27T17:35:08.619228,611.9,cam_12,ONLINE,0.39,0,1470,252,1
2026-08-27T17:35:08.619228,611.9,cam_13,ONLINE,0.25,0,1293,1016,1
2026-08-27T17:35:08.619228,611.9,cam_14,ONLINE,0.48,0,1406,3820,1
2026-08-27T17:35:08.619228,611.9,cam_15,ONLINE,0.88,0,1469,1186,1
2026-08-27T17:35:18.645557,622.0,cam_01,ONLINE,0.72,0,1726,304,1
2026-08-27T17:35:18.645557,622.0,cam_02,ONLINE,0.27,0,1890,4476,1
2026-08-27T17:35:18.645557,622.0,cam_03,ONLINE,0.77,0,1316,184,1
2026-08-27T17:35:18.645557,622.0,cam_04,ONLINE,0.28,0,1113,10,1
2026-08-27T17:35:18.645557,622.0,cam_05,ONLINE,0.45,0,1689,4303,1
2026-08-27T17:35:18.645557,622.0,cam_06,ONLINE,0.19,0,1612,503,1
2026-08-27T17:35:18.645557,622.0,cam_07,ONLINE,0.25,0,1556,1169,1
2026-08-27T17:35:18.645557,622.0,cam_08,ONLINE,0.27,0,1540,4236,1
2026-08-27T17:35:18.645557,622.0,cam_09,STALE,5.36,0,1454,2635,0
2026-08-27T17:35:18.645557,622.0,cam_10,ONLINE,0.27,0,1407,2453,1
2026-08-27T17:35:18.645557,622.0,cam_11,ONLINE,0.19,0,1633,982,1
2026-08-27T17:35:18.645557,622.0,cam_12,STALE,7.49,0,1474,268,0
2026-08-27T17:35:18.645557,622.0,cam_13,ONLINE,0.27,0,1322,1082,1
2026-08-27T17:35:18.645557,622.0,cam_14,ONLINE,0.31,0,1437,3887,1
2026-08-27T17:35:18.645557,622.0,cam_15,ONLINE,0.31,0,1498,1256,1
2026-08-27T17:35:28.661987,632.0,cam_01,ONLINE,0.41,0,1747,379,1
2026-08-27T17:35:28.661987,632.0,cam_02,ONLINE,0.33,0,1916,4549,1
2026-08-27T17:35:28.661987,632.0,cam_03,ONLINE,0.31,0,1346,260,1
2026-08-27T17:35:28.661987,632.0,cam_04,ONLINE,0.44,0,1141,82,1
2026-08-27T17:35:28.661987,632.0,cam_05,ONLINE,0.42,0,1715,4376,1
2026-08-27T17:35:28.661987,632.0,cam_06,ONLINE,0.62,0,1631,573,1
2026-08-27T17:35:28.661987,632.0,cam_07,STALE,10.41,0,1557,1171,0
2026-08-27T17:35:28.661987,632.0,cam_08,ONLINE,0.84,0,1563,4305,1
2026-08-27T17:35:28.661987,632.0,cam_09,ONLINE,0.92,0,1479,2741,1
2026-08-27T17:35:28.661987,632.0,cam_10,ONLINE,0.72,0,1433,2523,1
2026-08-27T17:35:28.661987,632.0,cam_11,ONLINE,0.64,0,1658,1052,1
2026-08-27T17:35:28.661987,632.0,cam_12,ONLINE,1.22,0,1484,373,1
2026-08-27T17:35:28.661987,632.0,cam_13,STALE,9.8,0,1324,1088,0
2026-08-27T17:35:28.661987,632.0,cam_14,ONLINE,0.48,0,1465,3959,1
2026-08-27T17:35:28.661987,632.0,cam_15,ONLINE,0.47,0,1526,1328,1
2026-08-27T17:35:38.692146,642.0,cam_01,ONLINE,0.28,0,1777,446,1
2026-08-27T17:35:38.692146,642.0,cam_02,ONLINE,0.48,0,1946,4614,1
2026-08-27T17:35:38.692146,642.0,cam_03,ONLINE,0.48,0,1375,326,1
2026-08-27T17:35:38.692146,642.0,cam_04,ONLINE,0.36,0,1170,149,1
2026-08-27T17:35:38.692146,642.0,cam_05,ONLINE,0.39,0,1745,4439,1
2026-08-27T17:35:38.692146,642.0,cam_06,ONLINE,1.8,0,1657,631,1
2026-08-27T17:35:38.692146,642.0,cam_07,STALE,19.91,0,1557,1171,0
2026-08-27T17:35:38.692146,642.0,cam_08,ONLINE,0.48,0,1592,4374,1
2026-08-27T17:35:38.692146,642.0,cam_09,ONLINE,0.44,0,1510,2811,1
2026-08-27T17:35:38.692146,642.0,cam_10,ONLINE,0.33,0,1458,2592,1
2026-08-27T17:35:38.692146,642.0,cam_11,ONLINE,0.55,0,1688,1119,1
2026-08-27T17:35:38.692146,642.0,cam_12,STALE,10.72,0,1484,373,0
2026-08-27T17:35:38.692146,642.0,cam_13,STALE,19.3,0,1324,1088,0
2026-08-27T17:35:38.692146,642.0,cam_14,ONLINE,0.36,0,1493,4026,1
2026-08-27T17:35:38.692146,642.0,cam_15,ONLINE,0.25,0,1556,1396,1
2026-08-27T17:35:48.726537,652.0,cam_01,ONLINE,0.33,0,1804,519,1
2026-08-27T17:35:48.726537,652.0,cam_02,ONLINE,0.33,0,1974,4690,1
2026-08-27T17:35:48.726537,652.0,cam_03,ONLINE,0.34,0,1406,401,1
2026-08-27T17:35:48.726537,652.0,cam_04,ONLINE,0.27,0,1200,224,1
2026-08-27T17:35:48.726537,652.0,cam_05,ONLINE,1.16,0,1769,4511,1
2026-08-27T17:35:48.726537,652.0,cam_06,ONLINE,0.17,0,1667,703,1
2026-08-27T17:35:48.726537,652.0,cam_07,ONLINE,0.17,0,1577,65,1
2026-08-27T17:35:48.726537,652.0,cam_08,ONLINE,0.11,0,1620,4451,1
2026-08-27T17:35:48.726537,652.0,cam_09,ONLINE,0.16,0,1537,2887,1
2026-08-27T17:35:48.726537,652.0,cam_10,ONLINE,0.64,0,1483,2664,1
2026-08-27T17:35:48.726537,652.0,cam_11,ONLINE,0.48,0,1711,1192,1
2026-08-27T17:35:48.726537,652.0,cam_12,STALE,21.34,0,1484,373,0
2026-08-27T17:35:48.726537,652.0,cam_13,ONLINE,0.5,0,1341,56,1
2026-08-27T17:35:48.726537,652.0,cam_14,ONLINE,0.47,0,1521,4100,1
2026-08-27T17:35:48.726537,652.0,cam_15,ONLINE,0.27,0,1580,1470,1
2026-08-27T17:35:58.755955,662.1,cam_01,ONLINE,1.83,0,1820,576,1
2026-08-27T17:35:58.755955,662.1,cam_02,ONLINE,0.17,0,2001,4757,1
2026-08-27T17:35:58.755955,662.1,cam_03,ONLINE,0.39,0,1431,467,1
2026-08-27T17:35:58.755955,662.1,cam_04,ONLINE,0.11,0,1217,291,1
2026-08-27T17:35:58.755955,662.1,cam_05,ONLINE,2.3,0,1770,4512,1
2026-08-27T17:35:58.755955,662.1,cam_06,ONLINE,0.59,0,1690,766,1
2026-08-27T17:35:58.755955,662.1,cam_07,ONLINE,0.62,0,1598,128,1
2026-08-27T17:35:58.755955,662.1,cam_08,ONLINE,0.42,0,1642,4515,1
2026-08-27T17:35:58.755955,662.1,cam_09,ONLINE,1.64,0,1557,2937,1
2026-08-27T17:35:58.755955,662.1,cam_10,ONLINE,0.42,0,1511,2732,1
2026-08-27T17:35:58.755955,662.1,cam_11,STALE,3.19,0,1730,1241,0
2026-08-27T17:35:58.755955,662.1,cam_12,ONLINE,0.34,0,1509,69,1
2026-08-27T17:35:58.755955,662.1,cam_13,ONLINE,0.27,0,1367,124,1
2026-08-27T17:35:58.755955,662.1,cam_14,ONLINE,0.19,0,1543,4169,1
2026-08-27T17:35:58.755955,662.1,cam_15,ONLINE,0.3,0,1606,1536,1
2026-08-27T17:36:08.791037,672.1,cam_01,ONLINE,0.12,0,1860,661,1
2026-08-27T17:36:08.791037,672.1,cam_02,ONLINE,0.17,0,2034,4830,1
2026-08-27T17:36:08.791037,672.1,cam_03,ONLINE,0.09,0,1469,542,1
2026-08-27T17:36:08.791037,672.1,cam_04,ONLINE,0.39,0,1248,362,1
2026-08-27T17:36:08.791037,672.1,cam_05,STALE,12.72,0,1770,4512,0
2026-08-27T17:36:08.791037,672.1,cam_06,ONLINE,0.48,0,1719,840,1
2026-08-27T17:36:08.791037,672.1,cam_07,ONLINE,0.39,0,1634,203,1
2026-08-27T17:36:08.791037,672.1,cam_08,ONLINE,0.55,0,1678,4587,1
2026-08-27T17:36:08.791037,672.1,cam_09,ONLINE,0.3,0,1585,3025,1
2026-08-27T17:36:08.791037,672.1,cam_10,ONLINE,0.5,0,1544,2802,1
2026-08-27T17:36:08.791037,672.1,cam_11,ONLINE,0.28,0,1750,1314,1
2026-08-27T17:36:08.791037,672.1,cam_12,ONLINE,0.2,0,1544,143,1
2026-08-27T17:36:08.791037,672.1,cam_13,ONLINE,0.34,0,1403,196,1
2026-08-27T17:36:08.791037,672.1,cam_14,ONLINE,0.17,0,1578,4242,1
2026-08-27T17:36:08.791037,672.1,cam_15,ONLINE,0.31,0,1641,1608,1
2026-08-27T17:36:18.808365,682.1,cam_01,ONLINE,1.06,0,1865,668,1
2026-08-27T17:36:18.808365,682.1,cam_02,ONLINE,0.08,0,2077,4903,1
2026-08-27T17:36:18.808365,682.1,cam_03,ONLINE,0.05,0,1504,615,1
2026-08-27T17:36:18.808365,682.1,cam_04,ONLINE,1.11,0,1289,430,1
2026-08-27T17:36:18.808365,682.1,cam_05,ONLINE,0.23,0,1773,9,1
2026-08-27T17:36:18.808365,682.1,cam_06,ONLINE,0.12,0,1754,915,1
2026-08-27T17:36:18.808365,682.1,cam_07,ONLINE,0.5,0,1669,274,1
2026-08-27T17:36:18.808365,682.1,cam_08,ONLINE,0.06,0,1717,4663,1
2026-08-27T17:36:18.808365,682.1,cam_09,ONLINE,0.28,0,1616,3098,1
2026-08-27T17:36:18.808365,682.1,cam_10,ONLINE,0.34,0,1576,2878,1
2026-08-27T17:36:18.808365,682.1,cam_11,ONLINE,0.55,0,1784,1385,1
2026-08-27T17:36:18.808365,682.1,cam_12,ONLINE,0.02,0,1589,217,1
2026-08-27T17:36:18.808365,682.1,cam_13,ONLINE,0.34,0,1440,269,1
2026-08-27T17:36:18.808365,682.1,cam_14,ONLINE,0.08,0,1622,4315,1
2026-08-27T17:36:18.808365,682.1,cam_15,ONLINE,0.08,0,1683,1683,1
2026-08-27T17:36:28.840187,692.1,cam_01,STALE,10.44,0,1865,668,0
2026-08-27T17:36:28.840187,692.1,cam_02,ONLINE,0.3,0,2113,4967,1
2026-08-27T17:36:28.840187,692.1,cam_03,ONLINE,0.16,0,1512,647,1
2026-08-27T17:36:28.840187,692.1,cam_04,ONLINE,0.28,0,1324,500,1
2026-08-27T17:36:28.840187,692.1,cam_05,ONLINE,0.62,0,1804,72,1
2026-08-27T17:36:28.840187,692.1,cam_06,ONLINE,0.75,0,1783,976,1
2026-08-27T17:36:28.840187,692.1,cam_07,ONLINE,0.42,0,1699,341,1
2026-08-27T17:36:28.840187,692.1,cam_08,ONLINE,0.45,0,1746,4726,1
2026-08-27T17:36:28.840187,692.1,cam_09,ONLINE,0.55,0,1646,3162,1
2026-08-27T17:36:28.840187,692.1,cam_10,ONLINE,0.45,0,1614,2943,1
2026-08-27T17:36:28.840187,692.1,cam_11,ONLINE,0.38,0,1823,1452,1
2026-08-27T17:36:28.840187,692.1,cam_12,ONLINE,0.3,0,1619,276,1
2026-08-27T17:36:28.840187,692.1,cam_13,ONLINE,0.58,0,1447,314,1
2026-08-27T17:36:28.840187,692.1,cam_14,ONLINE,0.36,0,1657,4379,1
2026-08-27T17:36:28.840187,692.1,cam_15,ONLINE,0.58,0,1720,1745,1
2026-08-27T17:36:38.877603,702.2,cam_01,STALE,20.83,0,1865,668,0
2026-08-27T17:36:38.877603,702.2,cam_02,ONLINE,0.11,0,2158,5041,1
2026-08-27T17:36:38.877603,702.2,cam_03,ONLINE,0.34,0,1552,735,1
2026-08-27T17:36:38.877603,702.2,cam_04,ONLINE,0.12,0,1357,574,1
2026-08-27T17:36:38.877603,702.2,cam_05,ONLINE,0.16,0,1817,139,1
2026-08-27T17:36:38.877603,702.2,cam_06,ONLINE,0.05,0,1825,1054,1
2026-08-27T17:36:38.877603,702.2,cam_07,ONLINE,0.17,0,1736,415,1
2026-08-27T17:36:38.877603,702.2,cam_08,ONLINE,0.11,0,1772,4802,1
2026-08-27T17:36:38.877603,702.2,cam_09,ONLINE,0.97,0,1683,3231,1
2026-08-27T17:36:38.877603,702.2,cam_10,ONLINE,0.11,0,1652,3018,1
2026-08-27T17:36:38.877603,702.2,cam_11,ONLINE,0.05,0,1859,1527,1
2026-08-27T17:36:38.877603,702.2,cam_12,ONLINE,0.38,0,1662,352,1
2026-08-27T17:36:38.877603,702.2,cam_13,ONLINE,0.39,0,1491,388,1
2026-08-27T17:36:38.877603,702.2,cam_14,ONLINE,0.28,0,1696,4452,1
2026-08-27T17:36:38.877603,702.2,cam_15,ONLINE,0.28,0,1757,1820,1
2026-08-27T17:36:48.911191,712.2,cam_01,ONLINE,1.91,0,1893,58,1
2026-08-27T17:36:48.911191,712.2,cam_02,ONLINE,0.09,0,2203,5114,1
2026-08-27T17:36:48.911191,712.2,cam_03,ONLINE,0.02,0,1588,810,1
2026-08-27T17:36:48.911191,712.2,cam_04,ONLINE,0.02,0,1399,647,1
2026-08-27T17:36:48.911191,712.2,cam_05,ONLINE,0.39,0,1846,210,1
2026-08-27T17:36:48.911191,712.2,cam_06,ONLINE,0.12,0,1863,1126,1
2026-08-27T17:36:48.911191,712.2,cam_07,ONLINE,0.16,0,1778,488,1
2026-08-27T17:36:48.911191,712.2,cam_08,ONLINE,0.09,0,1796,4874,1
2026-08-27T17:36:48.911191,712.2,cam_09,ONLINE,0.06,0,1698,3310,1
2026-08-27T17:36:48.911191,712.2,cam_10,ONLINE,0.16,0,1690,3090,1
2026-08-27T17:36:48.911191,712.2,cam_11,ONLINE,0.11,0,1897,1599,1
2026-08-27T17:36:48.911191,712.2,cam_12,ONLINE,0.75,0,1700,422,1
2026-08-27T17:36:48.911191,712.2,cam_13,ONLINE,0.12,0,1529,462,1
2026-08-27T17:36:48.911191,712.2,cam_14,ONLINE,0.12,0,1733,4526,1
2026-08-27T17:36:48.911191,712.2,cam_15,STALE,5.36,0,1772,1856,0
2026-08-27T17:36:58.948435,722.2,cam_01,ONLINE,0.25,0,1930,135,1
2026-08-27T17:36:58.948435,722.2,cam_02,ONLINE,0.14,0,2246,5179,1
2026-08-27T17:36:58.948435,722.2,cam_03,ONLINE,0.11,0,1624,874,1
2026-08-27T17:36:58.948435,722.2,cam_04,ONLINE,0.11,0,1438,712,1
2026-08-27T17:36:58.948435,722.2,cam_05,ONLINE,2.73,0,1865,259,1
2026-08-27T17:36:58.948435,722.2,cam_06,ONLINE,0.33,0,1897,1190,1
2026-08-27T17:36:58.948435,722.2,cam_07,ONLINE,0.25,0,1814,553,1
2026-08-27T17:36:58.948435,722.2,cam_08,ONLINE,0.27,0,1827,4938,1
2026-08-27T17:36:58.948435,722.2,cam_09,STALE,6.75,0,1708,3329,0
2026-08-27T17:36:58.948435,722.2,cam_10,ONLINE,0.81,0,1716,3151,1
2026-08-27T17:36:58.948435,722.2,cam_11,ONLINE,0.27,0,1942,1663,1
2026-08-27T17:36:58.948435,722.2,cam_12,ONLINE,0.25,0,1744,491,1
2026-08-27T17:36:58.948435,722.2,cam_13,ONLINE,0.2,0,1569,527,1
2026-08-27T17:36:58.948435,722.2,cam_14,ONLINE,0.17,0,1772,4591,1
2026-08-27T17:36:58.948435,722.2,cam_15,STALE,14.7,0,1772,1856,0
2026-08-27T17:37:09.007480,732.3,cam_01,ONLINE,0.42,0,1971,207,1
2026-08-27T17:37:09.007480,732.3,cam_02,ONLINE,0.41,0,2292,5250,1
2026-08-27T17:37:09.007480,732.3,cam_03,ONLINE,0.31,0,1650,946,1
2026-08-27T17:37:09.007480,732.3,cam_04,ONLINE,0.31,0,1478,784,1
2026-08-27T17:37:09.007480,732.3,cam_05,ONLINE,0.31,0,1894,349,1
2026-08-27T17:37:09.007480,732.3,cam_06,ONLINE,0.33,0,1937,1263,1
2026-08-27T17:37:09.007480,732.3,cam_07,ONLINE,1.55,0,1841,594,1
2026-08-27T17:37:09.007480,732.3,cam_08,ONLINE,0.27,0,1869,5011,1
2026-08-27T17:37:09.007480,732.3,cam_09,ONLINE,0.25,0,1710,3344,1
2026-08-27T17:37:09.007480,732.3,cam_10,ONLINE,0.27,0,1754,3228,1
2026-08-27T17:37:09.007480,732.3,cam_11,ONLINE,0.44,0,1978,1735,1
2026-08-27T17:37:09.007480,732.3,cam_12,ONLINE,0.2,0,1786,564,1
2026-08-27T17:37:09.007480,732.3,cam_13,ONLINE,1.22,0,1610,593,1
2026-08-27T17:37:09.007480,732.3,cam_14,ONLINE,0.45,0,1814,4662,1
2026-08-27T17:37:09.007480,732.3,cam_15,ONLINE,0.42,0,1781,28,1
2026-08-27T17:37:19.042549,742.3,cam_01,ONLINE,0.22,0,1999,282,1
2026-08-27T17:37:19.042549,742.3,cam_02,ONLINE,0.12,0,2319,5326,1
2026-08-27T17:37:19.042549,742.3,cam_03,ONLINE,0.22,0,1672,1021,1
2026-08-27T17:37:19.042549,742.3,cam_04,ONLINE,0.09,0,1506,859,1
2026-08-27T17:37:19.042549,742.3,cam_05,ONLINE,0.72,0,1920,420,1
2026-08-27T17:37:19.042549,742.3,cam_06,ONLINE,0.12,0,1965,1338,1
2026-08-27T17:37:19.042549,742.3,cam_07,ONLINE,0.77,0,1863,685,1
2026-08-27T17:37:19.042549,742.3,cam_08,ONLINE,0.12,0,1895,5086,1
2026-08-27T17:37:19.042549,742.3,cam_09,ONLINE,0.17,0,1719,3521,1
2026-08-27T17:37:19.042549,742.3,cam_10,ONLINE,0.09,0,1782,3303,1
2026-08-27T17:37:19.042549,742.3,cam_11,ONLINE,0.42,0,2004,1809,1
2026-08-27T17:37:19.042549,742.3,cam_12,ONLINE,0.23,0,1811,638,1
2026-08-27T17:37:19.042549,742.3,cam_13,ONLINE,0.19,0,1632,674,1
2026-08-27T17:37:19.042549,742.3,cam_14,ONLINE,0.09,0,1841,4735,1
2026-08-27T17:37:19.042549,742.3,cam_15,ONLINE,0.27,0,1806,103,1
2026-08-27T17:37:29.063810,752.4,cam_01,ONLINE,0.41,0,2035,347,1
2026-08-27T17:37:29.063810,752.4,cam_02,ONLINE,0.47,0,2352,5390,1
2026-08-27T17:37:29.063810,752.4,cam_03,ONLINE,0.36,0,1705,1086,1
2026-08-27T17:37:29.063810,752.4,cam_04,ONLINE,0.81,0,1532,920,1
2026-08-27T17:37:29.063810,752.4,cam_05,ONLINE,0.58,0,1934,487,1
2026-08-27T17:37:29.063810,752.4,cam_06,ONLINE,0.44,0,1992,1402,1
2026-08-27T17:37:29.063810,752.4,cam_07,ONLINE,0.36,0,1884,752,1
2026-08-27T17:37:29.063810,752.4,cam_08,ONLINE,1.09,0,1924,5145,1
2026-08-27T17:37:29.063810,752.4,cam_09,ONLINE,1.17,0,1742,3581,1
2026-08-27T17:37:29.063810,752.4,cam_10,ONLINE,0.23,0,1807,3368,1
2026-08-27T17:37:29.063810,752.4,cam_11,ONLINE,0.72,0,2030,1873,1
2026-08-27T17:37:29.063810,752.4,cam_12,ONLINE,0.41,0,1845,703,1
2026-08-27T17:37:29.063810,752.4,cam_13,ONLINE,0.64,0,1660,737,1
2026-08-27T17:37:29.063810,752.4,cam_14,ONLINE,1.14,0,1865,4797,1
2026-08-27T17:37:29.063810,752.4,cam_15,ONLINE,1.12,0,1826,163,1
2026-08-27T17:37:39.080482,762.4,cam_01,ONLINE,0.69,0,2058,412,1
2026-08-27T17:37:39.080482,762.4,cam_02,ONLINE,0.58,0,2379,5456,1
2026-08-27T17:37:39.080482,762.4,cam_03,ONLINE,0.56,0,1723,1152,1
2026-08-27T17:37:39.080482,762.4,cam_04,ONLINE,0.42,0,1557,990,1
2026-08-27T17:37:39.080482,762.4,cam_05,ONLINE,0.33,0,1954,556,1
2026-08-27T17:37:39.080482,762.4,cam_06,ONLINE,0.34,0,2022,1470,1
2026-08-27T17:37:39.080482,762.4,cam_07,ONLINE,0.28,0,1913,822,1
2026-08-27T17:37:39.080482,762.4,cam_08,ONLINE,0.17,0,1942,5219,1
2026-08-27T17:37:39.080482,762.4,cam_09,ONLINE,0.22,0,1763,3655,1
2026-08-27T17:37:39.080482,762.4,cam_10,ONLINE,0.33,0,1833,3434,1
2026-08-27T17:37:39.080482,762.4,cam_11,ONLINE,1.23,0,2051,1935,1
2026-08-27T17:37:39.080482,762.4,cam_12,ONLINE,1.01,0,1866,766,1
2026-08-27T17:37:39.080482,762.4,cam_13,ONLINE,0.84,0,1683,803,1
2026-08-27T17:37:39.080482,762.4,cam_14,STALE,4.38,0,1870,4812,0
2026-08-27T17:37:39.080482,762.4,cam_15,ONLINE,1.03,0,1850,225,1
2026-08-27T17:37:49.100898,772.4,cam_01,ONLINE,0.78,0,2087,485,1
2026-08-27T17:37:49.100898,772.4,cam_02,ONLINE,0.23,0,2411,5532,1
2026-08-27T17:37:49.100898,772.4,cam_03,ONLINE,0.47,0,1751,1226,1
2026-08-27T17:37:49.100898,772.4,cam_04,ONLINE,0.53,0,1587,1063,1
2026-08-27T17:37:49.100898,772.4,cam_05,ONLINE,0.55,0,1981,628,1
2026-08-27T17:37:49.100898,772.4,cam_06,ONLINE,0.42,0,2053,1543,1
2026-08-27T17:37:49.100898,772.4,cam_07,ONLINE,0.44,0,1928,882,1
2026-08-27T17:37:49.100898,772.4,cam_08,ONLINE,0.69,0,1971,5290,1
2026-08-27T17:37:49.100898,772.4,cam_09,ONLINE,0.44,0,1791,3727,1
2026-08-27T17:37:49.100898,772.4,cam_10,ONLINE,0.48,0,1857,3507,1
2026-08-27T17:37:49.100898,772.4,cam_11,ONLINE,0.42,0,2081,2016,1
2026-08-27T17:37:49.100898,772.4,cam_12,ONLINE,0.25,0,1898,843,1
2026-08-27T17:37:49.100898,772.4,cam_13,ONLINE,0.2,0,1717,881,1
2026-08-27T17:37:49.100898,772.4,cam_14,ONLINE,0.27,0,1875,4833,1
2026-08-27T17:37:49.100898,772.4,cam_15,ONLINE,0.23,0,1863,302,1
2026-08-27T17:37:59.129270,782.4,cam_01,ONLINE,0.17,0,2123,563,1
2026-08-27T17:37:59.129270,782.4,cam_02,ONLINE,0.98,0,2446,5600,1
2026-08-27T17:37:59.129270,782.4,cam_03,ONLINE,0.34,0,1789,1300,1
2026-08-27T17:37:59.129270,782.4,cam_04,ONLINE,0.17,0,1623,1139,1
2026-08-27T17:37:59.129270,782.4,cam_05,ONLINE,0.31,0,2009,703,1
2026-08-27T17:37:59.129270,782.4,cam_06,ONLINE,0.41,0,2091,1617,1
2026-08-27T17:37:59.129270,782.4,cam_07,ONLINE,0.44,0,1961,968,1
2026-08-27T17:37:59.129270,782.4,cam_08,STALE,4.75,0,1986,5335,0
2026-08-27T17:37:59.129270,782.4,cam_09,ONLINE,0.23,0,1804,3775,1
2026-08-27T17:37:59.129270,782.4,cam_10,ONLINE,0.39,0,1893,3581,1
2026-08-27T17:37:59.129270,782.4,cam_11,ONLINE,0.33,0,2117,2090,1
2026-08-27T17:37:59.129270,782.4,cam_12,ONLINE,0.22,0,1931,918,1
2026-08-27T17:37:59.129270,782.4,cam_13,ONLINE,0.14,0,1748,955,1
2026-08-27T17:37:59.129270,782.4,cam_14,ONLINE,0.23,0,1906,5018,1
2026-08-27T17:37:59.129270,782.4,cam_15,ONLINE,0.33,0,1899,375,1
2026-08-27T17:38:09.199809,792.5,cam_01,ONLINE,0.17,0,2150,629,1
2026-08-27T17:38:09.199809,792.5,cam_02,ONLINE,0.06,0,2461,5672,1
2026-08-27T17:38:09.199809,792.5,cam_03,ONLINE,0.06,0,1818,1369,1
2026-08-27T17:38:09.199809,792.5,cam_04,ONLINE,0.92,0,1644,1187,1
2026-08-27T17:38:09.199809,792.5,cam_05,ONLINE,0.11,0,2035,771,1
2026-08-27T17:38:09.199809,792.5,cam_06,ONLINE,0.11,0,2114,1685,1
2026-08-27T17:38:09.199809,792.5,cam_07,ONLINE,0.42,0,1990,1034,1
2026-08-27T17:38:09.199809,792.5,cam_08,ONLINE,0.19,0,2001,5432,1
2026-08-27T17:38:09.199809,792.5,cam_09,ONLINE,0.3,0,1821,3861,1
2026-08-27T17:38:09.199809,792.5,cam_10,ONLINE,0.08,0,1924,3650,1
2026-08-27T17:38:09.199809,792.5,cam_11,ONLINE,0.12,0,2139,2158,1
2026-08-27T17:38:09.199809,792.5,cam_12,STALE,4.58,0,1945,954,0
2026-08-27T17:38:09.199809,792.5,cam_13,ONLINE,0.17,0,1771,1021,1
2026-08-27T17:38:09.199809,792.5,cam_14,ONLINE,0.36,0,1929,5083,1
2026-08-27T17:38:09.199809,792.5,cam_15,ONLINE,0.11,0,1927,443,1
2026-08-27T17:38:19.226098,802.5,cam_01,ONLINE,0.28,0,2184,702,1
2026-08-27T17:38:19.226098,802.5,cam_02,ONLINE,0.28,0,2496,5745,1
2026-08-27T17:38:19.226098,802.5,cam_03,ONLINE,0.39,0,1855,1440,1
2026-08-27T17:38:19.226098,802.5,cam_04,STALE,5.75,0,1646,1192,0
2026-08-27T17:38:19.226098,802.5,cam_05,ONLINE,1.27,0,2061,836,1
2026-08-27T17:38:19.226098,802.5,cam_06,ONLINE,0.5,0,2146,1756,1
2026-08-27T17:38:19.226098,802.5,cam_07,ONLINE,0.39,0,2024,1108,1
2026-08-27T17:38:19.226098,802.5,cam_08,ONLINE,0.31,0,2021,5505,1
2026-08-27T17:38:19.226098,802.5,cam_09,ONLINE,0.34,0,1841,3941,1
2026-08-27T17:38:19.226098,802.5,cam_10,ONLINE,0.38,0,1950,3721,1
2026-08-27T17:38:19.226098,802.5,cam_11,ONLINE,0.31,0,2173,2230,1
2026-08-27T17:38:19.226098,802.5,cam_12,STALE,5.97,0,1946,961,0
2026-08-27T17:38:19.226098,802.5,cam_13,ONLINE,0.86,0,1802,1090,1
2026-08-27T17:38:19.226098,802.5,cam_14,ONLINE,0.34,0,1963,5158,1
2026-08-27T17:38:19.226098,802.5,cam_15,ONLINE,0.3,0,1961,515,1
2026-08-27T17:38:29.269779,812.6,cam_01,ONLINE,0.5,0,2216,767,1
2026-08-27T17:38:29.269779,812.6,cam_02,ONLINE,0.2,0,2523,5812,1
2026-08-27T17:38:29.269779,812.6,cam_03,ONLINE,0.33,0,1889,1507,1
2026-08-27T17:38:29.269779,812.6,cam_04,STALE,7.06,0,1647,1193,0
2026-08-27T17:38:29.269779,812.6,cam_05,ONLINE,0.38,0,2084,909,1
2026-08-27T17:38:29.269779,812.6,cam_06,ONLINE,0.36,0,2174,1823,1
2026-08-27T17:38:29.269779,812.6,cam_07,ONLINE,0.34,0,2052,1174,1
2026-08-27T17:38:29.269779,812.6,cam_08,ONLINE,0.33,0,2052,5571,1
2026-08-27T17:38:29.269779,812.6,cam_09,ONLINE,0.27,0,1870,4007,1
2026-08-27T17:38:29.269779,812.6,cam_10,ONLINE,0.22,0,1980,3789,1
2026-08-27T17:38:29.269779,812.6,cam_11,ONLINE,0.66,0,2199,2293,1
2026-08-27T17:38:29.269779,812.6,cam_12,STALE,7.28,0,1947,962,0
2026-08-27T17:38:29.269779,812.6,cam_13,ONLINE,0.27,0,1817,1160,1
2026-08-27T17:38:29.269779,812.6,cam_14,ONLINE,0.19,0,1994,5225,1
2026-08-27T17:38:29.269779,812.6,cam_15,ONLINE,0.19,0,1988,582,1
2026-08-27T17:38:39.279132,822.6,cam_01,ONLINE,0.45,0,2241,842,1
2026-08-27T17:38:39.279132,822.6,cam_02,ONLINE,0.2,0,2549,5887,1
2026-08-27T17:38:39.279132,822.6,cam_03,ONLINE,0.27,0,1914,1582,1
2026-08-27T17:38:39.279132,822.6,cam_04,OFFLINE,8.67,0,1648,1211,0
2026-08-27T17:38:39.279132,822.6,cam_05,ONLINE,0.17,0,2113,985,1
2026-08-27T17:38:39.279132,822.6,cam_06,ONLINE,0.2,0,2202,1899,1
2026-08-27T17:38:39.279132,822.6,cam_07,ONLINE,0.19,0,2075,1250,1
2026-08-27T17:38:39.279132,822.6,cam_08,ONLINE,0.22,0,2078,5647,1
2026-08-27T17:38:39.279132,822.6,cam_09,ONLINE,0.94,0,1891,4078,1
2026-08-27T17:38:39.279132,822.6,cam_10,ONLINE,0.3,0,2006,3863,1
2026-08-27T17:38:39.279132,822.6,cam_11,ONLINE,0.22,0,2224,2372,1
2026-08-27T17:38:39.279132,822.6,cam_12,OFFLINE,9.78,0,1948,980,0
2026-08-27T17:38:39.279132,822.6,cam_13,ONLINE,0.28,0,1843,1235,1
2026-08-27T17:38:39.279132,822.6,cam_14,STALE,3.47,0,2007,5267,0
2026-08-27T17:38:39.279132,822.6,cam_15,ONLINE,0.16,0,2013,657,1
2026-08-27T17:46:10.073358,0.0,cam_01,ONLINE,0.22,0,986,388,1
2026-08-27T17:46:10.073358,0.0,cam_02,ONLINE,0.11,0,964,2113,1
2026-08-27T17:46:10.073358,0.0,cam_03,ONLINE,0.19,0,846,2362,1
2026-08-27T17:46:10.073358,0.0,cam_04,ONLINE,0.41,0,840,2236,1
2026-08-27T17:46:10.073358,0.0,cam_05,ONLINE,0.08,0,1040,2607,1
2026-08-27T17:46:10.073358,0.0,cam_06,ONLINE,0.27,0,818,2469,1
2026-08-27T17:46:10.073358,0.0,cam_07,ONLINE,1.36,0,809,2522,1
2026-08-27T17:46:10.073358,0.0,cam_08,ONLINE,0.08,0,912,2595,1
2026-08-27T17:46:10.073358,0.0,cam_09,ONLINE,0.06,0,948,2534,1
2026-08-27T17:46:10.073358,0.0,cam_10,ONLINE,0.38,0,777,2278,1
2026-08-27T17:46:10.073358,0.0,cam_11,ONLINE,0.03,0,831,2362,1
2026-08-27T17:46:10.073358,0.0,cam_12,ONLINE,0.11,0,773,2283,1
2026-08-27T17:46:10.073358,0.0,cam_13,ONLINE,0.03,0,932,2482,1
2026-08-27T17:46:10.073358,0.0,cam_14,ONLINE,0.11,0,795,1919,1
2026-08-27T17:46:10.073358,0.0,cam_15,ONLINE,0.12,0,690,1451,1
2026-08-27T17:46:20.182941,10.1,cam_01,ONLINE,0.28,0,1013,456,1
2026-08-27T17:46:20.182941,10.1,cam_02,ONLINE,0.28,0,990,2185,1
2026-08-27T17:46:20.182941,10.1,cam_03,ONLINE,0.34,0,875,2433,1
2026-08-27T17:46:20.182941,10.1,cam_04,ONLINE,0.48,0,867,2308,1
2026-08-27T17:46:20.182941,10.1,cam_05,STALE,7.41,0,1049,2628,0
2026-08-27T17:46:20.182941,10.1,cam_06,ONLINE,1.09,0,837,2536,1
2026-08-27T17:46:20.182941,10.1,cam_07,ONLINE,0.36,0,828,2602,1
2026-08-27T17:46:20.182941,10.1,cam_08,ONLINE,0.31,0,936,2666,1
2026-08-27T17:46:20.182941,10.1,cam_09,ONLINE,0.75,0,976,2602,1
2026-08-27T17:46:20.182941,10.1,cam_10,ONLINE,0.67,0,808,2348,1
2026-08-27T17:46:20.182941,10.1,cam_11,ONLINE,0.39,0,860,2433,1
2026-08-27T17:46:20.182941,10.1,cam_12,ONLINE,0.31,0,801,2354,1
2026-08-27T17:46:20.182941,10.1,cam_13,ONLINE,0.39,0,963,2552,1
2026-08-27T17:46:20.182941,10.1,cam_14,ONLINE,0.36,0,822,1989,1
2026-08-27T17:46:20.182941,10.1,cam_15,ONLINE,0.36,0,716,1522,1
2026-08-27T17:46:30.192447,20.1,cam_01,ONLINE,0.3,0,1035,534,1
2026-08-27T17:46:30.192447,20.1,cam_02,ONLINE,0.39,0,1013,2258,1
2026-08-27T17:46:30.192447,20.1,cam_03,ONLINE,1.02,0,895,2500,1
2026-08-27T17:46:30.192447,20.1,cam_04,ONLINE,0.36,0,891,2383,1
2026-08-27T17:46:30.192447,20.1,cam_05,STALE,8.73,0,1050,2629,0
2026-08-27T17:46:30.192447,20.1,cam_06,ONLINE,0.31,0,862,2616,1
2026-08-27T17:46:30.192447,20.1,cam_07,ONLINE,0.2,0,854,2677,1
2026-08-27T17:46:30.192447,20.1,cam_08,ONLINE,0.41,0,957,2740,1
2026-08-27T17:46:30.192447,20.1,cam_09,ONLINE,0.16,0,1001,2680,1
2026-08-27T17:46:30.192447,20.1,cam_10,ONLINE,0.62,0,829,2423,1
2026-08-27T17:46:30.192447,20.1,cam_11,ONLINE,0.52,0,884,2506,1
2026-08-27T17:46:30.192447,20.1,cam_12,ONLINE,0.55,0,822,2427,1
2026-08-27T17:46:30.192447,20.1,cam_13,ONLINE,0.42,0,985,2625,1
2026-08-27T17:46:30.192447,20.1,cam_14,ONLINE,0.47,0,844,2063,1
2026-08-27T17:46:30.192447,20.1,cam_15,ONLINE,0.41,0,738,1596,1
2026-08-27T17:46:40.218018,30.2,cam_01,ONLINE,0.47,0,1063,598,1
2026-08-27T17:46:40.218018,30.2,cam_02,ONLINE,0.45,0,1039,2323,1
2026-08-27T17:46:40.218018,30.2,cam_03,ONLINE,0.58,0,903,2561,1
2026-08-27T17:46:40.218018,30.2,cam_04,ONLINE,0.38,0,917,2448,1
2026-08-27T17:46:40.218018,30.2,cam_05,STALE,18.06,0,1050,2629,0
2026-08-27T17:46:40.218018,30.2,cam_06,ONLINE,0.97,0,885,2677,1
2026-08-27T17:46:40.218018,30.2,cam_07,ONLINE,0.41,0,880,2741,1
2026-08-27T17:46:40.218018,30.2,cam_08,STALE,3.98,0,974,2780,0
2026-08-27T17:46:40.218018,30.2,cam_09,ONLINE,0.33,0,1027,2744,1
2026-08-27T17:46:40.218018,30.2,cam_10,ONLINE,0.52,0,853,2489,1
2026-08-27T17:46:40.218018,30.2,cam_11,ONLINE,0.17,0,906,2574,1
2026-08-27T17:46:40.218018,30.2,cam_12,ONLINE,0.38,0,846,2493,1
2026-08-27T17:46:40.218018,30.2,cam_13,ONLINE,0.31,0,1013,2692,1
2026-08-27T17:46:40.218018,30.2,cam_14,ONLINE,0.08,0,870,2131,1
2026-08-27T17:46:40.218018,30.2,cam_15,ONLINE,0.16,0,759,1663,1
2026-08-27T17:46:50.239013,40.2,cam_01,ONLINE,0.2,0,1087,672,1
2026-08-27T17:46:50.239013,40.2,cam_02,ONLINE,0.31,0,1062,2396,1
2026-08-27T17:46:50.239013,40.2,cam_03,ONLINE,0.61,0,921,2633,1
2026-08-27T17:46:50.239013,40.2,cam_04,ONLINE,0.61,0,941,2519,1
2026-08-27T17:46:50.239013,40.2,cam_05,ONLINE,0.69,0,1066,49,1
2026-08-27T17:46:50.239013,40.2,cam_06,ONLINE,0.58,0,899,2752,1
2026-08-27T17:46:50.239013,40.2,cam_07,ONLINE,0.62,0,903,2811,1
2026-08-27T17:46:50.239013,40.2,cam_08,ONLINE,0.45,0,989,2876,1
2026-08-27T17:46:50.239013,40.2,cam_09,ONLINE,0.55,0,1054,2815,1
2026-08-27T17:46:50.239013,40.2,cam_10,ONLINE,0.44,0,874,2562,1
2026-08-27T17:46:50.239013,40.2,cam_11,ONLINE,0.33,0,930,2645,1
2026-08-27T17:46:50.239013,40.2,cam_12,ONLINE,0.33,0,868,2566,1
2026-08-27T17:46:50.239013,40.2,cam_13,ONLINE,0.33,0,1038,2764,1
2026-08-27T17:46:50.239013,40.2,cam_14,ONLINE,0.27,0,896,2202,1
2026-08-27T17:46:50.239013,40.2,cam_15,ONLINE,2.31,0,779,1720,1
2026-08-27T17:47:00.272058,50.2,cam_01,ONLINE,0.72,0,1111,741,1
2026-08-27T17:47:00.272058,50.2,cam_02,ONLINE,1.0,0,1086,2464,1
2026-08-27T17:47:00.272058,50.2,cam_03,ONLINE,0.56,0,948,2706,1
2026-08-27T17:47:00.272058,50.2,cam_04,ONLINE,0.78,0,968,2590,1
2026-08-27T17:47:00.272058,50.2,cam_05,ONLINE,0.73,0,1092,121,1
2026-08-27T17:47:00.272058,50.2,cam_06,ONLINE,0.59,0,914,2810,1
2026-08-27T17:47:00.272058,50.2,cam_07,ONLINE,1.2,0,927,2880,1
2026-08-27T17:47:00.272058,50.2,cam_08,ONLINE,1.03,0,1014,2944,1
2026-08-27T17:47:00.272058,50.2,cam_09,ONLINE,1.02,0,1078,2884,1
2026-08-27T17:47:00.272058,50.2,cam_10,ONLINE,0.92,0,902,2632,1
2026-08-27T17:47:00.272058,50.2,cam_11,ONLINE,0.81,0,957,2714,1
2026-08-27T17:47:00.272058,50.2,cam_12,ONLINE,1.08,0,894,2633,1
2026-08-27T17:47:00.272058,50.2,cam_13,ONLINE,0.7,0,1064,2834,1
2026-08-27T17:47:00.272058,50.2,cam_14,ONLINE,2.56,0,913,2249,1
2026-08-27T17:47:00.272058,50.2,cam_15,ONLINE,0.69,0,790,1802,1
2026-08-27T17:47:10.291064,60.2,cam_01,ONLINE,0.34,0,1133,809,1
2026-08-27T17:47:10.291064,60.2,cam_02,ONLINE,0.36,0,1106,2534,1
2026-08-27T17:47:10.291064,60.2,cam_03,ONLINE,0.33,0,965,2773,1
2026-08-27T17:47:10.291064,60.2,cam_04,ONLINE,0.3,0,989,2659,1
2026-08-27T17:47:10.291064,60.2,cam_05,ONLINE,0.27,0,1115,190,1
2026-08-27T17:47:10.291064,60.2,cam_06,ONLINE,0.3,0,931,2892,1
2026-08-27T17:47:10.291064,60.2,cam_07,ONLINE,0.19,0,949,2953,1
2026-08-27T17:47:10.291064,60.2,cam_08,ONLINE,0.17,0,1036,3017,1
2026-08-27T17:47:10.291064,60.2,cam_09,ONLINE,0.72,0,1094,2944,1
2026-08-27T17:47:10.291064,60.2,cam_10,ONLINE,0.16,0,924,2703,1
2026-08-27T17:47:10.291064,60.2,cam_11,ONLINE,0.09,0,975,2785,1
2026-08-27T17:47:10.291064,60.2,cam_12,ONLINE,0.14,0,915,2705,1
2026-08-27T17:47:10.291064,60.2,cam_13,ONLINE,0.31,0,1084,2902,1
2026-08-27T17:47:10.291064,60.2,cam_14,ONLINE,0.47,0,931,2339,1
2026-08-27T17:47:10.291064,60.2,cam_15,ONLINE,0.31,0,809,1871,1
2026-08-27T17:47:20.326239,70.2,cam_01,ONLINE,0.12,0,1164,883,1
2026-08-27T17:47:20.326239,70.2,cam_02,ONLINE,0.19,0,1130,2607,1
2026-08-27T17:47:20.326239,70.2,cam_03,ONLINE,0.22,0,1000,2846,1
2026-08-27T17:47:20.326239,70.2,cam_04,ONLINE,0.31,0,1024,2725,1
2026-08-27T17:47:20.326239,70.2,cam_05,ONLINE,0.42,0,1148,261,1
2026-08-27T17:47:20.326239,70.2,cam_06,ONLINE,0.28,0,960,2964,1
2026-08-27T17:47:20.326239,70.2,cam_07,ONLINE,0.22,0,976,3025,1
2026-08-27T17:47:20.326239,70.2,cam_08,ONLINE,2.33,0,1058,3074,1
2026-08-27T17:47:20.326239,70.2,cam_09,ONLINE,0.12,0,1109,3028,1
2026-08-27T17:47:20.326239,70.2,cam_10,ONLINE,0.19,0,959,2775,1
2026-08-27T17:47:20.326239,70.2,cam_11,ONLINE,0.05,0,999,2857,1
2026-08-27T17:47:20.326239,70.2,cam_12,ONLINE,0.17,0,951,2777,1
2026-08-27T17:47:20.326239,70.2,cam_13,ONLINE,0.23,0,1119,2975,1
2026-08-27T17:47:20.326239,70.2,cam_14,ONLINE,0.42,0,957,2411,1
2026-08-27T17:47:20.326239,70.2,cam_15,ONLINE,0.19,0,834,1944,1
2026-08-27T17:47:30.359234,80.3,cam_01,ONLINE,0.17,0,1194,955,1
2026-08-27T17:47:30.359234,80.3,cam_02,ONLINE,0.41,0,1162,2678,1
2026-08-27T17:47:30.359234,80.3,cam_03,ONLINE,0.41,0,1027,2917,1
2026-08-27T17:47:30.359234,80.3,cam_04,ONLINE,0.38,0,1055,2803,1
2026-08-27T17:47:30.359234,80.3,cam_05,ONLINE,0.45,0,1182,333,1
2026-08-27T17:47:30.359234,80.3,cam_06,ONLINE,0.5,0,988,3035,1
2026-08-27T17:47:30.359234,80.3,cam_07,ONLINE,0.38,0,1010,3096,1
2026-08-27T17:47:30.359234,80.3,cam_08,ONLINE,2.66,0,1063,3131,1
2026-08-27T17:47:30.359234,80.3,cam_09,ONLINE,0.34,0,1139,3099,1
2026-08-27T17:47:30.359234,80.3,cam_10,ONLINE,0.55,0,984,2845,1
2026-08-27T17:47:30.359234,80.3,cam_11,ONLINE,0.41,0,1029,2927,1
2026-08-27T17:47:30.359234,80.3,cam_12,ONLINE,0.34,0,976,2848,1
2026-08-27T17:47:30.359234,80.3,cam_13,ONLINE,0.2,0,1147,3048,1
2026-08-27T17:47:30.359234,80.3,cam_14,ONLINE,0.14,0,988,2486,1
2026-08-27T17:47:30.359234,80.3,cam_15,ONLINE,0.14,0,869,2017,1
2026-08-27T17:47:40.393278,90.3,cam_01,ONLINE,0.55,0,1221,1019,1
2026-08-27T17:47:40.393278,90.3,cam_02,ONLINE,0.41,0,1188,2745,1
2026-08-27T17:47:40.393278,90.3,cam_03,ONLINE,0.7,0,1053,2982,1
2026-08-27T17:47:40.393278,90.3,cam_04,ONLINE,1.03,0,1081,2865,1
2026-08-27T17:47:40.393278,90.3,cam_05,ONLINE,0.3,0,1207,401,1
2026-08-27T17:47:40.393278,90.3,cam_06,ONLINE,0.34,0,1012,3103,1
2026-08-27T17:47:40.393278,90.3,cam_07,ONLINE,0.38,0,1042,3163,1
2026-08-27T17:47:40.393278,90.3,cam_08,ONLINE,2.2,0,1077,3213,1
2026-08-27T17:47:40.393278,90.3,cam_09,ONLINE,0.17,0,1168,3167,1
2026-08-27T17:47:40.393278,90.3,cam_10,ONLINE,0.81,0,1010,2909,1
2026-08-27T17:47:40.393278,90.3,cam_11,ONLINE,0.27,0,1055,2995,1
2026-08-27T17:47:40.393278,90.3,cam_12,ONLINE,0.22,0,1004,2916,1
2026-08-27T17:47:40.393278,90.3,cam_13,ONLINE,0.16,0,1176,3115,1
2026-08-27T17:47:40.393278,90.3,cam_14,ONLINE,0.17,0,1015,2552,1
2026-08-27T17:47:40.393278,90.3,cam_15,ONLINE,1.95,0,892,2069,1
2026-08-27T17:47:50.409184,100.3,cam_01,ONLINE,0.28,0,1250,1095,1
2026-08-27T17:47:50.409184,100.3,cam_02,ONLINE,0.23,0,1217,2820,1
2026-08-27T17:47:50.409184,100.3,cam_03,ONLINE,0.89,0,1061,3010,1
2026-08-27T17:47:50.409184,100.3,cam_04,ONLINE,0.09,0,1114,2946,1
2026-08-27T17:47:50.409184,100.3,cam_05,ONLINE,0.41,0,1239,474,1
2026-08-27T17:47:50.409184,100.3,cam_06,ONLINE,0.73,0,1038,3174,1
2026-08-27T17:47:50.409184,100.3,cam_07,ONLINE,0.47,0,1075,3236,1
2026-08-27T17:47:50.409184,100.3,cam_08,ONLINE,0.52,0,1105,3300,1
2026-08-27T17:47:50.409184,100.3,cam_09,ONLINE,0.59,0,1200,3238,1
2026-08-27T17:47:50.409184,100.3,cam_10,ONLINE,0.3,0,1040,2987,1
2026-08-27T17:47:50.409184,100.3,cam_11,ONLINE,0.23,0,1086,3069,1
2026-08-27T17:47:50.409184,100.3,cam_12,STALE,4.97,0,1010,2950,0
2026-08-27T17:47:50.409184,100.3,cam_13,ONLINE,0.3,0,1203,3188,1
2026-08-27T17:47:50.409184,100.3,cam_14,ONLINE,0.2,0,1044,2626,1
2026-08-27T17:47:50.409184,100.3,cam_15,ONLINE,0.2,0,920,2157,1
2026-08-27T17:48:00.437511,110.4,cam_01,ONLINE,0.42,0,1280,1159,1
2026-08-27T17:48:00.437511,110.4,cam_02,ONLINE,0.3,0,1246,2885,1
2026-08-27T17:48:00.437511,110.4,cam_03,ONLINE,0.12,0,1091,3125,1
2026-08-27T17:48:00.437511,110.4,cam_04,ONLINE,0.19,0,1144,3010,1
2026-08-27T17:48:00.437511,110.4,cam_05,ONLINE,0.19,0,1267,541,1
2026-08-27T17:48:00.437511,110.4,cam_06,ONLINE,0.2,0,1067,3243,1
2026-08-27T17:48:00.437511,110.4,cam_07,ONLINE,0.39,0,1109,3302,1
2026-08-27T17:48:00.437511,110.4,cam_08,ONLINE,0.2,0,1132,3367,1
2026-08-27T17:48:00.437511,110.4,cam_09,ONLINE,0.19,0,1230,3306,1
2026-08-27T17:48:00.437511,110.4,cam_10,ONLINE,0.2,0,1070,3053,1
2026-08-27T17:48:00.437511,110.4,cam_11,ONLINE,0.16,0,1111,3135,1
2026-08-27T17:48:00.437511,110.4,cam_12,ONLINE,0.11,0,1038,3056,1
2026-08-27T17:48:00.437511,110.4,cam_13,ONLINE,0.16,0,1237,3254,1
2026-08-27T17:48:00.437511,110.4,cam_14,ONLINE,0.19,0,1074,2691,1
2026-08-27T17:48:00.437511,110.4,cam_15,ONLINE,2.12,0,944,2209,1
2026-08-27T17:48:10.457715,120.4,cam_01,ONLINE,0.08,0,1308,1234,1
2026-08-27T17:48:10.457715,120.4,cam_02,ONLINE,0.17,0,1275,2958,1
2026-08-27T17:48:10.457715,120.4,cam_03,ONLINE,0.17,0,1115,3197,1
2026-08-27T17:48:10.457715,120.4,cam_04,ONLINE,0.14,0,1175,3083,1
2026-08-27T17:48:10.457715,120.4,cam_05,ONLINE,0.06,0,1295,614,1
2026-08-27T17:48:10.457715,120.4,cam_06,STALE,9.34,0,1070,3251,0
2026-08-27T17:48:10.457715,120.4,cam_07,ONLINE,0.09,0,1130,3376,1
2026-08-27T17:48:10.457715,120.4,cam_08,ONLINE,0.28,0,1157,3439,1
2026-08-27T17:48:10.457715,120.4,cam_09,ONLINE,0.09,0,1259,3379,1
2026-08-27T17:48:10.457715,120.4,cam_10,ONLINE,0.27,0,1097,3125,1
2026-08-27T17:48:10.457715,120.4,cam_11,ONLINE,0.16,0,1142,3207,1
2026-08-27T17:48:10.457715,120.4,cam_12,ONLINE,0.3,0,1066,3127,1
2026-08-27T17:48:10.457715,120.4,cam_13,ONLINE,0.36,0,1264,3324,1
2026-08-27T17:48:10.457715,120.4,cam_14,ONLINE,0.12,0,1100,2764,1
2026-08-27T17:48:10.457715,120.4,cam_15,STALE,4.25,0,945,2210,0
2026-08-27T17:48:20.504945,130.4,cam_01,ONLINE,0.2,0,1333,1306,1
2026-08-27T17:48:20.504945,130.4,cam_02,ONLINE,0.34,0,1300,3030,1
2026-08-27T17:48:20.504945,130.4,cam_03,ONLINE,0.06,0,1133,3262,1
2026-08-27T17:48:20.504945,130.4,cam_04,ONLINE,0.23,0,1198,3155,1
2026-08-27T17:48:20.504945,130.4,cam_05,ONLINE,0.14,0,1321,687,1
2026-08-27T17:48:20.504945,130.4,cam_06,STALE,19.83,0,1070,3251,0
2026-08-27T17:48:20.504945,130.4,cam_07,ONLINE,0.06,0,1156,3450,1
2026-08-27T17:48:20.504945,130.4,cam_08,ONLINE,0.16,0,1184,3513,1
2026-08-27T17:48:20.504945,130.4,cam_09,ONLINE,0.27,0,1281,3451,1
2026-08-27T17:48:20.504945,130.4,cam_10,ONLINE,0.16,0,1122,3199,1
2026-08-27T17:48:20.504945,130.4,cam_11,ONLINE,2.59,0,1154,3235,1
2026-08-27T17:48:20.504945,130.4,cam_12,ONLINE,0.17,0,1086,3201,1
2026-08-27T17:48:20.504945,130.4,cam_13,ONLINE,0.22,0,1293,3399,1
2026-08-27T17:48:20.504945,130.4,cam_14,ONLINE,0.2,0,1126,2836,1
2026-08-27T17:48:20.504945,130.4,cam_15,ONLINE,0.06,0,955,2369,1
2026-08-27T17:48:30.546048,140.5,cam_01,ONLINE,0.19,0,1353,1372,1
2026-08-27T17:48:30.546048,140.5,cam_02,ONLINE,0.16,0,1320,3097,1
2026-08-27T17:48:30.546048,140.5,cam_03,ONLINE,0.53,0,1152,3333,1
2026-08-27T17:48:30.546048,140.5,cam_04,ONLINE,0.61,0,1219,3219,1
2026-08-27T17:48:30.546048,140.5,cam_05,ONLINE,0.52,0,1340,750,1
2026-08-27T17:48:30.546048,140.5,cam_06,ONLINE,0.55,0,1084,59,1
2026-08-27T17:48:30.546048,140.5,cam_07,ONLINE,0.58,0,1175,3512,1
2026-08-27T17:48:30.546048,140.5,cam_08,ONLINE,0.28,0,1201,3578,1
2026-08-27T17:48:30.546048,140.5,cam_09,ONLINE,1.53,0,1296,3508,1
2026-08-27T17:48:30.546048,140.5,cam_10,ONLINE,0.28,0,1140,3264,1
2026-08-27T17:48:30.546048,140.5,cam_11,ONLINE,0.34,0,1170,3330,1
2026-08-27T17:48:30.546048,140.5,cam_12,ONLINE,1.02,0,1103,3259,1
2026-08-27T17:48:30.546048,140.5,cam_13,ONLINE,0.23,0,1312,3465,1
2026-08-27T17:48:30.546048,140.5,cam_14,ONLINE,0.27,0,1143,2902,1
2026-08-27T17:48:30.546048,140.5,cam_15,ONLINE,0.19,0,971,2434,1
2026-08-27T17:48:40.562780,150.5,cam_01,ONLINE,0.22,0,1380,1445,1
2026-08-27T17:48:40.562780,150.5,cam_02,ONLINE,0.17,0,1343,3167,1
2026-08-27T17:48:40.562780,150.5,cam_03,ONLINE,0.19,0,1178,3409,1
2026-08-27T17:48:40.562780,150.5,cam_04,ONLINE,0.27,0,1246,3294,1
2026-08-27T17:48:40.562780,150.5,cam_05,ONLINE,0.19,0,1366,825,1
2026-08-27T17:48:40.562780,150.5,cam_06,ONLINE,0.22,0,1111,134,1
2026-08-27T17:48:40.562780,150.5,cam_07,ONLINE,0.34,0,1201,3586,1
2026-08-27T17:48:40.562780,150.5,cam_08,ONLINE,0.23,0,1226,3651,1
2026-08-27T17:48:40.562780,150.5,cam_09,STALE,3.45,0,1297,3510,0
2026-08-27T17:48:40.562780,150.5,cam_10,ONLINE,0.09,0,1169,3338,1
2026-08-27T17:48:40.562780,150.5,cam_11,ONLINE,0.3,0,1195,3403,1
2026-08-27T17:48:40.562780,150.5,cam_12,ONLINE,0.25,0,1129,3339,1
2026-08-27T17:48:40.562780,150.5,cam_13,ONLINE,0.64,0,1336,3535,1
2026-08-27T17:48:40.562780,150.5,cam_14,ONLINE,0.27,0,1169,2975,1
2026-08-27T17:48:40.562780,150.5,cam_15,ONLINE,0.34,0,985,2506,1
2026-08-27T17:48:50.598075,160.5,cam_01,ONLINE,0.48,0,1402,1510,1
2026-08-27T17:48:50.598075,160.5,cam_02,ONLINE,0.05,0,1367,3238,1
2026-08-27T17:48:50.598075,160.5,cam_03,ONLINE,0.05,0,1202,3477,1
2026-08-27T17:48:50.598075,160.5,cam_04,ONLINE,0.12,0,1269,3362,1
2026-08-27T17:48:50.598075,160.5,cam_05,ONLINE,0.39,0,1387,891,1
2026-08-27T17:48:50.598075,160.5,cam_06,ONLINE,0.16,0,1132,202,1
2026-08-27T17:48:50.598075,160.5,cam_07,ONLINE,0.16,0,1224,3655,1
2026-08-27T17:48:50.598075,160.5,cam_08,ONLINE,1.3,0,1244,3711,1
2026-08-27T17:48:50.598075,160.5,cam_09,STALE,4.92,0,1298,3511,0
2026-08-27T17:48:50.598075,160.5,cam_10,ONLINE,0.16,0,1190,3405,1
2026-08-27T17:48:50.598075,160.5,cam_11,ONLINE,0.16,0,1216,3471,1
2026-08-27T17:48:50.598075,160.5,cam_12,ONLINE,0.17,0,1149,3407,1
2026-08-27T17:48:50.598075,160.5,cam_13,STALE,5.09,0,1344,3560,0
2026-08-27T17:48:50.598075,160.5,cam_14,ONLINE,0.12,0,1191,3043,1
2026-08-27T17:48:50.598075,160.5,cam_15,ONLINE,0.31,0,1009,2573,1
2026-08-27T17:49:00.618385,170.5,cam_01,ONLINE,0.66,0,1430,1582,1
2026-08-27T17:49:00.618385,170.5,cam_02,ONLINE,0.45,0,1393,3308,1
2026-08-27T17:49:00.618385,170.5,cam_03,ONLINE,0.36,0,1230,3548,1
2026-08-27T17:49:00.618385,170.5,cam_04,ONLINE,0.17,0,1295,3435,1
2026-08-27T17:49:00.618385,170.5,cam_05,ONLINE,0.25,0,1414,965,1
2026-08-27T17:49:00.618385,170.5,cam_06,ONLINE,0.39,0,1157,273,1
2026-08-27T17:49:00.618385,170.5,cam_07,ONLINE,0.16,0,1251,3728,1
2026-08-27T17:49:00.618385,170.5,cam_08,STALE,3.22,0,1247,3725,0
2026-08-27T17:49:00.618385,170.5,cam_09,STALE,6.59,0,1299,3543,0
2026-08-27T17:49:00.618385,170.5,cam_10,ONLINE,0.59,0,1214,3475,1
2026-08-27T17:49:00.618385,170.5,cam_11,ONLINE,0.92,0,1239,3539,1
2026-08-27T17:49:00.618385,170.5,cam_12,ONLINE,0.58,0,1167,3458,1
2026-08-27T17:49:00.618385,170.5,cam_13,STALE,15.53,0,1344,3560,0
2026-08-27T17:49:00.618385,170.5,cam_14,ONLINE,0.7,0,1217,3112,1
2026-08-27T17:49:00.618385,170.5,cam_15,ONLINE,0.48,0,1037,2645,1
2026-08-27T17:49:10.659639,180.6,cam_01,ONLINE,0.64,0,1450,1648,1
2026-08-27T17:49:10.659639,180.6,cam_02,ONLINE,0.92,0,1412,3371,1
2026-08-27T17:49:10.659639,180.6,cam_03,ONLINE,0.66,0,1250,3612,1
2026-08-27T17:49:10.659639,180.6,cam_04,ONLINE,0.61,0,1315,3497,1
2026-08-27T17:49:10.659639,180.6,cam_05,ONLINE,0.56,0,1434,1029,1
2026-08-27T17:49:10.659639,180.6,cam_06,ONLINE,0.56,0,1177,338,1
2026-08-27T17:49:10.659639,180.6,cam_07,ONLINE,0.47,0,1270,3792,1
2026-08-27T17:49:10.659639,180.6,cam_08,ONLINE,0.33,0,1249,3736,1
2026-08-27T17:49:10.659639,180.6,cam_09,ONLINE,0.27,0,1306,31,1
2026-08-27T17:49:10.659639,180.6,cam_10,ONLINE,0.3,0,1233,3543,1
2026-08-27T17:49:10.659639,180.6,cam_11,ONLINE,0.52,0,1259,3608,1
2026-08-27T17:49:10.659639,180.6,cam_12,ONLINE,0.73,0,1187,3542,1
2026-08-27T17:49:10.659639,180.6,cam_13,ONLINE,1.11,0,1350,21,1
2026-08-27T17:49:10.659639,180.6,cam_14,ONLINE,0.72,0,1236,3178,1
2026-08-27T17:49:10.659639,180.6,cam_15,ONLINE,0.78,0,1056,2709,1
2026-08-27T17:49:20.711096,190.6,cam_01,ONLINE,0.47,0,1475,1723,1
2026-08-27T17:49:20.711096,190.6,cam_02,ONLINE,0.39,0,1433,3448,1
2026-08-27T17:49:20.711096,190.6,cam_03,ONLINE,0.28,0,1272,3688,1
2026-08-27T17:49:20.711096,190.6,cam_04,ONLINE,0.5,0,1336,3572,1
2026-08-27T17:49:20.711096,190.6,cam_05,ONLINE,0.06,0,1449,1103,1
2026-08-27T17:49:20.711096,190.6,cam_06,ONLINE,0.3,0,1202,413,1
2026-08-27T17:49:20.711096,190.6,cam_07,ONLINE,0.25,0,1291,3866,1
2026-08-27T17:49:20.711096,190.6,cam_08,ONLINE,0.19,0,1264,3929,1
2026-08-27T17:49:20.711096,190.6,cam_09,ONLINE,0.14,0,1330,105,1
2026-08-27T17:49:20.711096,190.6,cam_10,ONLINE,0.17,0,1257,3617,1
2026-08-27T17:49:20.711096,190.6,cam_11,ONLINE,0.58,0,1279,3677,1
2026-08-27T17:49:20.711096,190.6,cam_12,ONLINE,0.64,0,1213,3616,1
2026-08-27T17:49:20.711096,190.6,cam_13,ONLINE,0.69,0,1370,97,1
2026-08-27T17:49:20.711096,190.6,cam_14,ONLINE,0.5,0,1259,3253,1
2026-08-27T17:49:20.711096,190.6,cam_15,ONLINE,0.41,0,1077,2785,1
2026-08-27T17:49:30.728835,200.7,cam_01,ONLINE,0.59,0,1496,1795,1
2026-08-27T17:49:30.728835,200.7,cam_02,ONLINE,0.59,0,1457,3520,1
2026-08-27T17:49:30.728835,200.7,cam_03,ONLINE,0.41,0,1295,3760,1
2026-08-27T17:49:30.728835,200.7,cam_04,ONLINE,0.42,0,1360,3646,1
2026-08-27T17:49:30.728835,200.7,cam_05,ONLINE,0.36,0,1461,1161,1
2026-08-27T17:49:30.728835,200.7,cam_06,ONLINE,0.36,0,1223,486,1
2026-08-27T17:49:30.728835,200.7,cam_07,ONLINE,0.44,0,1315,3939,1
2026-08-27T17:49:30.728835,200.7,cam_08,ONLINE,0.27,0,1287,4002,1
2026-08-27T17:49:30.728835,200.7,cam_09,ONLINE,0.34,0,1355,177,1
2026-08-27T17:49:30.728835,200.7,cam_10,ONLINE,0.23,0,1280,3690,1
2026-08-27T17:49:30.728835,200.7,cam_11,ONLINE,0.31,0,1301,3756,1
2026-08-27T17:49:30.728835,200.7,cam_12,ONLINE,0.27,0,1238,3692,1
2026-08-27T17:49:30.728835,200.7,cam_13,ONLINE,0.16,0,1394,174,1
2026-08-27T17:49:30.728835,200.7,cam_14,ONLINE,0.69,0,1283,3325,1
2026-08-27T17:49:30.728835,200.7,cam_15,ONLINE,0.7,0,1101,2856,1
2026-08-27T17:49:40.749345,210.7,cam_01,ONLINE,0.42,0,1517,1862,1
2026-08-27T17:49:40.749345,210.7,cam_02,ONLINE,0.52,0,1481,3586,1
2026-08-27T17:49:40.749345,210.7,cam_03,ONLINE,0.41,0,1314,3826,1
2026-08-27T17:49:40.749345,210.7,cam_04,ONLINE,0.34,0,1384,3712,1
2026-08-27T17:49:40.749345,210.7,cam_05,ONLINE,0.59,0,1482,1238,1
2026-08-27T17:49:40.749345,210.7,cam_06,ONLINE,0.22,0,1245,552,1
2026-08-27T17:49:40.749345,210.7,cam_07,ONLINE,0.2,0,1337,4007,1
2026-08-27T17:49:40.749345,210.7,cam_08,ONLINE,0.78,0,1306,4064,1
2026-08-27T17:49:40.749345,210.7,cam_09,ONLINE,0.59,0,1371,237,1
2026-08-27T17:49:40.749345,210.7,cam_10,ONLINE,0.5,0,1301,3754,1
2026-08-27T17:49:40.749345,210.7,cam_11,ONLINE,0.56,0,1321,3821,1
2026-08-27T17:49:40.749345,210.7,cam_12,ONLINE,0.53,0,1260,3756,1
2026-08-27T17:49:40.749345,210.7,cam_13,ONLINE,0.8,0,1414,235,1
2026-08-27T17:49:40.749345,210.7,cam_14,ONLINE,0.59,0,1295,3391,1
2026-08-27T17:49:40.749345,210.7,cam_15,ONLINE,0.52,0,1122,2923,1
2026-08-27T17:49:50.762584,220.7,cam_01,ONLINE,0.73,0,1538,1935,1
2026-08-27T17:49:50.762584,220.7,cam_02,ONLINE,1.14,0,1499,3654,1
2026-08-27T17:49:50.762584,220.7,cam_03,ONLINE,0.69,0,1336,3899,1
2026-08-27T17:49:50.762584,220.7,cam_04,ONLINE,0.91,0,1406,3783,1
2026-08-27T17:49:50.762584,220.7,cam_05,ONLINE,0.72,0,1502,1312,1
2026-08-27T17:49:50.762584,220.7,cam_06,ONLINE,0.59,0,1267,625,1
2026-08-27T17:49:50.762584,220.7,cam_07,ONLINE,0.61,0,1359,4079,1
2026-08-27T17:49:50.762584,220.7,cam_08,ONLINE,0.62,0,1329,4140,1
2026-08-27T17:49:50.762584,220.7,cam_09,ONLINE,0.69,0,1392,315,1
2026-08-27T17:49:50.762584,220.7,cam_10,ONLINE,0.45,0,1323,3829,1
2026-08-27T17:49:50.762584,220.7,cam_11,ONLINE,0.52,0,1344,3896,1
2026-08-27T17:49:50.762584,220.7,cam_12,ONLINE,0.36,0,1279,3832,1
2026-08-27T17:49:50.762584,220.7,cam_13,ONLINE,0.41,0,1434,313,1
2026-08-27T17:49:50.762584,220.7,cam_14,ONLINE,0.3,0,1317,3468,1
2026-08-27T17:49:50.762584,220.7,cam_15,ONLINE,0.19,0,1142,3000,1
2026-08-27T17:50:00.791753,230.7,cam_01,ONLINE,0.44,0,1559,2003,1
2026-08-27T17:50:00.791753,230.7,cam_02,ONLINE,0.52,0,1513,3727,1
2026-08-27T17:50:00.791753,230.7,cam_03,ONLINE,0.8,0,1356,3964,1
2026-08-27T17:50:00.791753,230.7,cam_04,ONLINE,0.5,0,1426,3852,1
2026-08-27T17:50:00.791753,230.7,cam_05,ONLINE,0.3,0,1522,1381,1
2026-08-27T17:50:00.791753,230.7,cam_06,ONLINE,0.3,0,1287,693,1
2026-08-27T17:50:00.791753,230.7,cam_07,ONLINE,0.2,0,1380,4148,1
2026-08-27T17:50:00.791753,230.7,cam_08,ONLINE,0.2,0,1349,4209,1
2026-08-27T17:50:00.791753,230.7,cam_09,ONLINE,0.16,0,1397,381,1
2026-08-27T17:50:00.791753,230.7,cam_10,ONLINE,0.64,0,1342,3894,1
2026-08-27T17:50:00.791753,230.7,cam_11,ONLINE,0.7,0,1365,3961,1
2026-08-27T17:50:00.791753,230.7,cam_12,ONLINE,0.64,0,1299,3896,1
2026-08-27T17:50:00.791753,230.7,cam_13,ONLINE,0.45,0,1453,379,1
2026-08-27T17:50:00.791753,230.7,cam_14,ONLINE,0.73,0,1335,3531,1
2026-08-27T17:50:00.791753,230.7,cam_15,ONLINE,0.8,0,1160,3062,1
2026-08-27T17:50:10.810004,240.7,cam_01,ONLINE,0.28,0,1583,2079,1
2026-08-27T17:50:10.810004,240.7,cam_02,ONLINE,0.2,0,1536,3804,1
2026-08-27T17:50:10.810004,240.7,cam_03,STALE,5.33,0,1365,3996,0
2026-08-27T17:50:10.810004,240.7,cam_04,ONLINE,0.2,0,1449,3929,1
2026-08-27T17:50:10.810004,240.7,cam_05,ONLINE,0.44,0,1546,1455,1
2026-08-27T17:50:10.810004,240.7,cam_06,ONLINE,0.34,0,1313,766,1
2026-08-27T17:50:10.810004,240.7,cam_07,ONLINE,0.25,0,1406,4223,1
2026-08-27T17:50:10.810004,240.7,cam_08,ONLINE,0.2,0,1372,4285,1
2026-08-27T17:50:10.810004,240.7,cam_09,ONLINE,0.44,0,1421,455,1
2026-08-27T17:50:10.810004,240.7,cam_10,ONLINE,0.2,0,1366,3972,1
2026-08-27T17:50:10.810004,240.7,cam_11,ONLINE,0.36,0,1390,4038,1
2026-08-27T17:50:10.810004,240.7,cam_12,ONLINE,0.78,0,1318,3970,1
2026-08-27T17:50:10.810004,240.7,cam_13,ONLINE,0.28,0,1473,455,1
2026-08-27T17:50:10.810004,240.7,cam_14,ONLINE,0.28,0,1361,3609,1
2026-08-27T17:50:10.810004,240.7,cam_15,ONLINE,0.36,0,1181,3140,1
2026-08-27T17:50:20.874614,250.8,cam_01,ONLINE,0.27,0,1604,2145,1
2026-08-27T17:50:20.874614,250.8,cam_02,ONLINE,0.25,0,1558,3870,1
2026-08-27T17:50:20.874614,250.8,cam_03,ONLINE,0.38,0,1386,4108,1
2026-08-27T17:50:20.874614,250.8,cam_04,ONLINE,0.58,0,1471,3992,1
2026-08-27T17:50:20.874614,250.8,cam_05,ONLINE,0.89,0,1567,1518,1
2026-08-27T17:50:20.874614,250.8,cam_06,ONLINE,1.0,0,1331,829,1
2026-08-27T17:50:20.874614,250.8,cam_07,ONLINE,0.44,0,1429,4287,1
2026-08-27T17:50:20.874614,250.8,cam_08,ONLINE,0.52,0,1393,4349,1
2026-08-27T17:50:20.874614,250.8,cam_09,ONLINE,0.58,0,1442,520,1
2026-08-27T17:50:20.874614,250.8,cam_10,ONLINE,0.42,0,1388,4036,1
2026-08-27T17:50:20.874614,250.8,cam_11,ONLINE,1.48,0,1408,4096,1
2026-08-27T17:50:20.874614,250.8,cam_12,ONLINE,0.34,0,1334,4039,1
2026-08-27T17:50:20.874614,250.8,cam_13,ONLINE,0.3,0,1496,521,1
2026-08-27T17:50:20.874614,250.8,cam_14,ONLINE,0.33,0,1382,3675,1
2026-08-27T17:50:20.874614,250.8,cam_15,ONLINE,0.75,0,1204,3203,1
2026-08-27T17:50:30.891662,260.8,cam_01,ONLINE,0.2,0,1631,2219,1
2026-08-27T17:50:30.891662,260.8,cam_02,ONLINE,0.2,0,1581,3943,1
2026-08-27T17:50:30.891662,260.8,cam_03,ONLINE,0.17,0,1412,4183,1
2026-08-27T17:50:30.891662,260.8,cam_04,ONLINE,0.28,0,1499,4068,1
2026-08-27T17:50:30.891662,260.8,cam_05,ONLINE,0.8,0,1585,1592,1
2026-08-27T17:50:30.891662,260.8,cam_06,ONLINE,0.67,0,1355,905,1
2026-08-27T17:50:30.891662,260.8,cam_07,ONLINE,0.56,0,1455,4360,1
2026-08-27T17:50:30.891662,260.8,cam_08,ONLINE,0.84,0,1411,4420,1
2026-08-27T17:50:30.891662,260.8,cam_09,ONLINE,0.38,0,1465,595,1
2026-08-27T17:50:30.891662,260.8,cam_10,ONLINE,0.66,0,1414,4108,1
2026-08-27T17:50:30.891662,260.8,cam_11,ONLINE,0.36,0,1421,4177,1
2026-08-27T17:50:30.891662,260.8,cam_12,ONLINE,0.31,0,1360,4113,1
2026-08-27T17:50:30.891662,260.8,cam_13,ONLINE,0.22,0,1521,595,1
2026-08-27T17:50:30.891662,260.8,cam_14,ONLINE,0.25,0,1401,3749,1
2026-08-27T17:50:30.891662,260.8,cam_15,ONLINE,0.27,0,1230,3280,1
2026-08-27T17:50:40.925812,270.9,cam_01,ONLINE,0.23,0,1655,2286,1
2026-08-27T17:50:40.925812,270.9,cam_02,ONLINE,0.25,0,1603,4011,1
2026-08-27T17:50:40.925812,270.9,cam_03,ONLINE,0.22,0,1435,4250,1
2026-08-27T17:50:40.925812,270.9,cam_04,ONLINE,0.22,0,1522,4136,1
2026-08-27T17:50:40.925812,270.9,cam_05,ONLINE,0.14,0,1606,1664,1
2026-08-27T17:50:40.925812,270.9,cam_06,ONLINE,0.78,0,1377,972,1
2026-08-27T17:50:40.925812,270.9,cam_07,ONLINE,0.62,0,1477,4427,1
2026-08-27T17:50:40.925812,270.9,cam_08,ONLINE,0.69,0,1429,4489,1
2026-08-27T17:50:40.925812,270.9,cam_09,ONLINE,0.62,0,1485,661,1
2026-08-27T17:50:40.925812,270.9,cam_10,ONLINE,0.59,0,1437,4176,1
2026-08-27T17:50:40.925812,270.9,cam_11,ONLINE,0.52,0,1444,4243,1
2026-08-27T17:50:40.925812,270.9,cam_12,ONLINE,1.66,0,1377,4169,1
2026-08-27T17:50:40.925812,270.9,cam_13,ONLINE,0.5,0,1540,660,1
2026-08-27T17:50:40.925812,270.9,cam_14,ONLINE,0.36,0,1424,3816,1
2026-08-27T17:50:40.925812,270.9,cam_15,STALE,3.91,0,1244,3322,0
2026-08-27T17:50:50.956904,280.9,cam_01,ONLINE,0.39,0,1682,2359,1
2026-08-27T17:50:50.956904,280.9,cam_02,ONLINE,0.36,0,1630,4084,1
2026-08-27T17:50:50.956904,280.9,cam_03,ONLINE,0.44,0,1461,4322,1
2026-08-27T17:50:50.956904,280.9,cam_04,ONLINE,0.3,0,1535,4209,1
2026-08-27T17:50:50.956904,280.9,cam_05,ONLINE,0.36,0,1629,1728,1
2026-08-27T17:50:50.956904,280.9,cam_06,ONLINE,1.0,0,1402,1044,1
2026-08-27T17:50:50.956904,280.9,cam_07,ONLINE,0.88,0,1503,4499,1
2026-08-27T17:50:50.956904,280.9,cam_08,ONLINE,1.24,0,1454,4559,1
2026-08-27T17:50:50.956904,280.9,cam_09,ONLINE,0.89,0,1510,732,1
2026-08-27T17:50:50.956904,280.9,cam_10,ONLINE,0.75,0,1443,4248,1
2026-08-27T17:50:50.956904,280.9,cam_11,ONLINE,0.64,0,1472,4316,1
2026-08-27T17:50:50.956904,280.9,cam_12,ONLINE,0.61,0,1401,4252,1
2026-08-27T17:50:50.956904,280.9,cam_13,ONLINE,0.44,0,1563,729,1
2026-08-27T17:50:50.956904,280.9,cam_14,ONLINE,0.38,0,1450,3889,1
2026-08-27T17:50:50.956904,280.9,cam_15,ONLINE,1.14,0,1265,3413,1
2026-08-27T17:51:00.991011,290.9,cam_01,ONLINE,0.88,0,1706,2422,1
2026-08-27T17:51:00.991011,290.9,cam_02,ONLINE,0.78,0,1653,4147,1
2026-08-27T17:51:00.991011,290.9,cam_03,ONLINE,1.41,0,1482,4382,1
2026-08-27T17:51:00.991011,290.9,cam_04,ONLINE,0.75,0,1554,4272,1
2026-08-27T17:51:00.991011,290.9,cam_05,ONLINE,0.69,0,1649,1800,1
2026-08-27T17:51:00.991011,290.9,cam_06,ONLINE,0.56,0,1421,1113,1
2026-08-27T17:51:00.991011,290.9,cam_07,ONLINE,0.48,0,1515,4568,1
2026-08-27T17:51:00.991011,290.9,cam_08,ONLINE,0.92,0,1477,4627,1
2026-08-27T17:51:00.991011,290.9,cam_09,ONLINE,0.61,0,1530,801,1
2026-08-27T17:51:00.991011,290.9,cam_10,ONLINE,0.59,0,1465,4315,1
2026-08-27T17:51:00.991011,290.9,cam_11,ONLINE,0.42,0,1494,4383,1
2026-08-27T17:51:00.991011,290.9,cam_12,ONLINE,0.34,0,1423,4320,1
2026-08-27T17:51:00.991011,290.9,cam_13,ONLINE,0.98,0,1574,789,1
2026-08-27T17:51:00.991011,290.9,cam_14,ONLINE,0.16,0,1475,3957,1
2026-08-27T17:51:00.991011,290.9,cam_15,ONLINE,0.92,0,1282,3483,1
2026-08-27T17:51:11.022527,301.0,cam_01,ONLINE,0.3,0,1735,2499,1
2026-08-27T17:51:11.022527,301.0,cam_02,ONLINE,0.22,0,1682,4224,1
2026-08-27T17:51:11.022527,301.0,cam_03,ONLINE,0.12,0,1511,4464,1
2026-08-27T17:51:11.022527,301.0,cam_04,ONLINE,0.06,0,1584,4350,1
2026-08-27T17:51:11.022527,301.0,cam_05,ONLINE,0.03,0,1674,1878,1
2026-08-27T17:51:11.022527,301.0,cam_06,STALE,4.92,0,1434,1144,0
2026-08-27T17:51:11.022527,301.0,cam_07,ONLINE,0.39,0,1543,4642,1
2026-08-27T17:51:11.022527,301.0,cam_08,ONLINE,0.36,0,1505,4704,1
2026-08-27T17:51:11.022527,301.0,cam_09,ONLINE,0.98,0,1545,851,1
2026-08-27T17:51:11.022527,301.0,cam_10,ONLINE,0.48,0,1493,4389,1
2026-08-27T17:51:11.022527,301.0,cam_11,ONLINE,0.28,0,1520,4457,1
2026-08-27T17:51:11.022527,301.0,cam_12,ONLINE,0.64,0,1450,4391,1
2026-08-27T17:51:11.022527,301.0,cam_13,ONLINE,1.86,0,1594,864,1
2026-08-27T17:51:11.022527,301.0,cam_14,ONLINE,0.33,0,1503,4029,1
2026-08-27T17:51:11.022527,301.0,cam_15,ONLINE,0.36,0,1300,3560,1
2026-08-27T17:51:21.096046,311.0,cam_01,ONLINE,0.41,0,1765,2564,1
2026-08-27T17:51:21.096046,311.0,cam_02,ONLINE,0.53,0,1707,4288,1
2026-08-27T17:51:21.096046,311.0,cam_03,ONLINE,0.39,0,1533,4528,1
2026-08-27T17:51:21.096046,311.0,cam_04,ONLINE,0.34,0,1612,4414,1
2026-08-27T17:51:21.096046,311.0,cam_05,ONLINE,0.16,0,1700,1943,1
2026-08-27T17:51:21.096046,311.0,cam_06,STALE,7.48,0,1435,1148,0
2026-08-27T17:51:21.096046,311.0,cam_07,ONLINE,0.94,0,1569,4704,1
2026-08-27T17:51:21.096046,311.0,cam_08,ONLINE,0.8,0,1527,4767,1
2026-08-27T17:51:21.096046,311.0,cam_09,ONLINE,0.83,0,1569,935,1
2026-08-27T17:51:21.096046,311.0,cam_10,ONLINE,0.75,0,1520,4453,1
2026-08-27T17:51:21.096046,311.0,cam_11,ONLINE,0.62,0,1546,4521,1
2026-08-27T17:51:21.096046,311.0,cam_12,STALE,7.97,0,1451,4393,0
2026-08-27T17:51:21.096046,311.0,cam_13,ONLINE,0.56,0,1618,939,1
2026-08-27T17:51:21.096046,311.0,cam_14,ONLINE,0.61,0,1528,4093,1
2026-08-27T17:51:21.096046,311.0,cam_15,ONLINE,0.66,0,1324,3624,1
2026-08-27T17:51:31.112824,321.0,cam_01,ONLINE,0.17,0,1801,2639,1
2026-08-27T17:51:31.112824,321.0,cam_02,ONLINE,0.27,0,1735,4363,1
2026-08-27T17:51:31.112824,321.0,cam_03,ONLINE,0.88,0,1564,4598,1
2026-08-27T17:51:31.112824,321.0,cam_04,ONLINE,0.23,0,1647,4488,1
2026-08-27T17:51:31.112824,321.0,cam_05,ONLINE,0.34,0,1731,2015,1
2026-08-27T17:51:31.112824,321.0,cam_06,STALE,9.75,0,1436,1149,0
2026-08-27T17:51:31.112824,321.0,cam_07,ONLINE,0.09,0,1604,4783,1
2026-08-27T17:51:31.112824,321.0,cam_08,ONLINE,0.11,0,1555,4845,1
2026-08-27T17:51:31.112824,321.0,cam_09,ONLINE,0.56,0,1598,1010,1
2026-08-27T17:51:31.112824,321.0,cam_10,ONLINE,0.39,0,1552,4529,1
2026-08-27T17:51:31.112824,321.0,cam_11,ONLINE,0.45,0,1577,4597,1
2026-08-27T17:51:31.112824,321.0,cam_12,STALE,18.45,0,1451,4393,0
2026-08-27T17:51:31.112824,321.0,cam_13,ONLINE,0.44,0,1636,1013,1
2026-08-27T17:51:31.112824,321.0,cam_14,ONLINE,0.33,0,1562,4168,1
2026-08-27T17:51:31.112824,321.0,cam_15,ONLINE,0.27,0,1355,3700,1
2026-08-28T10:10:57.370130,0.0,cam_01,ONLINE,0.31,0,418,991,1
2026-08-28T10:10:57.370130,0.0,cam_02,ONLINE,0.22,0,440,1000,1
2026-08-28T10:10:57.370130,0.0,cam_03,ONLINE,0.06,0,262,685,1
2026-08-28T10:10:57.370130,0.0,cam_04,ONLINE,0.14,0,287,751,1
2026-08-28T10:10:57.370130,0.0,cam_05,ONLINE,0.14,0,344,813,1
2026-08-28T10:10:57.370130,0.0,cam_06,ONLINE,0.28,0,203,585,1
2026-08-28T10:10:57.370130,0.0,cam_07,ONLINE,0.12,0,215,559,1
2026-08-28T10:10:57.370130,0.0,cam_08,ONLINE,0.11,0,317,753,1
2026-08-28T10:10:57.370130,0.0,cam_09,ONLINE,1.88,0,424,926,1
2026-08-28T10:10:57.370130,0.0,cam_10,ONLINE,0.62,0,397,870,1
2026-08-28T10:10:57.370130,0.0,cam_11,ONLINE,0.06,0,312,814,1
2026-08-28T10:10:57.370130,0.0,cam_12,ONLINE,0.11,0,236,622,1
2026-08-28T10:10:57.370130,0.0,cam_13,ONLINE,0.17,0,297,163,1
2026-08-28T10:10:57.370130,0.0,cam_14,ONLINE,0.22,0,191,539,1
2026-08-28T10:10:57.370130,0.0,cam_15,ONLINE,0.41,0,449,932,1
2026-08-28T10:11:07.389002,10.0,cam_01,ONLINE,0.31,0,418,991,1
2026-08-28T10:11:07.389002,10.0,cam_02,ONLINE,0.22,0,440,1000,1
2026-08-28T10:11:07.389002,10.0,cam_03,ONLINE,0.06,0,262,685,1
2026-08-28T10:11:07.389002,10.0,cam_04,ONLINE,0.14,0,287,751,1
2026-08-28T10:11:07.389002,10.0,cam_05,ONLINE,0.14,0,344,813,1
2026-08-28T10:11:07.389002,10.0,cam_06,ONLINE,0.28,0,203,585,1
2026-08-28T10:11:07.389002,10.0,cam_07,ONLINE,0.12,0,215,559,1
2026-08-28T10:11:07.389002,10.0,cam_08,ONLINE,0.11,0,317,753,1
2026-08-28T10:11:07.389002,10.0,cam_09,ONLINE,1.88,0,424,926,1
2026-08-28T10:11:07.389002,10.0,cam_10,ONLINE,0.62,0,397,870,1
2026-08-28T10:11:07.389002,10.0,cam_11,ONLINE,0.06,0,312,814,1
2026-08-28T10:11:07.389002,10.0,cam_12,ONLINE,0.11,0,236,622,1
2026-08-28T10:11:07.389002,10.0,cam_13,ONLINE,0.17,0,297,163,1
2026-08-28T10:11:07.389002,10.0,cam_14,ONLINE,0.22,0,191,539,1
2026-08-28T10:11:07.389002,10.0,cam_15,ONLINE,0.41,0,449,932,1
2026-08-28T10:11:17.395694,20.0,cam_01,ONLINE,0.31,0,418,991,1
2026-08-28T10:11:17.395694,20.0,cam_02,ONLINE,0.22,0,440,1000,1
2026-08-28T10:11:17.395694,20.0,cam_03,ONLINE,0.06,0,262,685,1
2026-08-28T10:11:17.395694,20.0,cam_04,ONLINE,0.14,0,287,751,1
2026-08-28T10:11:17.395694,20.0,cam_05,ONLINE,0.14,0,344,813,1
2026-08-28T10:11:17.395694,20.0,cam_06,ONLINE,0.28,0,203,585,1
2026-08-28T10:11:17.395694,20.0,cam_07,ONLINE,0.12,0,215,559,1
2026-08-28T10:11:17.395694,20.0,cam_08,ONLINE,0.11,0,317,753,1
2026-08-28T10:11:17.395694,20.0,cam_09,ONLINE,1.88,0,424,926,1
2026-08-28T10:11:17.395694,20.0,cam_10,ONLINE,0.62,0,397,870,1
2026-08-28T10:11:17.395694,20.0,cam_11,ONLINE,0.06,0,312,814,1
2026-08-28T10:11:17.395694,20.0,cam_12,ONLINE,0.11,0,236,622,1
2026-08-28T10:11:17.395694,20.0,cam_13,ONLINE,0.17,0,297,163,1
2026-08-28T10:11:17.395694,20.0,cam_14,ONLINE,0.22,0,191,539,1
2026-08-28T10:11:17.395694,20.0,cam_15,ONLINE,0.41,0,449,932,1
2026-08-28T10:11:27.401797,30.0,cam_01,ONLINE,0.31,0,418,991,1
2026-08-28T10:11:27.401797,30.0,cam_02,ONLINE,0.22,0,440,1000,1
2026-08-28T10:11:27.401797,30.0,cam_03,ONLINE,0.06,0,262,685,1
2026-08-28T10:11:27.401797,30.0,cam_04,ONLINE,0.14,0,287,751,1
2026-08-28T10:11:27.401797,30.0,cam_05,ONLINE,0.14,0,344,813,1
2026-08-28T10:11:27.401797,30.0,cam_06,ONLINE,0.28,0,203,585,1
2026-08-28T10:11:27.401797,30.0,cam_07,ONLINE,0.12,0,215,559,1
2026-08-28T10:11:27.401797,30.0,cam_08,ONLINE,0.11,0,317,753,1
2026-08-28T10:11:27.401797,30.0,cam_09,ONLINE,1.88,0,424,926,1
2026-08-28T10:11:27.401797,30.0,cam_10,ONLINE,0.62,0,397,870,1
2026-08-28T10:11:27.401797,30.0,cam_11,ONLINE,0.06,0,312,814,1
2026-08-28T10:11:27.401797,30.0,cam_12,ONLINE,0.11,0,236,622,1
2026-08-28T10:11:27.401797,30.0,cam_13,ONLINE,0.17,0,297,163,1
2026-08-28T10:11:27.401797,30.0,cam_14,ONLINE,0.22,0,191,539,1
2026-08-28T10:11:27.401797,30.0,cam_15,ONLINE,0.41,0,449,932,1
2026-08-28T10:11:37.407790,40.0,cam_01,ONLINE,0.31,0,418,991,1
2026-08-28T10:11:37.407790,40.0,cam_02,ONLINE,0.22,0,440,1000,1
2026-08-28T10:11:37.407790,40.0,cam_03,ONLINE,0.06,0,262,685,1
2026-08-28T10:11:37.407790,40.0,cam_04,ONLINE,0.14,0,287,751,1
2026-08-28T10:11:37.407790,40.0,cam_05,ONLINE,0.14,0,344,813,1
2026-08-28T10:11:37.407790,40.0,cam_06,ONLINE,0.28,0,203,585,1
2026-08-28T10:11:37.407790,40.0,cam_07,ONLINE,0.12,0,215,559,1
2026-08-28T10:11:37.407790,40.0,cam_08,ONLINE,0.11,0,317,753,1
2026-08-28T10:11:37.407790,40.0,cam_09,ONLINE,1.88,0,424,926,1
2026-08-28T10:11:37.407790,40.0,cam_10,ONLINE,0.62,0,397,870,1
2026-08-28T10:11:37.407790,40.0,cam_11,ONLINE,0.06,0,312,814,1
2026-08-28T10:11:37.407790,40.0,cam_12,ONLINE,0.11,0,236,622,1
2026-08-28T10:11:37.407790,40.0,cam_13,ONLINE,0.17,0,297,163,1
2026-08-28T10:11:37.407790,40.0,cam_14,ONLINE,0.22,0,191,539,1
2026-08-28T10:11:37.407790,40.0,cam_15,ONLINE,0.41,0,449,932,1
2026-08-28T10:11:47.412073,50.0,cam_01,ONLINE,0.31,0,418,991,1
2026-08-28T10:11:47.412073,50.0,cam_02,ONLINE,0.22,0,440,1000,1
2026-08-28T10:11:47.412073,50.0,cam_03,ONLINE,0.06,0,262,685,1
2026-08-28T10:11:47.412073,50.0,cam_04,ONLINE,0.14,0,287,751,1
2026-08-28T10:11:47.412073,50.0,cam_05,ONLINE,0.14,0,344,813,1
2026-08-28T10:11:47.412073,50.0,cam_06,ONLINE,0.28,0,203,585,1
2026-08-28T10:11:47.412073,50.0,cam_07,ONLINE,0.12,0,215,559,1
2026-08-28T10:11:47.412073,50.0,cam_08,ONLINE,0.11,0,317,753,1
2026-08-28T10:11:47.412073,50.0,cam_09,ONLINE,1.88,0,424,926,1
2026-08-28T10:11:47.412073,50.0,cam_10,ONLINE,0.62,0,397,870,1
2026-08-28T10:11:47.412073,50.0,cam_11,ONLINE,0.06,0,312,814,1
2026-08-28T10:11:47.412073,50.0,cam_12,ONLINE,0.11,0,236,622,1
2026-08-28T10:11:47.412073,50.0,cam_13,ONLINE,0.17,0,297,163,1
2026-08-28T10:11:47.412073,50.0,cam_14,ONLINE,0.22,0,191,539,1
2026-08-28T10:11:47.412073,50.0,cam_15,ONLINE,0.41,0,449,932,1
2026-08-28T10:11:57.419094,60.0,cam_01,ONLINE,0.31,0,418,991,1
2026-08-28T10:11:57.419094,60.0,cam_02,ONLINE,0.22,0,440,1000,1
2026-08-28T10:11:57.419094,60.0,cam_03,ONLINE,0.06,0,262,685,1
2026-08-28T10:11:57.419094,60.0,cam_04,ONLINE,0.14,0,287,751,1
2026-08-28T10:11:57.419094,60.0,cam_05,ONLINE,0.14,0,344,813,1
2026-08-28T10:11:57.419094,60.0,cam_06,ONLINE,0.28,0,203,585,1
2026-08-28T10:11:57.419094,60.0,cam_07,ONLINE,0.12,0,215,559,1
2026-08-28T10:11:57.419094,60.0,cam_08,ONLINE,0.11,0,317,753,1
2026-08-28T10:11:57.419094,60.0,cam_09,ONLINE,1.88,0,424,926,1
2026-08-28T10:11:57.419094,60.0,cam_10,ONLINE,0.62,0,397,870,1
2026-08-28T10:11:57.419094,60.0,cam_11,ONLINE,0.06,0,312,814,1
2026-08-28T10:11:57.419094,60.0,cam_12,ONLINE,0.11,0,236,622,1
2026-08-28T10:11:57.419094,60.0,cam_13,ONLINE,0.17,0,297,163,1
2026-08-28T10:11:57.419094,60.0,cam_14,ONLINE,0.22,0,191,539,1
2026-08-28T10:11:57.419094,60.0,cam_15,ONLINE,0.41,0,449,932,1
2026-08-28T10:12:07.430126,70.1,cam_01,ONLINE,0.31,0,418,991,1
2026-08-28T10:12:07.430126,70.1,cam_02,ONLINE,0.22,0,440,1000,1
2026-08-28T10:12:07.430126,70.1,cam_03,ONLINE,0.06,0,262,685,1
2026-08-28T10:12:07.430126,70.1,cam_04,ONLINE,0.14,0,287,751,1
2026-08-28T10:12:07.430126,70.1,cam_05,ONLINE,0.14,0,344,813,1
2026-08-28T10:12:07.430126,70.1,cam_06,ONLINE,0.28,0,203,585,1
2026-08-28T10:12:07.430126,70.1,cam_07,ONLINE,0.12,0,215,559,1
2026-08-28T10:12:07.430126,70.1,cam_08,ONLINE,0.11,0,317,753,1
2026-08-28T10:12:07.430126,70.1,cam_09,ONLINE,1.88,0,424,926,1
2026-08-28T10:12:07.430126,70.1,cam_10,ONLINE,0.62,0,397,870,1
2026-08-28T10:12:07.430126,70.1,cam_11,ONLINE,0.06,0,312,814,1
2026-08-28T10:12:07.430126,70.1,cam_12,ONLINE,0.11,0,236,622,1
2026-08-28T10:12:07.430126,70.1,cam_13,ONLINE,0.17,0,297,163,1
2026-08-28T10:12:07.430126,70.1,cam_14,ONLINE,0.22,0,191,539,1
2026-08-28T10:12:07.430126,70.1,cam_15,ONLINE,0.41,0,449,932,1
2026-08-28T10:12:17.433801,80.1,cam_01,ONLINE,0.31,0,418,991,1
2026-08-28T10:12:17.433801,80.1,cam_02,ONLINE,0.22,0,440,1000,1
2026-08-28T10:12:17.433801,80.1,cam_03,ONLINE,0.06,0,262,685,1
2026-08-28T10:12:17.433801,80.1,cam_04,ONLINE,0.14,0,287,751,1
2026-08-28T10:12:17.433801,80.1,cam_05,ONLINE,0.14,0,344,813,1
2026-08-28T10:12:17.433801,80.1,cam_06,ONLINE,0.28,0,203,585,1
2026-08-28T10:12:17.433801,80.1,cam_07,ONLINE,0.12,0,215,559,1
2026-08-28T10:12:17.433801,80.1,cam_08,ONLINE,0.11,0,317,753,1
2026-08-28T10:12:17.433801,80.1,cam_09,ONLINE,1.88,0,424,926,1
2026-08-28T10:12:17.433801,80.1,cam_10,ONLINE,0.62,0,397,870,1
2026-08-28T10:12:17.433801,80.1,cam_11,ONLINE,0.06,0,312,814,1
2026-08-28T10:12:17.433801,80.1,cam_12,ONLINE,0.11,0,236,622,1
2026-08-28T10:12:17.433801,80.1,cam_13,ONLINE,0.17,0,297,163,1
2026-08-28T10:12:17.433801,80.1,cam_14,ONLINE,0.22,0,191,539,1
2026-08-28T10:12:17.433801,80.1,cam_15,ONLINE,0.41,0,449,932,1
2026-08-28T10:12:27.442953,90.1,cam_01,ONLINE,0.31,0,418,991,1
2026-08-28T10:12:27.442953,90.1,cam_02,ONLINE,0.22,0,440,1000,1
2026-08-28T10:12:27.442953,90.1,cam_03,ONLINE,0.06,0,262,685,1
2026-08-28T10:12:27.442953,90.1,cam_04,ONLINE,0.14,0,287,751,1
2026-08-28T10:12:27.442953,90.1,cam_05,ONLINE,0.14,0,344,813,1
2026-08-28T10:12:27.442953,90.1,cam_06,ONLINE,0.28,0,203,585,1
2026-08-28T10:12:27.442953,90.1,cam_07,ONLINE,0.12,0,215,559,1
2026-08-28T10:12:27.442953,90.1,cam_08,ONLINE,0.11,0,317,753,1
2026-08-28T10:12:27.442953,90.1,cam_09,ONLINE,1.88,0,424,926,1
2026-08-28T10:12:27.442953,90.1,cam_10,ONLINE,0.62,0,397,870,1
2026-08-28T10:12:27.442953,90.1,cam_11,ONLINE,0.06,0,312,814,1
2026-08-28T10:12:27.442953,90.1,cam_12,ONLINE,0.11,0,236,622,1
2026-08-28T10:12:27.442953,90.1,cam_13,ONLINE,0.17,0,297,163,1
2026-08-28T10:12:27.442953,90.1,cam_14,ONLINE,0.22,0,191,539,1
2026-08-28T10:12:27.442953,90.1,cam_15,ONLINE,0.41,0,449,932,1
2026-08-28T10:12:37.448777,100.1,cam_01,ONLINE,0.31,0,418,991,1
2026-08-28T10:12:37.448777,100.1,cam_02,ONLINE,0.22,0,440,1000,1
2026-08-28T10:12:37.448777,100.1,cam_03,ONLINE,0.06,0,262,685,1
2026-08-28T10:12:37.448777,100.1,cam_04,ONLINE,0.14,0,287,751,1
2026-08-28T10:12:37.448777,100.1,cam_05,ONLINE,0.14,0,344,813,1
2026-08-28T10:12:37.448777,100.1,cam_06,ONLINE,0.28,0,203,585,1
2026-08-28T10:12:37.448777,100.1,cam_07,ONLINE,0.12,0,215,559,1
2026-08-28T10:12:37.448777,100.1,cam_08,ONLINE,0.11,0,317,753,1
2026-08-28T10:12:37.448777,100.1,cam_09,ONLINE,1.88,0,424,926,1
2026-08-28T10:12:37.448777,100.1,cam_10,ONLINE,0.62,0,397,870,1
2026-08-28T10:12:37.448777,100.1,cam_11,ONLINE,0.06,0,312,814,1
2026-08-28T10:12:37.448777,100.1,cam_12,ONLINE,0.11,0,236,622,1
2026-08-28T10:12:37.448777,100.1,cam_13,ONLINE,0.17,0,297,163,1
2026-08-28T10:12:37.448777,100.1,cam_14,ONLINE,0.22,0,191,539,1
2026-08-28T10:12:37.448777,100.1,cam_15,ONLINE,0.41,0,449,932,1
2026-08-28T10:12:47.454113,110.1,cam_01,ONLINE,0.31,0,418,991,1
2026-08-28T10:12:47.454113,110.1,cam_02,ONLINE,0.22,0,440,1000,1
2026-08-28T10:12:47.454113,110.1,cam_03,ONLINE,0.06,0,262,685,1
2026-08-28T10:12:47.454113,110.1,cam_04,ONLINE,0.14,0,287,751,1
2026-08-28T10:12:47.454113,110.1,cam_05,ONLINE,0.14,0,344,813,1
2026-08-28T10:12:47.454113,110.1,cam_06,ONLINE,0.28,0,203,585,1
2026-08-28T10:12:47.454113,110.1,cam_07,ONLINE,0.12,0,215,559,1
2026-08-28T10:12:47.454113,110.1,cam_08,ONLINE,0.11,0,317,753,1
2026-08-28T10:12:47.454113,110.1,cam_09,ONLINE,1.88,0,424,926,1
2026-08-28T10:12:47.454113,110.1,cam_10,ONLINE,0.62,0,397,870,1
2026-08-28T10:12:47.454113,110.1,cam_11,ONLINE,0.06,0,312,814,1
2026-08-28T10:12:47.454113,110.1,cam_12,ONLINE,0.11,0,236,622,1
2026-08-28T10:12:47.454113,110.1,cam_13,ONLINE,0.17,0,297,163,1
2026-08-28T10:12:47.454113,110.1,cam_14,ONLINE,0.22,0,191,539,1
2026-08-28T10:12:47.454113,110.1,cam_15,ONLINE,0.41,0,449,932,1
2026-08-28T10:12:57.460297,120.1,cam_01,ONLINE,0.31,0,418,991,1
2026-08-28T10:12:57.460297,120.1,cam_02,ONLINE,0.22,0,440,1000,1
2026-08-28T10:12:57.460297,120.1,cam_03,ONLINE,0.06,0,262,685,1
2026-08-28T10:12:57.460297,120.1,cam_04,ONLINE,0.14,0,287,751,1
2026-08-28T10:12:57.460297,120.1,cam_05,ONLINE,0.14,0,344,813,1
2026-08-28T10:12:57.460297,120.1,cam_06,ONLINE,0.28,0,203,585,1
2026-08-28T10:12:57.460297,120.1,cam_07,ONLINE,0.12,0,215,559,1
2026-08-28T10:12:57.460297,120.1,cam_08,ONLINE,0.11,0,317,753,1
2026-08-28T10:12:57.460297,120.1,cam_09,ONLINE,1.88,0,424,926,1
2026-08-28T10:12:57.460297,120.1,cam_10,ONLINE,0.62,0,397,870,1
2026-08-28T10:12:57.460297,120.1,cam_11,ONLINE,0.06,0,312,814,1
2026-08-28T10:12:57.460297,120.1,cam_12,ONLINE,0.11,0,236,622,1
2026-08-28T10:12:57.460297,120.1,cam_13,ONLINE,0.17,0,297,163,1
2026-08-28T10:12:57.460297,120.1,cam_14,ONLINE,0.22,0,191,539,1
2026-08-28T10:12:57.460297,120.1,cam_15,ONLINE,0.41,0,449,932,1
2026-08-28T10:13:07.470843,130.1,cam_01,ONLINE,0.31,0,418,991,1
2026-08-28T10:13:07.470843,130.1,cam_02,ONLINE,0.22,0,440,1000,1
2026-08-28T10:13:07.470843,130.1,cam_03,ONLINE,0.06,0,262,685,1
2026-08-28T10:13:07.470843,130.1,cam_04,ONLINE,0.14,0,287,751,1
2026-08-28T10:13:07.470843,130.1,cam_05,ONLINE,0.14,0,344,813,1
2026-08-28T10:13:07.470843,130.1,cam_06,ONLINE,0.28,0,203,585,1
2026-08-28T10:13:07.470843,130.1,cam_07,ONLINE,0.12,0,215,559,1
2026-08-28T10:13:07.470843,130.1,cam_08,ONLINE,0.11,0,317,753,1
2026-08-28T10:13:07.470843,130.1,cam_09,ONLINE,1.88,0,424,926,1
2026-08-28T10:13:07.470843,130.1,cam_10,ONLINE,0.62,0,397,870,1
2026-08-28T10:13:07.470843,130.1,cam_11,ONLINE,0.06,0,312,814,1
2026-08-28T10:13:07.470843,130.1,cam_12,ONLINE,0.11,0,236,622,1
2026-08-28T10:13:07.470843,130.1,cam_13,ONLINE,0.17,0,297,163,1
2026-08-28T10:13:07.470843,130.1,cam_14,ONLINE,0.22,0,191,539,1
2026-08-28T10:13:07.470843,130.1,cam_15,ONLINE,0.41,0,449,932,1
2026-08-28T10:13:17.477681,140.1,cam_01,ONLINE,0.31,0,418,991,1
2026-08-28T10:13:17.477681,140.1,cam_02,ONLINE,0.22,0,440,1000,1
2026-08-28T10:13:17.477681,140.1,cam_03,ONLINE,0.06,0,262,685,1
2026-08-28T10:13:17.477681,140.1,cam_04,ONLINE,0.14,0,287,751,1
2026-08-28T10:13:17.477681,140.1,cam_05,ONLINE,0.14,0,344,813,1
2026-08-28T10:13:17.477681,140.1,cam_06,ONLINE,0.28,0,203,585,1
2026-08-28T10:13:17.477681,140.1,cam_07,ONLINE,0.12,0,215,559,1
2026-08-28T10:13:17.477681,140.1,cam_08,ONLINE,0.11,0,317,753,1
2026-08-28T10:13:17.477681,140.1,cam_09,ONLINE,1.88,0,424,926,1
2026-08-28T10:13:17.477681,140.1,cam_10,ONLINE,0.62,0,397,870,1
2026-08-28T10:13:17.477681,140.1,cam_11,ONLINE,0.06,0,312,814,1
2026-08-28T10:13:17.477681,140.1,cam_12,ONLINE,0.11,0,236,622,1
2026-08-28T10:13:17.477681,140.1,cam_13,ONLINE,0.17,0,297,163,1
2026-08-28T10:13:17.477681,140.1,cam_14,ONLINE,0.22,0,191,539,1
2026-08-28T10:13:17.477681,140.1,cam_15,ONLINE,0.41,0,449,932,1
2026-08-28T10:13:27.488158,150.1,cam_01,ONLINE,0.31,0,418,991,1
2026-08-28T10:13:27.488158,150.1,cam_02,ONLINE,0.22,0,440,1000,1
2026-08-28T10:13:27.488158,150.1,cam_03,ONLINE,0.06,0,262,685,1
2026-08-28T10:13:27.488158,150.1,cam_04,ONLINE,0.14,0,287,751,1
2026-08-28T10:13:27.488158,150.1,cam_05,ONLINE,0.14,0,344,813,1
2026-08-28T10:13:27.488158,150.1,cam_06,ONLINE,0.28,0,203,585,1
2026-08-28T10:13:27.488158,150.1,cam_07,ONLINE,0.12,0,215,559,1
2026-08-28T10:13:27.488158,150.1,cam_08,ONLINE,0.11,0,317,753,1
2026-08-28T10:13:27.488158,150.1,cam_09,ONLINE,1.88,0,424,926,1
2026-08-28T10:13:27.488158,150.1,cam_10,ONLINE,0.62,0,397,870,1
2026-08-28T10:13:27.488158,150.1,cam_11,ONLINE,0.06,0,312,814,1
2026-08-28T10:13:27.488158,150.1,cam_12,ONLINE,0.11,0,236,622,1
2026-08-28T10:13:27.488158,150.1,cam_13,ONLINE,0.17,0,297,163,1
2026-08-28T10:13:27.488158,150.1,cam_14,ONLINE,0.22,0,191,539,1
2026-08-28T10:13:27.488158,150.1,cam_15,ONLINE,0.41,0,449,932,1
2026-08-28T10:13:37.496313,160.1,cam_01,ONLINE,0.31,0,418,991,1
2026-08-28T10:13:37.496313,160.1,cam_02,ONLINE,0.22,0,440,1000,1
2026-08-28T10:13:37.496313,160.1,cam_03,ONLINE,0.06,0,262,685,1
2026-08-28T10:13:37.496313,160.1,cam_04,ONLINE,0.14,0,287,751,1
2026-08-28T10:13:37.496313,160.1,cam_05,ONLINE,0.14,0,344,813,1
2026-08-28T10:13:37.496313,160.1,cam_06,ONLINE,0.28,0,203,585,1
2026-08-28T10:13:37.496313,160.1,cam_07,ONLINE,0.12,0,215,559,1
2026-08-28T10:13:37.496313,160.1,cam_08,ONLINE,0.11,0,317,753,1
2026-08-28T10:13:37.496313,160.1,cam_09,ONLINE,1.88,0,424,926,1
2026-08-28T10:13:37.496313,160.1,cam_10,ONLINE,0.62,0,397,870,1
2026-08-28T10:13:37.496313,160.1,cam_11,ONLINE,0.06,0,312,814,1
2026-08-28T10:13:37.496313,160.1,cam_12,ONLINE,0.11,0,236,622,1
2026-08-28T10:13:37.496313,160.1,cam_13,ONLINE,0.17,0,297,163,1
2026-08-28T10:13:37.496313,160.1,cam_14,ONLINE,0.22,0,191,539,1
2026-08-28T10:13:37.496313,160.1,cam_15,ONLINE,0.41,0,449,932,1
2026-08-28T10:13:47.504553,170.1,cam_01,ONLINE,0.31,0,418,991,1
2026-08-28T10:13:47.504553,170.1,cam_02,ONLINE,0.22,0,440,1000,1
2026-08-28T10:13:47.504553,170.1,cam_03,ONLINE,0.06,0,262,685,1
2026-08-28T10:13:47.504553,170.1,cam_04,ONLINE,0.14,0,287,751,1
2026-08-28T10:13:47.504553,170.1,cam_05,ONLINE,0.14,0,344,813,1
2026-08-28T10:13:47.504553,170.1,cam_06,ONLINE,0.28,0,203,585,1
2026-08-28T10:13:47.504553,170.1,cam_07,ONLINE,0.12,0,215,559,1
2026-08-28T10:13:47.504553,170.1,cam_08,ONLINE,0.11,0,317,753,1
2026-08-28T10:13:47.504553,170.1,cam_09,ONLINE,1.88,0,424,926,1
2026-08-28T10:13:47.504553,170.1,cam_10,ONLINE,0.62,0,397,870,1
2026-08-28T10:13:47.504553,170.1,cam_11,ONLINE,0.06,0,312,814,1
2026-08-28T10:13:47.504553,170.1,cam_12,ONLINE,0.11,0,236,622,1
2026-08-28T10:13:47.504553,170.1,cam_13,ONLINE,0.17,0,297,163,1
2026-08-28T10:13:47.504553,170.1,cam_14,ONLINE,0.22,0,191,539,1
2026-08-28T10:13:47.504553,170.1,cam_15,ONLINE,0.41,0,449,932,1
2026-08-28T10:13:57.515397,180.2,cam_01,ONLINE,0.31,0,418,991,1
2026-08-28T10:13:57.515397,180.2,cam_02,ONLINE,0.22,0,440,1000,1
2026-08-28T10:13:57.515397,180.2,cam_03,ONLINE,0.06,0,262,685,1
2026-08-28T10:13:57.515397,180.2,cam_04,ONLINE,0.14,0,287,751,1
2026-08-28T10:13:57.515397,180.2,cam_05,ONLINE,0.14,0,344,813,1
2026-08-28T10:13:57.515397,180.2,cam_06,ONLINE,0.28,0,203,585,1
2026-08-28T10:13:57.515397,180.2,cam_07,ONLINE,0.12,0,215,559,1
2026-08-28T10:13:57.515397,180.2,cam_08,ONLINE,0.11,0,317,753,1
2026-08-28T10:13:57.515397,180.2,cam_09,ONLINE,1.88,0,424,926,1
2026-08-28T10:13:57.515397,180.2,cam_10,ONLINE,0.62,0,397,870,1
2026-08-28T10:13:57.515397,180.2,cam_11,ONLINE,0.06,0,312,814,1
2026-08-28T10:13:57.515397,180.2,cam_12,ONLINE,0.11,0,236,622,1
2026-08-28T10:13:57.515397,180.2,cam_13,ONLINE,0.17,0,297,163,1
2026-08-28T10:13:57.515397,180.2,cam_14,ONLINE,0.22,0,191,539,1
2026-08-28T10:13:57.515397,180.2,cam_15,ONLINE,0.41,0,449,932,1
2026-08-28T10:14:07.526972,190.2,cam_01,ONLINE,0.31,0,418,991,1
2026-08-28T10:14:07.526972,190.2,cam_02,ONLINE,0.22,0,440,1000,1
2026-08-28T10:14:07.526972,190.2,cam_03,ONLINE,0.06,0,262,685,1
2026-08-28T10:14:07.526972,190.2,cam_04,ONLINE,0.14,0,287,751,1
2026-08-28T10:14:07.526972,190.2,cam_05,ONLINE,0.14,0,344,813,1
2026-08-28T10:14:07.526972,190.2,cam_06,ONLINE,0.28,0,203,585,1
2026-08-28T10:14:07.526972,190.2,cam_07,ONLINE,0.12,0,215,559,1
2026-08-28T10:14:07.526972,190.2,cam_08,ONLINE,0.11,0,317,753,1
2026-08-28T10:14:07.526972,190.2,cam_09,ONLINE,1.88,0,424,926,1
2026-08-28T10:14:07.526972,190.2,cam_10,ONLINE,0.62,0,397,870,1
2026-08-28T10:14:07.526972,190.2,cam_11,ONLINE,0.06,0,312,814,1
2026-08-28T10:14:07.526972,190.2,cam_12,ONLINE,0.11,0,236,622,1
2026-08-28T10:14:07.526972,190.2,cam_13,ONLINE,0.17,0,297,163,1
2026-08-28T10:14:07.526972,190.2,cam_14,ONLINE,0.22,0,191,539,1
2026-08-28T10:14:07.526972,190.2,cam_15,ONLINE,0.41,0,449,932,1
2026-08-28T10:14:17.534849,200.2,cam_01,ONLINE,0.31,0,418,991,1
2026-08-28T10:14:17.534849,200.2,cam_02,ONLINE,0.22,0,440,1000,1
2026-08-28T10:14:17.534849,200.2,cam_03,ONLINE,0.06,0,262,685,1
2026-08-28T10:14:17.534849,200.2,cam_04,ONLINE,0.14,0,287,751,1
2026-08-28T10:14:17.534849,200.2,cam_05,ONLINE,0.14,0,344,813,1
2026-08-28T10:14:17.534849,200.2,cam_06,ONLINE,0.28,0,203,585,1
2026-08-28T10:14:17.534849,200.2,cam_07,ONLINE,0.12,0,215,559,1
2026-08-28T10:14:17.534849,200.2,cam_08,ONLINE,0.11,0,317,753,1
2026-08-28T10:14:17.534849,200.2,cam_09,ONLINE,1.88,0,424,926,1
2026-08-28T10:14:17.534849,200.2,cam_10,ONLINE,0.62,0,397,870,1
2026-08-28T10:14:17.534849,200.2,cam_11,ONLINE,0.06,0,312,814,1
2026-08-28T10:14:17.534849,200.2,cam_12,ONLINE,0.11,0,236,622,1
2026-08-28T10:14:17.534849,200.2,cam_13,ONLINE,0.17,0,297,163,1
2026-08-28T10:14:17.534849,200.2,cam_14,ONLINE,0.22,0,191,539,1
2026-08-28T10:14:17.534849,200.2,cam_15,ONLINE,0.41,0,449,932,1
2026-08-28T10:14:27.542261,210.2,cam_01,ONLINE,0.31,0,418,991,1
2026-08-28T10:14:27.542261,210.2,cam_02,ONLINE,0.22,0,440,1000,1
2026-08-28T10:14:27.542261,210.2,cam_03,ONLINE,0.06,0,262,685,1
2026-08-28T10:14:27.542261,210.2,cam_04,ONLINE,0.14,0,287,751,1
2026-08-28T10:14:27.542261,210.2,cam_05,ONLINE,0.14,0,344,813,1
2026-08-28T10:14:27.542261,210.2,cam_06,ONLINE,0.28,0,203,585,1
2026-08-28T10:14:27.542261,210.2,cam_07,ONLINE,0.12,0,215,559,1
2026-08-28T10:14:27.542261,210.2,cam_08,ONLINE,0.11,0,317,753,1
2026-08-28T10:14:27.542261,210.2,cam_09,ONLINE,1.88,0,424,926,1
2026-08-28T10:14:27.542261,210.2,cam_10,ONLINE,0.62,0,397,870,1
2026-08-28T10:14:27.542261,210.2,cam_11,ONLINE,0.06,0,312,814,1
2026-08-28T10:14:27.542261,210.2,cam_12,ONLINE,0.11,0,236,622,1
2026-08-28T10:14:27.542261,210.2,cam_13,ONLINE,0.17,0,297,163,1
2026-08-28T10:14:27.542261,210.2,cam_14,ONLINE,0.22,0,191,539,1
2026-08-28T10:14:27.542261,210.2,cam_15,ONLINE,0.41,0,449,932,1
2026-08-28T10:14:37.549563,220.2,cam_01,ONLINE,0.31,0,418,991,1
2026-08-28T10:14:37.549563,220.2,cam_02,ONLINE,0.22,0,440,1000,1
2026-08-28T10:14:37.549563,220.2,cam_03,ONLINE,0.06,0,262,685,1
2026-08-28T10:14:37.549563,220.2,cam_04,ONLINE,0.14,0,287,751,1
2026-08-28T10:14:37.549563,220.2,cam_05,ONLINE,0.14,0,344,813,1
2026-08-28T10:14:37.549563,220.2,cam_06,ONLINE,0.28,0,203,585,1
2026-08-28T10:14:37.549563,220.2,cam_07,ONLINE,0.12,0,215,559,1
2026-08-28T10:14:37.549563,220.2,cam_08,ONLINE,0.11,0,317,753,1
2026-08-28T10:14:37.549563,220.2,cam_09,ONLINE,1.88,0,424,926,1
2026-08-28T10:14:37.549563,220.2,cam_10,ONLINE,0.62,0,397,870,1
2026-08-28T10:14:37.549563,220.2,cam_11,ONLINE,0.06,0,312,814,1
2026-08-28T10:14:37.549563,220.2,cam_12,ONLINE,0.11,0,236,622,1
2026-08-28T10:14:37.549563,220.2,cam_13,ONLINE,0.17,0,297,163,1
2026-08-28T10:14:37.549563,220.2,cam_14,ONLINE,0.22,0,191,539,1
2026-08-28T10:14:37.549563,220.2,cam_15,ONLINE,0.41,0,449,932,1
2026-08-28T10:14:47.554726,230.2,cam_01,ONLINE,0.31,0,418,991,1
2026-08-28T10:14:47.554726,230.2,cam_02,ONLINE,0.22,0,440,1000,1
2026-08-28T10:14:47.554726,230.2,cam_03,ONLINE,0.06,0,262,685,1
2026-08-28T10:14:47.554726,230.2,cam_04,ONLINE,0.14,0,287,751,1
2026-08-28T10:14:47.554726,230.2,cam_05,ONLINE,0.14,0,344,813,1
2026-08-28T10:14:47.554726,230.2,cam_06,ONLINE,0.28,0,203,585,1
2026-08-28T10:14:47.554726,230.2,cam_07,ONLINE,0.12,0,215,559,1
2026-08-28T10:14:47.554726,230.2,cam_08,ONLINE,0.11,0,317,753,1
2026-08-28T10:14:47.554726,230.2,cam_09,ONLINE,1.88,0,424,926,1
2026-08-28T10:14:47.554726,230.2,cam_10,ONLINE,0.62,0,397,870,1
2026-08-28T10:14:47.554726,230.2,cam_11,ONLINE,0.06,0,312,814,1
2026-08-28T10:14:47.554726,230.2,cam_12,ONLINE,0.11,0,236,622,1
2026-08-28T10:14:47.554726,230.2,cam_13,ONLINE,0.17,0,297,163,1
2026-08-28T10:14:47.554726,230.2,cam_14,ONLINE,0.22,0,191,539,1
2026-08-28T10:14:47.554726,230.2,cam_15,ONLINE,0.41,0,449,932,1
2026-08-28T10:14:57.562292,240.2,cam_01,ONLINE,0.31,0,418,991,1
2026-08-28T10:14:57.562292,240.2,cam_02,ONLINE,0.22,0,440,1000,1
2026-08-28T10:14:57.562292,240.2,cam_03,ONLINE,0.06,0,262,685,1
2026-08-28T10:14:57.562292,240.2,cam_04,ONLINE,0.14,0,287,751,1
2026-08-28T10:14:57.562292,240.2,cam_05,ONLINE,0.14,0,344,813,1
2026-08-28T10:14:57.562292,240.2,cam_06,ONLINE,0.28,0,203,585,1
2026-08-28T10:14:57.562292,240.2,cam_07,ONLINE,0.12,0,215,559,1
2026-08-28T10:14:57.562292,240.2,cam_08,ONLINE,0.11,0,317,753,1
2026-08-28T10:14:57.562292,240.2,cam_09,ONLINE,1.88,0,424,926,1
2026-08-28T10:14:57.562292,240.2,cam_10,ONLINE,0.62,0,397,870,1
2026-08-28T10:14:57.562292,240.2,cam_11,ONLINE,0.06,0,312,814,1
2026-08-28T10:14:57.562292,240.2,cam_12,ONLINE,0.11,0,236,622,1
2026-08-28T10:14:57.562292,240.2,cam_13,ONLINE,0.17,0,297,163,1
2026-08-28T10:14:57.562292,240.2,cam_14,ONLINE,0.22,0,191,539,1
2026-08-28T10:14:57.562292,240.2,cam_15,ONLINE,0.41,0,449,932,1
2026-08-28T10:15:07.573990,250.2,cam_01,ONLINE,0.31,0,418,991,1
2026-08-28T10:15:07.573990,250.2,cam_02,ONLINE,0.22,0,440,1000,1
2026-08-28T10:15:07.573990,250.2,cam_03,ONLINE,0.06,0,262,685,1
2026-08-28T10:15:07.573990,250.2,cam_04,ONLINE,0.14,0,287,751,1
2026-08-28T10:15:07.573990,250.2,cam_05,ONLINE,0.14,0,344,813,1
2026-08-28T10:15:07.573990,250.2,cam_06,ONLINE,0.28,0,203,585,1
2026-08-28T10:15:07.573990,250.2,cam_07,ONLINE,0.12,0,215,559,1
2026-08-28T10:15:07.573990,250.2,cam_08,ONLINE,0.11,0,317,753,1
2026-08-28T10:15:07.573990,250.2,cam_09,ONLINE,1.88,0,424,926,1
2026-08-28T10:15:07.573990,250.2,cam_10,ONLINE,0.62,0,397,870,1
2026-08-28T10:15:07.573990,250.2,cam_11,ONLINE,0.06,0,312,814,1
2026-08-28T10:15:07.573990,250.2,cam_12,ONLINE,0.11,0,236,622,1
2026-08-28T10:15:07.573990,250.2,cam_13,ONLINE,0.17,0,297,163,1
2026-08-28T10:15:07.573990,250.2,cam_14,ONLINE,0.22,0,191,539,1
2026-08-28T10:15:07.573990,250.2,cam_15,ONLINE,0.41,0,449,932,1
2026-08-28T10:15:17.578229,260.2,cam_01,ONLINE,0.31,0,418,991,1
2026-08-28T10:15:17.578229,260.2,cam_02,ONLINE,0.22,0,440,1000,1
2026-08-28T10:15:17.578229,260.2,cam_03,ONLINE,0.06,0,262,685,1
2026-08-28T10:15:17.578229,260.2,cam_04,ONLINE,0.14,0,287,751,1
2026-08-28T10:15:17.578229,260.2,cam_05,ONLINE,0.14,0,344,813,1
2026-08-28T10:15:17.578229,260.2,cam_06,ONLINE,0.28,0,203,585,1
2026-08-28T10:15:17.578229,260.2,cam_07,ONLINE,0.12,0,215,559,1
2026-08-28T10:15:17.578229,260.2,cam_08,ONLINE,0.11,0,317,753,1
2026-08-28T10:15:17.578229,260.2,cam_09,ONLINE,1.88,0,424,926,1
2026-08-28T10:15:17.578229,260.2,cam_10,ONLINE,0.62,0,397,870,1
2026-08-28T10:15:17.578229,260.2,cam_11,ONLINE,0.06,0,312,814,1
2026-08-28T10:15:17.578229,260.2,cam_12,ONLINE,0.11,0,236,622,1
2026-08-28T10:15:17.578229,260.2,cam_13,ONLINE,0.17,0,297,163,1
2026-08-28T10:15:17.578229,260.2,cam_14,ONLINE,0.22,0,191,539,1
2026-08-28T10:15:17.578229,260.2,cam_15,ONLINE,0.41,0,449,932,1
2026-08-28T11:03:52.145245,0.0,cam_01,ONLINE,0.31,0,418,991,1
2026-08-28T11:03:52.145245,0.0,cam_02,ONLINE,0.22,0,440,1000,1
2026-08-28T11:03:52.145245,0.0,cam_03,ONLINE,0.06,0,262,685,1
2026-08-28T11:03:52.145245,0.0,cam_04,ONLINE,0.14,0,287,751,1
2026-08-28T11:03:52.145245,0.0,cam_05,ONLINE,0.14,0,344,813,1
2026-08-28T11:03:52.145245,0.0,cam_06,ONLINE,0.28,0,203,585,1
2026-08-28T11:03:52.145245,0.0,cam_07,ONLINE,0.12,0,215,559,1
2026-08-28T11:03:52.145245,0.0,cam_08,ONLINE,0.11,0,317,753,1
2026-08-28T11:03:52.145245,0.0,cam_09,ONLINE,1.88,0,424,926,1
2026-08-28T11:03:52.145245,0.0,cam_10,ONLINE,0.62,0,397,870,1
2026-08-28T11:03:52.145245,0.0,cam_11,ONLINE,0.06,0,312,814,1
2026-08-28T11:03:52.145245,0.0,cam_12,ONLINE,0.11,0,236,622,1
2026-08-28T11:03:52.145245,0.0,cam_13,ONLINE,0.17,0,297,163,1
2026-08-28T11:03:52.145245,0.0,cam_14,ONLINE,0.22,0,191,539,1
2026-08-28T11:03:52.145245,0.0,cam_15,ONLINE,0.41,0,449,932,1
2026-08-28T11:04:02.174367,10.0,cam_01,ONLINE,0.31,0,418,991,1
2026-08-28T11:04:02.174367,10.0,cam_02,ONLINE,0.22,0,440,1000,1
2026-08-28T11:04:02.174367,10.0,cam_03,ONLINE,0.06,0,262,685,1
2026-08-28T11:04:02.174367,10.0,cam_04,ONLINE,0.14,0,287,751,1
2026-08-28T11:04:02.174367,10.0,cam_05,ONLINE,0.14,0,344,813,1
2026-08-28T11:04:02.174367,10.0,cam_06,ONLINE,0.28,0,203,585,1
2026-08-28T11:04:02.174367,10.0,cam_07,ONLINE,0.12,0,215,559,1
2026-08-28T11:04:02.174367,10.0,cam_08,ONLINE,0.11,0,317,753,1
2026-08-28T11:04:02.174367,10.0,cam_09,ONLINE,1.88,0,424,926,1
2026-08-28T11:04:02.174367,10.0,cam_10,ONLINE,0.62,0,397,870,1
2026-08-28T11:04:02.174367,10.0,cam_11,ONLINE,0.06,0,312,814,1
2026-08-28T11:04:02.174367,10.0,cam_12,ONLINE,0.11,0,236,622,1
2026-08-28T11:04:02.174367,10.0,cam_13,ONLINE,0.17,0,297,163,1
2026-08-28T11:04:02.174367,10.0,cam_14,ONLINE,0.22,0,191,539,1
2026-08-28T11:04:02.174367,10.0,cam_15,ONLINE,0.41,0,449,932,1
2026-08-28T11:04:12.183157,20.0,cam_01,ONLINE,0.31,0,418,991,1
2026-08-28T11:04:12.183157,20.0,cam_02,ONLINE,0.22,0,440,1000,1
2026-08-28T11:04:12.183157,20.0,cam_03,ONLINE,0.06,0,262,685,1
2026-08-28T11:04:12.183157,20.0,cam_04,ONLINE,0.14,0,287,751,1
2026-08-28T11:04:12.183157,20.0,cam_05,ONLINE,0.14,0,344,813,1
2026-08-28T11:04:12.183157,20.0,cam_06,ONLINE,0.28,0,203,585,1
2026-08-28T11:04:12.183157,20.0,cam_07,ONLINE,0.12,0,215,559,1
2026-08-28T11:04:12.183157,20.0,cam_08,ONLINE,0.11,0,317,753,1
2026-08-28T11:04:12.183157,20.0,cam_09,ONLINE,1.88,0,424,926,1
2026-08-28T11:04:12.183157,20.0,cam_10,ONLINE,0.62,0,397,870,1
2026-08-28T11:04:12.183157,20.0,cam_11,ONLINE,0.06,0,312,814,1
2026-08-28T11:04:12.183157,20.0,cam_12,ONLINE,0.11,0,236,622,1
2026-08-28T11:04:12.183157,20.0,cam_13,ONLINE,0.17,0,297,163,1
2026-08-28T11:04:12.183157,20.0,cam_14,ONLINE,0.22,0,191,539,1
2026-08-28T11:04:12.183157,20.0,cam_15,ONLINE,0.41,0,449,932,1
2026-08-28T11:04:22.186725,30.0,cam_01,ONLINE,0.31,0,418,991,1
2026-08-28T11:04:22.186725,30.0,cam_02,ONLINE,0.22,0,440,1000,1
2026-08-28T11:04:22.186725,30.0,cam_03,ONLINE,0.06,0,262,685,1
2026-08-28T11:04:22.186725,30.0,cam_04,ONLINE,0.14,0,287,751,1
2026-08-28T11:04:22.186725,30.0,cam_05,ONLINE,0.14,0,344,813,1
2026-08-28T11:04:22.186725,30.0,cam_06,ONLINE,0.28,0,203,585,1
2026-08-28T11:04:22.186725,30.0,cam_07,ONLINE,0.12,0,215,559,1
2026-08-28T11:04:22.186725,30.0,cam_08,ONLINE,0.11,0,317,753,1
2026-08-28T11:04:22.186725,30.0,cam_09,ONLINE,1.88,0,424,926,1
2026-08-28T11:04:22.186725,30.0,cam_10,ONLINE,0.62,0,397,870,1
2026-08-28T11:04:22.186725,30.0,cam_11,ONLINE,0.06,0,312,814,1
2026-08-28T11:04:22.186725,30.0,cam_12,ONLINE,0.11,0,236,622,1
2026-08-28T11:04:22.186725,30.0,cam_13,ONLINE,0.17,0,297,163,1
2026-08-28T11:04:22.186725,30.0,cam_14,ONLINE,0.22,0,191,539,1
2026-08-28T11:04:22.186725,30.0,cam_15,ONLINE,0.41,0,449,932,1
2026-08-28T11:04:32.196605,40.0,cam_01,ONLINE,0.31,0,418,991,1
2026-08-28T11:04:32.196605,40.0,cam_02,ONLINE,0.22,0,440,1000,1
2026-08-28T11:04:32.196605,40.0,cam_03,ONLINE,0.06,0,262,685,1
2026-08-28T11:04:32.196605,40.0,cam_04,ONLINE,0.14,0,287,751,1
2026-08-28T11:04:32.196605,40.0,cam_05,ONLINE,0.14,0,344,813,1
2026-08-28T11:04:32.196605,40.0,cam_06,ONLINE,0.28,0,203,585,1
2026-08-28T11:04:32.196605,40.0,cam_07,ONLINE,0.12,0,215,559,1
2026-08-28T11:04:32.196605,40.0,cam_08,ONLINE,0.11,0,317,753,1
2026-08-28T11:04:32.196605,40.0,cam_09,ONLINE,1.88,0,424,926,1
2026-08-28T11:04:32.196605,40.0,cam_10,ONLINE,0.62,0,397,870,1
2026-08-28T11:04:32.196605,40.0,cam_11,ONLINE,0.06,0,312,814,1
2026-08-28T11:04:32.196605,40.0,cam_12,ONLINE,0.11,0,236,622,1
2026-08-28T11:04:32.196605,40.0,cam_13,ONLINE,0.17,0,297,163,1
2026-08-28T11:04:32.196605,40.0,cam_14,ONLINE,0.22,0,191,539,1
2026-08-28T11:04:32.196605,40.0,cam_15,ONLINE,0.41,0,449,932,1
2026-08-28T11:04:42.200928,50.0,cam_01,ONLINE,0.31,0,418,991,1
2026-08-28T11:04:42.200928,50.0,cam_02,ONLINE,0.22,0,440,1000,1
2026-08-28T11:04:42.200928,50.0,cam_03,ONLINE,0.06,0,262,685,1
2026-08-28T11:04:42.200928,50.0,cam_04,ONLINE,0.14,0,287,751,1
2026-08-28T11:04:42.200928,50.0,cam_05,ONLINE,0.14,0,344,813,1
2026-08-28T11:04:42.200928,50.0,cam_06,ONLINE,0.28,0,203,585,1
2026-08-28T11:04:42.200928,50.0,cam_07,ONLINE,0.12,0,215,559,1
2026-08-28T11:04:42.200928,50.0,cam_08,ONLINE,0.11,0,317,753,1
2026-08-28T11:04:42.200928,50.0,cam_09,ONLINE,1.88,0,424,926,1
2026-08-28T11:04:42.200928,50.0,cam_10,ONLINE,0.62,0,397,870,1
2026-08-28T11:04:42.200928,50.0,cam_11,ONLINE,0.06,0,312,814,1
2026-08-28T11:04:42.200928,50.0,cam_12,ONLINE,0.11,0,236,622,1
2026-08-28T11:04:42.200928,50.0,cam_13,ONLINE,0.17,0,297,163,1
2026-08-28T11:04:42.200928,50.0,cam_14,ONLINE,0.22,0,191,539,1
2026-08-28T11:04:42.200928,50.0,cam_15,ONLINE,0.41,0,449,932,1
2026-08-28T11:04:52.206032,60.1,cam_01,ONLINE,0.31,0,418,991,1
2026-08-28T11:04:52.206032,60.1,cam_02,ONLINE,0.22,0,440,1000,1
2026-08-28T11:04:52.206032,60.1,cam_03,ONLINE,0.06,0,262,685,1
2026-08-28T11:04:52.206032,60.1,cam_04,ONLINE,0.14,0,287,751,1
2026-08-28T11:04:52.206032,60.1,cam_05,ONLINE,0.14,0,344,813,1
2026-08-28T11:04:52.206032,60.1,cam_06,ONLINE,0.28,0,203,585,1
2026-08-28T11:04:52.206032,60.1,cam_07,ONLINE,0.12,0,215,559,1
2026-08-28T11:04:52.206032,60.1,cam_08,ONLINE,0.11,0,317,753,1
2026-08-28T11:04:52.206032,60.1,cam_09,ONLINE,1.88,0,424,926,1
2026-08-28T11:04:52.206032,60.1,cam_10,ONLINE,0.62,0,397,870,1
2026-08-28T11:04:52.206032,60.1,cam_11,ONLINE,0.06,0,312,814,1
2026-08-28T11:04:52.206032,60.1,cam_12,ONLINE,0.11,0,236,622,1
2026-08-28T11:04:52.206032,60.1,cam_13,ONLINE,0.17,0,297,163,1
2026-08-28T11:04:52.206032,60.1,cam_14,ONLINE,0.22,0,191,539,1
2026-08-28T11:04:52.206032,60.1,cam_15,ONLINE,0.41,0,449,932,1
2026-08-28T11:05:02.218578,70.1,cam_01,ONLINE,0.31,0,418,991,1
2026-08-28T11:05:02.218578,70.1,cam_02,ONLINE,0.22,0,440,1000,1
2026-08-28T11:05:02.218578,70.1,cam_03,ONLINE,0.06,0,262,685,1
2026-08-28T11:05:02.218578,70.1,cam_04,ONLINE,0.14,0,287,751,1
2026-08-28T11:05:02.218578,70.1,cam_05,ONLINE,0.14,0,344,813,1
2026-08-28T11:05:02.218578,70.1,cam_06,ONLINE,0.28,0,203,585,1
2026-08-28T11:05:02.218578,70.1,cam_07,ONLINE,0.12,0,215,559,1
2026-08-28T11:05:02.218578,70.1,cam_08,ONLINE,0.11,0,317,753,1
2026-08-28T11:05:02.218578,70.1,cam_09,ONLINE,1.88,0,424,926,1
2026-08-28T11:05:02.218578,70.1,cam_10,ONLINE,0.62,0,397,870,1
2026-08-28T11:05:02.218578,70.1,cam_11,ONLINE,0.06,0,312,814,1
2026-08-28T11:05:02.218578,70.1,cam_12,ONLINE,0.11,0,236,622,1
2026-08-28T11:05:02.218578,70.1,cam_13,ONLINE,0.17,0,297,163,1
2026-08-28T11:05:02.218578,70.1,cam_14,ONLINE,0.22,0,191,539,1
2026-08-28T11:05:02.218578,70.1,cam_15,ONLINE,0.41,0,449,932,1
2026-08-28T11:05:12.227491,80.1,cam_01,ONLINE,0.31,0,418,991,1
2026-08-28T11:05:12.227491,80.1,cam_02,ONLINE,0.22,0,440,1000,1
2026-08-28T11:05:12.227491,80.1,cam_03,ONLINE,0.06,0,262,685,1
2026-08-28T11:05:12.227491,80.1,cam_04,ONLINE,0.14,0,287,751,1
2026-08-28T11:05:12.227491,80.1,cam_05,ONLINE,0.14,0,344,813,1
2026-08-28T11:05:12.227491,80.1,cam_06,ONLINE,0.28,0,203,585,1
2026-08-28T11:05:12.227491,80.1,cam_07,ONLINE,0.12,0,215,559,1
2026-08-28T11:05:12.227491,80.1,cam_08,ONLINE,0.11,0,317,753,1
2026-08-28T11:05:12.227491,80.1,cam_09,ONLINE,1.88,0,424,926,1
2026-08-28T11:05:12.227491,80.1,cam_10,ONLINE,0.62,0,397,870,1
2026-08-28T11:05:12.227491,80.1,cam_11,ONLINE,0.06,0,312,814,1
2026-08-28T11:05:12.227491,80.1,cam_12,ONLINE,0.11,0,236,622,1
2026-08-28T11:05:12.227491,80.1,cam_13,ONLINE,0.17,0,297,163,1
2026-08-28T11:05:12.227491,80.1,cam_14,ONLINE,0.22,0,191,539,1
2026-08-28T11:05:12.227491,80.1,cam_15,ONLINE,0.41,0,449,932,1
2026-08-28T11:05:22.234751,90.1,cam_01,ONLINE,0.31,0,418,991,1
2026-08-28T11:05:22.234751,90.1,cam_02,ONLINE,0.22,0,440,1000,1
2026-08-28T11:05:22.234751,90.1,cam_03,ONLINE,0.06,0,262,685,1
2026-08-28T11:05:22.234751,90.1,cam_04,ONLINE,0.14,0,287,751,1
2026-08-28T11:05:22.234751,90.1,cam_05,ONLINE,0.14,0,344,813,1
2026-08-28T11:05:22.234751,90.1,cam_06,ONLINE,0.28,0,203,585,1
2026-08-28T11:05:22.234751,90.1,cam_07,ONLINE,0.12,0,215,559,1
2026-08-28T11:05:22.234751,90.1,cam_08,ONLINE,0.11,0,317,753,1
2026-08-28T11:05:22.234751,90.1,cam_09,ONLINE,1.88,0,424,926,1
2026-08-28T11:05:22.234751,90.1,cam_10,ONLINE,0.62,0,397,870,1
2026-08-28T11:05:22.234751,90.1,cam_11,ONLINE,0.06,0,312,814,1
2026-08-28T11:05:22.234751,90.1,cam_12,ONLINE,0.11,0,236,622,1
2026-08-28T11:05:22.234751,90.1,cam_13,ONLINE,0.17,0,297,163,1
2026-08-28T11:05:22.234751,90.1,cam_14,ONLINE,0.22,0,191,539,1
2026-08-28T11:05:22.234751,90.1,cam_15,ONLINE,0.41,0,449,932,1
2026-08-28T11:05:32.241569,100.1,cam_01,ONLINE,0.31,0,418,991,1
2026-08-28T11:05:32.241569,100.1,cam_02,ONLINE,0.22,0,440,1000,1
2026-08-28T11:05:32.241569,100.1,cam_03,ONLINE,0.06,0,262,685,1
2026-08-28T11:05:32.241569,100.1,cam_04,ONLINE,0.14,0,287,751,1
2026-08-28T11:05:32.241569,100.1,cam_05,ONLINE,0.14,0,344,813,1
2026-08-28T11:05:32.241569,100.1,cam_06,ONLINE,0.28,0,203,585,1
2026-08-28T11:05:32.241569,100.1,cam_07,ONLINE,0.12,0,215,559,1
2026-08-28T11:05:32.241569,100.1,cam_08,ONLINE,0.11,0,317,753,1
2026-08-28T11:05:32.241569,100.1,cam_09,ONLINE,1.88,0,424,926,1
2026-08-28T11:05:32.241569,100.1,cam_10,ONLINE,0.62,0,397,870,1
2026-08-28T11:05:32.241569,100.1,cam_11,ONLINE,0.06,0,312,814,1
2026-08-28T11:05:32.241569,100.1,cam_12,ONLINE,0.11,0,236,622,1
2026-08-28T11:05:32.241569,100.1,cam_13,ONLINE,0.17,0,297,163,1
2026-08-28T11:05:32.241569,100.1,cam_14,ONLINE,0.22,0,191,539,1
2026-08-28T11:05:32.241569,100.1,cam_15,ONLINE,0.41,0,449,932,1
2026-08-28T11:05:42.248907,110.1,cam_01,ONLINE,0.31,0,418,991,1
2026-08-28T11:05:42.248907,110.1,cam_02,ONLINE,0.22,0,440,1000,1
2026-08-28T11:05:42.248907,110.1,cam_03,ONLINE,0.06,0,262,685,1
2026-08-28T11:05:42.248907,110.1,cam_04,ONLINE,0.14,0,287,751,1
2026-08-28T11:05:42.248907,110.1,cam_05,ONLINE,0.14,0,344,813,1
2026-08-28T11:05:42.248907,110.1,cam_06,ONLINE,0.28,0,203,585,1
2026-08-28T11:05:42.248907,110.1,cam_07,ONLINE,0.12,0,215,559,1
2026-08-28T11:05:42.248907,110.1,cam_08,ONLINE,0.11,0,317,753,1
2026-08-28T11:05:42.248907,110.1,cam_09,ONLINE,1.88,0,424,926,1
2026-08-28T11:05:42.248907,110.1,cam_10,ONLINE,0.62,0,397,870,1
2026-08-28T11:05:42.248907,110.1,cam_11,ONLINE,0.06,0,312,814,1
2026-08-28T11:05:42.248907,110.1,cam_12,ONLINE,0.11,0,236,622,1
2026-08-28T11:05:42.248907,110.1,cam_13,ONLINE,0.17,0,297,163,1
2026-08-28T11:05:42.248907,110.1,cam_14,ONLINE,0.22,0,191,539,1
2026-08-28T11:05:42.248907,110.1,cam_15,ONLINE,0.41,0,449,932,1
2026-08-28T11:05:52.255760,120.1,cam_01,ONLINE,0.31,0,418,991,1
2026-08-28T11:05:52.255760,120.1,cam_02,ONLINE,0.22,0,440,1000,1
2026-08-28T11:05:52.255760,120.1,cam_03,ONLINE,0.06,0,262,685,1
2026-08-28T11:05:52.255760,120.1,cam_04,ONLINE,0.14,0,287,751,1
2026-08-28T11:05:52.255760,120.1,cam_05,ONLINE,0.14,0,344,813,1
2026-08-28T11:05:52.255760,120.1,cam_06,ONLINE,0.28,0,203,585,1
2026-08-28T11:05:52.255760,120.1,cam_07,ONLINE,0.12,0,215,559,1
2026-08-28T11:05:52.255760,120.1,cam_08,ONLINE,0.11,0,317,753,1
2026-08-28T11:05:52.255760,120.1,cam_09,ONLINE,1.88,0,424,926,1
2026-08-28T11:05:52.255760,120.1,cam_10,ONLINE,0.62,0,397,870,1
2026-08-28T11:05:52.255760,120.1,cam_11,ONLINE,0.06,0,312,814,1
2026-08-28T11:05:52.255760,120.1,cam_12,ONLINE,0.11,0,236,622,1
2026-08-28T11:05:52.255760,120.1,cam_13,ONLINE,0.17,0,297,163,1
2026-08-28T11:05:52.255760,120.1,cam_14,ONLINE,0.22,0,191,539,1
2026-08-28T11:05:52.255760,120.1,cam_15,ONLINE,0.41,0,449,932,1
2026-08-28T11:06:02.265434,130.1,cam_01,ONLINE,0.31,0,418,991,1
2026-08-28T11:06:02.265434,130.1,cam_02,ONLINE,0.22,0,440,1000,1
2026-08-28T11:06:02.265434,130.1,cam_03,ONLINE,0.06,0,262,685,1
2026-08-28T11:06:02.265434,130.1,cam_04,ONLINE,0.14,0,287,751,1
2026-08-28T11:06:02.265434,130.1,cam_05,ONLINE,0.14,0,344,813,1
2026-08-28T11:06:02.265434,130.1,cam_06,ONLINE,0.28,0,203,585,1
2026-08-28T11:06:02.265434,130.1,cam_07,ONLINE,0.12,0,215,559,1
2026-08-28T11:06:02.265434,130.1,cam_08,ONLINE,0.11,0,317,753,1
2026-08-28T11:06:02.265434,130.1,cam_09,ONLINE,1.88,0,424,926,1
2026-08-28T11:06:02.265434,130.1,cam_10,ONLINE,0.62,0,397,870,1
2026-08-28T11:06:02.265434,130.1,cam_11,ONLINE,0.06,0,312,814,1
2026-08-28T11:06:02.265434,130.1,cam_12,ONLINE,0.11,0,236,622,1
2026-08-28T11:06:02.265434,130.1,cam_13,ONLINE,0.17,0,297,163,1
2026-08-28T11:06:02.265434,130.1,cam_14,ONLINE,0.22,0,191,539,1
2026-08-28T11:06:02.265434,130.1,cam_15,ONLINE,0.41,0,449,932,1
2026-08-28T11:06:12.271789,140.1,cam_01,ONLINE,0.31,0,418,991,1
2026-08-28T11:06:12.271789,140.1,cam_02,ONLINE,0.22,0,440,1000,1
2026-08-28T11:06:12.271789,140.1,cam_03,ONLINE,0.06,0,262,685,1
2026-08-28T11:06:12.271789,140.1,cam_04,ONLINE,0.14,0,287,751,1
2026-08-28T11:06:12.271789,140.1,cam_05,ONLINE,0.14,0,344,813,1
2026-08-28T11:06:12.271789,140.1,cam_06,ONLINE,0.28,0,203,585,1
2026-08-28T11:06:12.271789,140.1,cam_07,ONLINE,0.12,0,215,559,1
2026-08-28T11:06:12.271789,140.1,cam_08,ONLINE,0.11,0,317,753,1
2026-08-28T11:06:12.271789,140.1,cam_09,ONLINE,1.88,0,424,926,1
2026-08-28T11:06:12.271789,140.1,cam_10,ONLINE,0.62,0,397,870,1
2026-08-28T11:06:12.271789,140.1,cam_11,ONLINE,0.06,0,312,814,1
2026-08-28T11:06:12.271789,140.1,cam_12,ONLINE,0.11,0,236,622,1
2026-08-28T11:06:12.271789,140.1,cam_13,ONLINE,0.17,0,297,163,1
2026-08-28T11:06:12.271789,140.1,cam_14,ONLINE,0.22,0,191,539,1
2026-08-28T11:06:12.271789,140.1,cam_15,ONLINE,0.41,0,449,932,1
2026-08-28T11:06:22.278229,150.1,cam_01,ONLINE,0.31,0,418,991,1
2026-08-28T11:06:22.278229,150.1,cam_02,ONLINE,0.22,0,440,1000,1
2026-08-28T11:06:22.278229,150.1,cam_03,ONLINE,0.06,0,262,685,1
2026-08-28T11:06:22.278229,150.1,cam_04,ONLINE,0.14,0,287,751,1
2026-08-28T11:06:22.278229,150.1,cam_05,ONLINE,0.14,0,344,813,1
2026-08-28T11:06:22.278229,150.1,cam_06,ONLINE,0.28,0,203,585,1
2026-08-28T11:06:22.278229,150.1,cam_07,ONLINE,0.12,0,215,559,1
2026-08-28T11:06:22.278229,150.1,cam_08,ONLINE,0.11,0,317,753,1
2026-08-28T11:06:22.278229,150.1,cam_09,ONLINE,1.88,0,424,926,1
2026-08-28T11:06:22.278229,150.1,cam_10,ONLINE,0.62,0,397,870,1
2026-08-28T11:06:22.278229,150.1,cam_11,ONLINE,0.06,0,312,814,1
2026-08-28T11:06:22.278229,150.1,cam_12,ONLINE,0.11,0,236,622,1
2026-08-28T11:06:22.278229,150.1,cam_13,ONLINE,0.17,0,297,163,1
2026-08-28T11:06:22.278229,150.1,cam_14,ONLINE,0.22,0,191,539,1
2026-08-28T11:06:22.278229,150.1,cam_15,ONLINE,0.41,0,449,932,1
2026-08-28T11:06:32.284813,160.1,cam_01,ONLINE,0.31,0,418,991,1
2026-08-28T11:06:32.284813,160.1,cam_02,ONLINE,0.22,0,440,1000,1
2026-08-28T11:06:32.284813,160.1,cam_03,ONLINE,0.06,0,262,685,1
2026-08-28T11:06:32.284813,160.1,cam_04,ONLINE,0.14,0,287,751,1
2026-08-28T11:06:32.284813,160.1,cam_05,ONLINE,0.14,0,344,813,1
2026-08-28T11:06:32.284813,160.1,cam_06,ONLINE,0.28,0,203,585,1
2026-08-28T11:06:32.284813,160.1,cam_07,ONLINE,0.12,0,215,559,1
2026-08-28T11:06:32.284813,160.1,cam_08,ONLINE,0.11,0,317,753,1
2026-08-28T11:06:32.284813,160.1,cam_09,ONLINE,1.88,0,424,926,1
2026-08-28T11:06:32.284813,160.1,cam_10,ONLINE,0.62,0,397,870,1
2026-08-28T11:06:32.284813,160.1,cam_11,ONLINE,0.06,0,312,814,1
2026-08-28T11:06:32.284813,160.1,cam_12,ONLINE,0.11,0,236,622,1
2026-08-28T11:06:32.284813,160.1,cam_13,ONLINE,0.17,0,297,163,1
2026-08-28T11:06:32.284813,160.1,cam_14,ONLINE,0.22,0,191,539,1
2026-08-28T11:06:32.284813,160.1,cam_15,ONLINE,0.41,0,449,932,1
2026-08-28T11:06:42.292971,170.1,cam_01,ONLINE,0.31,0,418,991,1
2026-08-28T11:06:42.292971,170.1,cam_02,ONLINE,0.22,0,440,1000,1
2026-08-28T11:06:42.292971,170.1,cam_03,ONLINE,0.06,0,262,685,1
2026-08-28T11:06:42.292971,170.1,cam_04,ONLINE,0.14,0,287,751,1
2026-08-28T11:06:42.292971,170.1,cam_05,ONLINE,0.14,0,344,813,1
2026-08-28T11:06:42.292971,170.1,cam_06,ONLINE,0.28,0,203,585,1
2026-08-28T11:06:42.292971,170.1,cam_07,ONLINE,0.12,0,215,559,1
2026-08-28T11:06:42.292971,170.1,cam_08,ONLINE,0.11,0,317,753,1
2026-08-28T11:06:42.292971,170.1,cam_09,ONLINE,1.88,0,424,926,1
2026-08-28T11:06:42.292971,170.1,cam_10,ONLINE,0.62,0,397,870,1
2026-08-28T11:06:42.292971,170.1,cam_11,ONLINE,0.06,0,312,814,1
2026-08-28T11:06:42.292971,170.1,cam_12,ONLINE,0.11,0,236,622,1
2026-08-28T11:06:42.292971,170.1,cam_13,ONLINE,0.17,0,297,163,1
2026-08-28T11:06:42.292971,170.1,cam_14,ONLINE,0.22,0,191,539,1
2026-08-28T11:06:42.292971,170.1,cam_15,ONLINE,0.41,0,449,932,1
2026-08-28T11:06:52.300786,180.2,cam_01,ONLINE,0.31,0,418,991,1
2026-08-28T11:06:52.300786,180.2,cam_02,ONLINE,0.22,0,440,1000,1
2026-08-28T11:06:52.300786,180.2,cam_03,ONLINE,0.06,0,262,685,1
2026-08-28T11:06:52.300786,180.2,cam_04,ONLINE,0.14,0,287,751,1
2026-08-28T11:06:52.300786,180.2,cam_05,ONLINE,0.14,0,344,813,1
2026-08-28T11:06:52.300786,180.2,cam_06,ONLINE,0.28,0,203,585,1
2026-08-28T11:06:52.300786,180.2,cam_07,ONLINE,0.12,0,215,559,1
2026-08-28T11:06:52.300786,180.2,cam_08,ONLINE,0.11,0,317,753,1
2026-08-28T11:06:52.300786,180.2,cam_09,ONLINE,1.88,0,424,926,1
2026-08-28T11:06:52.300786,180.2,cam_10,ONLINE,0.62,0,397,870,1
2026-08-28T11:06:52.300786,180.2,cam_11,ONLINE,0.06,0,312,814,1
2026-08-28T11:06:52.300786,180.2,cam_12,ONLINE,0.11,0,236,622,1
2026-08-28T11:06:52.300786,180.2,cam_13,ONLINE,0.17,0,297,163,1
2026-08-28T11:06:52.300786,180.2,cam_14,ONLINE,0.22,0,191,539,1
2026-08-28T11:06:52.300786,180.2,cam_15,ONLINE,0.41,0,449,932,1
2026-08-28T11:07:02.313649,190.2,cam_01,ONLINE,0.31,0,418,991,1
2026-08-28T11:07:02.313649,190.2,cam_02,ONLINE,0.22,0,440,1000,1
2026-08-28T11:07:02.313649,190.2,cam_03,ONLINE,0.06,0,262,685,1
2026-08-28T11:07:02.313649,190.2,cam_04,ONLINE,0.14,0,287,751,1
2026-08-28T11:07:02.313649,190.2,cam_05,ONLINE,0.14,0,344,813,1
2026-08-28T11:07:02.313649,190.2,cam_06,ONLINE,0.28,0,203,585,1
2026-08-28T11:07:02.313649,190.2,cam_07,ONLINE,0.12,0,215,559,1
2026-08-28T11:07:02.313649,190.2,cam_08,ONLINE,0.11,0,317,753,1
2026-08-28T11:07:02.313649,190.2,cam_09,ONLINE,1.88,0,424,926,1
2026-08-28T11:07:02.313649,190.2,cam_10,ONLINE,0.62,0,397,870,1
2026-08-28T11:07:02.313649,190.2,cam_11,ONLINE,0.06,0,312,814,1
2026-08-28T11:07:02.313649,190.2,cam_12,ONLINE,0.11,0,236,622,1
2026-08-28T11:07:02.313649,190.2,cam_13,ONLINE,0.17,0,297,163,1
2026-08-28T11:07:02.313649,190.2,cam_14,ONLINE,0.22,0,191,539,1
2026-08-28T11:07:02.313649,190.2,cam_15,ONLINE,0.41,0,449,932,1
2026-08-28T11:07:12.320715,200.2,cam_01,ONLINE,0.31,0,418,991,1
2026-08-28T11:07:12.320715,200.2,cam_02,ONLINE,0.22,0,440,1000,1
2026-08-28T11:07:12.320715,200.2,cam_03,ONLINE,0.06,0,262,685,1
2026-08-28T11:07:12.320715,200.2,cam_04,ONLINE,0.14,0,287,751,1
2026-08-28T11:07:12.320715,200.2,cam_05,ONLINE,0.14,0,344,813,1
2026-08-28T11:07:12.320715,200.2,cam_06,ONLINE,0.28,0,203,585,1
2026-08-28T11:07:12.320715,200.2,cam_07,ONLINE,0.12,0,215,559,1
2026-08-28T11:07:12.320715,200.2,cam_08,ONLINE,0.11,0,317,753,1
2026-08-28T11:07:12.320715,200.2,cam_09,ONLINE,1.88,0,424,926,1
2026-08-28T11:07:12.320715,200.2,cam_10,ONLINE,0.62,0,397,870,1
2026-08-28T11:07:12.320715,200.2,cam_11,ONLINE,0.06,0,312,814,1
2026-08-28T11:07:12.320715,200.2,cam_12,ONLINE,0.11,0,236,622,1
2026-08-28T11:07:12.320715,200.2,cam_13,ONLINE,0.17,0,297,163,1
2026-08-28T11:07:12.320715,200.2,cam_14,ONLINE,0.22,0,191,539,1
2026-08-28T11:07:12.320715,200.2,cam_15,ONLINE,0.41,0,449,932,1
2026-08-28T11:07:22.326971,210.2,cam_01,ONLINE,0.31,0,418,991,1
2026-08-28T11:07:22.326971,210.2,cam_02,ONLINE,0.22,0,440,1000,1
2026-08-28T11:07:22.326971,210.2,cam_03,ONLINE,0.06,0,262,685,1
2026-08-28T11:07:22.326971,210.2,cam_04,ONLINE,0.14,0,287,751,1
2026-08-28T11:07:22.326971,210.2,cam_05,ONLINE,0.14,0,344,813,1
2026-08-28T11:07:22.326971,210.2,cam_06,ONLINE,0.28,0,203,585,1
2026-08-28T11:07:22.326971,210.2,cam_07,ONLINE,0.12,0,215,559,1
2026-08-28T11:07:22.326971,210.2,cam_08,ONLINE,0.11,0,317,753,1
2026-08-28T11:07:22.326971,210.2,cam_09,ONLINE,1.88,0,424,926,1
2026-08-28T11:07:22.326971,210.2,cam_10,ONLINE,0.62,0,397,870,1
2026-08-28T11:07:22.326971,210.2,cam_11,ONLINE,0.06,0,312,814,1
2026-08-28T11:07:22.326971,210.2,cam_12,ONLINE,0.11,0,236,622,1
2026-08-28T11:07:22.326971,210.2,cam_13,ONLINE,0.17,0,297,163,1
2026-08-28T11:07:22.326971,210.2,cam_14,ONLINE,0.22,0,191,539,1
2026-08-28T11:07:22.326971,210.2,cam_15,ONLINE,0.41,0,449,932,1
2026-08-28T11:07:32.336042,220.2,cam_01,ONLINE,0.31,0,418,991,1
2026-08-28T11:07:32.336042,220.2,cam_02,ONLINE,0.22,0,440,1000,1
2026-08-28T11:07:32.336042,220.2,cam_03,ONLINE,0.06,0,262,685,1
2026-08-28T11:07:32.336042,220.2,cam_04,ONLINE,0.14,0,287,751,1
2026-08-28T11:07:32.336042,220.2,cam_05,ONLINE,0.14,0,344,813,1
2026-08-28T11:07:32.336042,220.2,cam_06,ONLINE,0.28,0,203,585,1
2026-08-28T11:07:32.336042,220.2,cam_07,ONLINE,0.12,0,215,559,1
2026-08-28T11:07:32.336042,220.2,cam_08,ONLINE,0.11,0,317,753,1
2026-08-28T11:07:32.336042,220.2,cam_09,ONLINE,1.88,0,424,926,1
2026-08-28T11:07:32.336042,220.2,cam_10,ONLINE,0.62,0,397,870,1
2026-08-28T11:07:32.336042,220.2,cam_11,ONLINE,0.06,0,312,814,1
2026-08-28T11:07:32.336042,220.2,cam_12,ONLINE,0.11,0,236,622,1
2026-08-28T11:07:32.336042,220.2,cam_13,ONLINE,0.17,0,297,163,1
2026-08-28T11:07:32.336042,220.2,cam_14,ONLINE,0.22,0,191,539,1
2026-08-28T11:07:32.336042,220.2,cam_15,ONLINE,0.41,0,449,932,1
2026-08-28T11:07:42.343611,230.2,cam_01,ONLINE,0.31,0,418,991,1
2026-08-28T11:07:42.343611,230.2,cam_02,ONLINE,0.22,0,440,1000,1
2026-08-28T11:07:42.343611,230.2,cam_03,ONLINE,0.06,0,262,685,1
2026-08-28T11:07:42.343611,230.2,cam_04,ONLINE,0.14,0,287,751,1
2026-08-28T11:07:42.343611,230.2,cam_05,ONLINE,0.14,0,344,813,1
2026-08-28T11:07:42.343611,230.2,cam_06,ONLINE,0.28,0,203,585,1
2026-08-28T11:07:42.343611,230.2,cam_07,ONLINE,0.12,0,215,559,1
2026-08-28T11:07:42.343611,230.2,cam_08,ONLINE,0.11,0,317,753,1
2026-08-28T11:07:42.343611,230.2,cam_09,ONLINE,1.88,0,424,926,1
2026-08-28T11:07:42.343611,230.2,cam_10,ONLINE,0.62,0,397,870,1
2026-08-28T11:07:42.343611,230.2,cam_11,ONLINE,0.06,0,312,814,1
2026-08-28T11:07:42.343611,230.2,cam_12,ONLINE,0.11,0,236,622,1
2026-08-28T11:07:42.343611,230.2,cam_13,ONLINE,0.17,0,297,163,1
2026-08-28T11:07:42.343611,230.2,cam_14,ONLINE,0.22,0,191,539,1
2026-08-28T11:07:42.343611,230.2,cam_15,ONLINE,0.41,0,449,932,1
2026-08-28T11:07:52.350027,240.2,cam_01,ONLINE,0.31,0,418,991,1
2026-08-28T11:07:52.350027,240.2,cam_02,ONLINE,0.22,0,440,1000,1
2026-08-28T11:07:52.350027,240.2,cam_03,ONLINE,0.06,0,262,685,1
2026-08-28T11:07:52.350027,240.2,cam_04,ONLINE,0.14,0,287,751,1
2026-08-28T11:07:52.350027,240.2,cam_05,ONLINE,0.14,0,344,813,1
2026-08-28T11:07:52.350027,240.2,cam_06,ONLINE,0.28,0,203,585,1
2026-08-28T11:07:52.350027,240.2,cam_07,ONLINE,0.12,0,215,559,1
2026-08-28T11:07:52.350027,240.2,cam_08,ONLINE,0.11,0,317,753,1
2026-08-28T11:07:52.350027,240.2,cam_09,ONLINE,1.88,0,424,926,1
2026-08-28T11:07:52.350027,240.2,cam_10,ONLINE,0.62,0,397,870,1
2026-08-28T11:07:52.350027,240.2,cam_11,ONLINE,0.06,0,312,814,1
2026-08-28T11:07:52.350027,240.2,cam_12,ONLINE,0.11,0,236,622,1
2026-08-28T11:07:52.350027,240.2,cam_13,ONLINE,0.17,0,297,163,1
2026-08-28T11:07:52.350027,240.2,cam_14,ONLINE,0.22,0,191,539,1
2026-08-28T11:07:52.350027,240.2,cam_15,ONLINE,0.41,0,449,932,1
2026-08-28T11:08:02.357790,250.2,cam_01,ONLINE,0.31,0,418,991,1
2026-08-28T11:08:02.357790,250.2,cam_02,ONLINE,0.22,0,440,1000,1
2026-08-28T11:08:02.357790,250.2,cam_03,ONLINE,0.06,0,262,685,1
2026-08-28T11:08:02.357790,250.2,cam_04,ONLINE,0.14,0,287,751,1
2026-08-28T11:08:02.357790,250.2,cam_05,ONLINE,0.14,0,344,813,1
2026-08-28T11:08:02.357790,250.2,cam_06,ONLINE,0.28,0,203,585,1
2026-08-28T11:08:02.357790,250.2,cam_07,ONLINE,0.12,0,215,559,1
2026-08-28T11:08:02.357790,250.2,cam_08,ONLINE,0.11,0,317,753,1
2026-08-28T11:08:02.357790,250.2,cam_09,ONLINE,1.88,0,424,926,1
2026-08-28T11:08:02.357790,250.2,cam_10,ONLINE,0.62,0,397,870,1
2026-08-28T11:08:02.357790,250.2,cam_11,ONLINE,0.06,0,312,814,1
2026-08-28T11:08:02.357790,250.2,cam_12,ONLINE,0.11,0,236,622,1
2026-08-28T11:08:02.357790,250.2,cam_13,ONLINE,0.17,0,297,163,1
2026-08-28T11:08:02.357790,250.2,cam_14,ONLINE,0.22,0,191,539,1
2026-08-28T11:08:02.357790,250.2,cam_15,ONLINE,0.41,0,449,932,1
2026-08-28T11:08:12.361715,260.2,cam_01,ONLINE,0.31,0,418,991,1
2026-08-28T11:08:12.361715,260.2,cam_02,ONLINE,0.22,0,440,1000,1
2026-08-28T11:08:12.361715,260.2,cam_03,ONLINE,0.06,0,262,685,1
2026-08-28T11:08:12.361715,260.2,cam_04,ONLINE,0.14,0,287,751,1
2026-08-28T11:08:12.361715,260.2,cam_05,ONLINE,0.14,0,344,813,1
2026-08-28T11:08:12.361715,260.2,cam_06,ONLINE,0.28,0,203,585,1
2026-08-28T11:08:12.361715,260.2,cam_07,ONLINE,0.12,0,215,559,1
2026-08-28T11:08:12.361715,260.2,cam_08,ONLINE,0.11,0,317,753,1
2026-08-28T11:08:12.361715,260.2,cam_09,ONLINE,1.88,0,424,926,1
2026-08-28T11:08:12.361715,260.2,cam_10,ONLINE,0.62,0,397,870,1
2026-08-28T11:08:12.361715,260.2,cam_11,ONLINE,0.06,0,312,814,1
2026-08-28T11:08:12.361715,260.2,cam_12,ONLINE,0.11,0,236,622,1
2026-08-28T11:08:12.361715,260.2,cam_13,ONLINE,0.17,0,297,163,1
2026-08-28T11:08:12.361715,260.2,cam_14,ONLINE,0.22,0,191,539,1
2026-08-28T11:08:12.361715,260.2,cam_15,ONLINE,0.41,0,449,932,1
2026-08-28T11:08:22.372707,270.2,cam_01,ONLINE,0.31,0,418,991,1
2026-08-28T11:08:22.372707,270.2,cam_02,ONLINE,0.22,0,440,1000,1
2026-08-28T11:08:22.372707,270.2,cam_03,ONLINE,0.06,0,262,685,1
2026-08-28T11:08:22.372707,270.2,cam_04,ONLINE,0.14,0,287,751,1
2026-08-28T11:08:22.372707,270.2,cam_05,ONLINE,0.14,0,344,813,1
2026-08-28T11:08:22.372707,270.2,cam_06,ONLINE,0.28,0,203,585,1
2026-08-28T11:08:22.372707,270.2,cam_07,ONLINE,0.12,0,215,559,1
2026-08-28T11:08:22.372707,270.2,cam_08,ONLINE,0.11,0,317,753,1
2026-08-28T11:08:22.372707,270.2,cam_09,ONLINE,1.88,0,424,926,1
2026-08-28T11:08:22.372707,270.2,cam_10,ONLINE,0.62,0,397,870,1
2026-08-28T11:08:22.372707,270.2,cam_11,ONLINE,0.06,0,312,814,1
2026-08-28T11:08:22.372707,270.2,cam_12,ONLINE,0.11,0,236,622,1
2026-08-28T11:08:22.372707,270.2,cam_13,ONLINE,0.17,0,297,163,1
2026-08-28T11:08:22.372707,270.2,cam_14,ONLINE,0.22,0,191,539,1
2026-08-28T11:08:22.372707,270.2,cam_15,ONLINE,0.41,0,449,932,1
2026-08-28T11:08:32.378908,280.2,cam_01,ONLINE,0.31,0,418,991,1
2026-08-28T11:08:32.378908,280.2,cam_02,ONLINE,0.22,0,440,1000,1
2026-08-28T11:08:32.378908,280.2,cam_03,ONLINE,0.06,0,262,685,1
2026-08-28T11:08:32.378908,280.2,cam_04,ONLINE,0.14,0,287,751,1
2026-08-28T11:08:32.378908,280.2,cam_05,ONLINE,0.14,0,344,813,1
2026-08-28T11:08:32.378908,280.2,cam_06,ONLINE,0.28,0,203,585,1
2026-08-28T11:08:32.378908,280.2,cam_07,ONLINE,0.12,0,215,559,1
2026-08-28T11:08:32.378908,280.2,cam_08,ONLINE,0.11,0,317,753,1
2026-08-28T11:08:32.378908,280.2,cam_09,ONLINE,1.88,0,424,926,1
2026-08-28T11:08:32.378908,280.2,cam_10,ONLINE,0.62,0,397,870,1
2026-08-28T11:08:32.378908,280.2,cam_11,ONLINE,0.06,0,312,814,1
2026-08-28T11:08:32.378908,280.2,cam_12,ONLINE,0.11,0,236,622,1
2026-08-28T11:08:32.378908,280.2,cam_13,ONLINE,0.17,0,297,163,1
2026-08-28T11:08:32.378908,280.2,cam_14,ONLINE,0.22,0,191,539,1
2026-08-28T11:08:32.378908,280.2,cam_15,ONLINE,0.41,0,449,932,1
2026-08-28T11:08:42.384527,290.2,cam_01,ONLINE,0.31,0,418,991,1
2026-08-28T11:08:42.384527,290.2,cam_02,ONLINE,0.22,0,440,1000,1
2026-08-28T11:08:42.384527,290.2,cam_03,ONLINE,0.06,0,262,685,1
2026-08-28T11:08:42.384527,290.2,cam_04,ONLINE,0.14,0,287,751,1
2026-08-28T11:08:42.384527,290.2,cam_05,ONLINE,0.14,0,344,813,1
2026-08-28T11:08:42.384527,290.2,cam_06,ONLINE,0.28,0,203,585,1
2026-08-28T11:08:42.384527,290.2,cam_07,ONLINE,0.12,0,215,559,1
2026-08-28T11:08:42.384527,290.2,cam_08,ONLINE,0.11,0,317,753,1
2026-08-28T11:08:42.384527,290.2,cam_09,ONLINE,1.88,0,424,926,1
2026-08-28T11:08:42.384527,290.2,cam_10,ONLINE,0.62,0,397,870,1
2026-08-28T11:08:42.384527,290.2,cam_11,ONLINE,0.06,0,312,814,1
2026-08-28T11:08:42.384527,290.2,cam_12,ONLINE,0.11,0,236,622,1
2026-08-28T11:08:42.384527,290.2,cam_13,ONLINE,0.17,0,297,163,1
2026-08-28T11:08:42.384527,290.2,cam_14,ONLINE,0.22,0,191,539,1
2026-08-28T11:08:42.384527,290.2,cam_15,ONLINE,0.41,0,449,932,1
2026-08-28T11:08:52.390220,300.2,cam_01,ONLINE,0.31,0,418,991,1
2026-08-28T11:08:52.390220,300.2,cam_02,ONLINE,0.22,0,440,1000,1
2026-08-28T11:08:52.390220,300.2,cam_03,ONLINE,0.06,0,262,685,1
2026-08-28T11:08:52.390220,300.2,cam_04,ONLINE,0.14,0,287,751,1
2026-08-28T11:08:52.390220,300.2,cam_05,ONLINE,0.14,0,344,813,1
2026-08-28T11:08:52.390220,300.2,cam_06,ONLINE,0.28,0,203,585,1
2026-08-28T11:08:52.390220,300.2,cam_07,ONLINE,0.12,0,215,559,1
2026-08-28T11:08:52.390220,300.2,cam_08,ONLINE,0.11,0,317,753,1
2026-08-28T11:08:52.390220,300.2,cam_09,ONLINE,1.88,0,424,926,1
2026-08-28T11:08:52.390220,300.2,cam_10,ONLINE,0.62,0,397,870,1
2026-08-28T11:08:52.390220,300.2,cam_11,ONLINE,0.06,0,312,814,1
2026-08-28T11:08:52.390220,300.2,cam_12,ONLINE,0.11,0,236,622,1
2026-08-28T11:08:52.390220,300.2,cam_13,ONLINE,0.17,0,297,163,1
2026-08-28T11:08:52.390220,300.2,cam_14,ONLINE,0.22,0,191,539,1
2026-08-28T11:08:52.390220,300.2,cam_15,ONLINE,0.41,0,449,932,1
2026-08-28T11:09:02.396807,310.2,cam_01,ONLINE,0.31,0,418,991,1
2026-08-28T11:09:02.396807,310.2,cam_02,ONLINE,0.22,0,440,1000,1
2026-08-28T11:09:02.396807,310.2,cam_03,ONLINE,0.06,0,262,685,1
2026-08-28T11:09:02.396807,310.2,cam_04,ONLINE,0.14,0,287,751,1
2026-08-28T11:09:02.396807,310.2,cam_05,ONLINE,0.14,0,344,813,1
2026-08-28T11:09:02.396807,310.2,cam_06,ONLINE,0.28,0,203,585,1
2026-08-28T11:09:02.396807,310.2,cam_07,ONLINE,0.12,0,215,559,1
2026-08-28T11:09:02.396807,310.2,cam_08,ONLINE,0.11,0,317,753,1
2026-08-28T11:09:02.396807,310.2,cam_09,ONLINE,1.88,0,424,926,1
2026-08-28T11:09:02.396807,310.2,cam_10,ONLINE,0.62,0,397,870,1
2026-08-28T11:09:02.396807,310.2,cam_11,ONLINE,0.06,0,312,814,1
2026-08-28T11:09:02.396807,310.2,cam_12,ONLINE,0.11,0,236,622,1
2026-08-28T11:09:02.396807,310.2,cam_13,ONLINE,0.17,0,297,163,1
2026-08-28T11:09:02.396807,310.2,cam_14,ONLINE,0.22,0,191,539,1
2026-08-28T11:09:02.396807,310.2,cam_15,ONLINE,0.41,0,449,932,1
2026-08-28T11:09:12.403029,320.2,cam_01,ONLINE,0.31,0,418,991,1
2026-08-28T11:09:12.403029,320.2,cam_02,ONLINE,0.22,0,440,1000,1
2026-08-28T11:09:12.403029,320.2,cam_03,ONLINE,0.06,0,262,685,1
2026-08-28T11:09:12.403029,320.2,cam_04,ONLINE,0.14,0,287,751,1
2026-08-28T11:09:12.403029,320.2,cam_05,ONLINE,0.14,0,344,813,1
2026-08-28T11:09:12.403029,320.2,cam_06,ONLINE,0.28,0,203,585,1
2026-08-28T11:09:12.403029,320.2,cam_07,ONLINE,0.12,0,215,559,1
2026-08-28T11:09:12.403029,320.2,cam_08,ONLINE,0.11,0,317,753,1
2026-08-28T11:09:12.403029,320.2,cam_09,ONLINE,1.88,0,424,926,1
2026-08-28T11:09:12.403029,320.2,cam_10,ONLINE,0.62,0,397,870,1
2026-08-28T11:09:12.403029,320.2,cam_11,ONLINE,0.06,0,312,814,1
2026-08-28T11:09:12.403029,320.2,cam_12,ONLINE,0.11,0,236,622,1
2026-08-28T11:09:12.403029,320.2,cam_13,ONLINE,0.17,0,297,163,1
2026-08-28T11:09:12.403029,320.2,cam_14,ONLINE,0.22,0,191,539,1
2026-08-28T11:09:12.403029,320.2,cam_15,ONLINE,0.41,0,449,932,1
2026-08-28T11:09:22.407846,330.3,cam_01,ONLINE,0.31,0,418,991,1
2026-08-28T11:09:22.407846,330.3,cam_02,ONLINE,0.22,0,440,1000,1
2026-08-28T11:09:22.407846,330.3,cam_03,ONLINE,0.06,0,262,685,1
2026-08-28T11:09:22.407846,330.3,cam_04,ONLINE,0.14,0,287,751,1
2026-08-28T11:09:22.407846,330.3,cam_05,ONLINE,0.14,0,344,813,1
2026-08-28T11:09:22.407846,330.3,cam_06,ONLINE,0.28,0,203,585,1
2026-08-28T11:09:22.407846,330.3,cam_07,ONLINE,0.12,0,215,559,1
2026-08-28T11:09:22.407846,330.3,cam_08,ONLINE,0.11,0,317,753,1
2026-08-28T11:09:22.407846,330.3,cam_09,ONLINE,1.88,0,424,926,1
2026-08-28T11:09:22.407846,330.3,cam_10,ONLINE,0.62,0,397,870,1
2026-08-28T11:09:22.407846,330.3,cam_11,ONLINE,0.06,0,312,814,1
2026-08-28T11:09:22.407846,330.3,cam_12,ONLINE,0.11,0,236,622,1
2026-08-28T11:09:22.407846,330.3,cam_13,ONLINE,0.17,0,297,163,1
2026-08-28T11:09:22.407846,330.3,cam_14,ONLINE,0.22,0,191,539,1
2026-08-28T11:09:22.407846,330.3,cam_15,ONLINE,0.41,0,449,932,1
2026-08-28T11:09:32.414089,340.3,cam_01,ONLINE,0.31,0,418,991,1
2026-08-28T11:09:32.414089,340.3,cam_02,ONLINE,0.22,0,440,1000,1
2026-08-28T11:09:32.414089,340.3,cam_03,ONLINE,0.06,0,262,685,1
2026-08-28T11:09:32.414089,340.3,cam_04,ONLINE,0.14,0,287,751,1
2026-08-28T11:09:32.414089,340.3,cam_05,ONLINE,0.14,0,344,813,1
2026-08-28T11:09:32.414089,340.3,cam_06,ONLINE,0.28,0,203,585,1
2026-08-28T11:09:32.414089,340.3,cam_07,ONLINE,0.12,0,215,559,1
2026-08-28T11:09:32.414089,340.3,cam_08,ONLINE,0.11,0,317,753,1
2026-08-28T11:09:32.414089,340.3,cam_09,ONLINE,1.88,0,424,926,1
2026-08-28T11:09:32.414089,340.3,cam_10,ONLINE,0.62,0,397,870,1
2026-08-28T11:09:32.414089,340.3,cam_11,ONLINE,0.06,0,312,814,1
2026-08-28T11:09:32.414089,340.3,cam_12,ONLINE,0.11,0,236,622,1
2026-08-28T11:09:32.414089,340.3,cam_13,ONLINE,0.17,0,297,163,1
2026-08-28T11:09:32.414089,340.3,cam_14,ONLINE,0.22,0,191,539,1
2026-08-28T11:09:32.414089,340.3,cam_15,ONLINE,0.41,0,449,932,1
2026-08-28T11:09:42.420384,350.3,cam_01,ONLINE,0.31,0,418,991,1
2026-08-28T11:09:42.420384,350.3,cam_02,ONLINE,0.22,0,440,1000,1
2026-08-28T11:09:42.420384,350.3,cam_03,ONLINE,0.06,0,262,685,1
2026-08-28T11:09:42.420384,350.3,cam_04,ONLINE,0.14,0,287,751,1
2026-08-28T11:09:42.420384,350.3,cam_05,ONLINE,0.14,0,344,813,1
2026-08-28T11:09:42.420384,350.3,cam_06,ONLINE,0.28,0,203,585,1
2026-08-28T11:09:42.420384,350.3,cam_07,ONLINE,0.12,0,215,559,1
2026-08-28T11:09:42.420384,350.3,cam_08,ONLINE,0.11,0,317,753,1
2026-08-28T11:09:42.420384,350.3,cam_09,ONLINE,1.88,0,424,926,1
2026-08-28T11:09:42.420384,350.3,cam_10,ONLINE,0.62,0,397,870,1
2026-08-28T11:09:42.420384,350.3,cam_11,ONLINE,0.06,0,312,814,1
2026-08-28T11:09:42.420384,350.3,cam_12,ONLINE,0.11,0,236,622,1
2026-08-28T11:09:42.420384,350.3,cam_13,ONLINE,0.17,0,297,163,1
2026-08-28T11:09:42.420384,350.3,cam_14,ONLINE,0.22,0,191,539,1
2026-08-28T11:09:42.420384,350.3,cam_15,ONLINE,0.41,0,449,932,1
2026-08-28T11:09:52.428536,360.3,cam_01,ONLINE,0.31,0,418,991,1
2026-08-28T11:09:52.428536,360.3,cam_02,ONLINE,0.22,0,440,1000,1
2026-08-28T11:09:52.428536,360.3,cam_03,ONLINE,0.06,0,262,685,1
2026-08-28T11:09:52.428536,360.3,cam_04,ONLINE,0.14,0,287,751,1
2026-08-28T11:09:52.428536,360.3,cam_05,ONLINE,0.14,0,344,813,1
2026-08-28T11:09:52.428536,360.3,cam_06,ONLINE,0.28,0,203,585,1
2026-08-28T11:09:52.428536,360.3,cam_07,ONLINE,0.12,0,215,559,1
2026-08-28T11:09:52.428536,360.3,cam_08,ONLINE,0.11,0,317,753,1
2026-08-28T11:09:52.428536,360.3,cam_09,ONLINE,1.88,0,424,926,1
2026-08-28T11:09:52.428536,360.3,cam_10,ONLINE,0.62,0,397,870,1
2026-08-28T11:09:52.428536,360.3,cam_11,ONLINE,0.06,0,312,814,1
2026-08-28T11:09:52.428536,360.3,cam_12,ONLINE,0.11,0,236,622,1
2026-08-28T11:09:52.428536,360.3,cam_13,ONLINE,0.17,0,297,163,1
2026-08-28T11:09:52.428536,360.3,cam_14,ONLINE,0.22,0,191,539,1
2026-08-28T11:09:52.428536,360.3,cam_15,ONLINE,0.41,0,449,932,1
2026-08-28T11:10:02.440710,370.3,cam_01,ONLINE,0.31,0,418,991,1
2026-08-28T11:10:02.440710,370.3,cam_02,ONLINE,0.22,0,440,1000,1
2026-08-28T11:10:02.440710,370.3,cam_03,ONLINE,0.06,0,262,685,1
2026-08-28T11:10:02.440710,370.3,cam_04,ONLINE,0.14,0,287,751,1
2026-08-28T11:10:02.440710,370.3,cam_05,ONLINE,0.14,0,344,813,1
2026-08-28T11:10:02.440710,370.3,cam_06,ONLINE,0.28,0,203,585,1
2026-08-28T11:10:02.440710,370.3,cam_07,ONLINE,0.12,0,215,559,1
2026-08-28T11:10:02.440710,370.3,cam_08,ONLINE,0.11,0,317,753,1
2026-08-28T11:10:02.440710,370.3,cam_09,ONLINE,1.88,0,424,926,1
2026-08-28T11:10:02.440710,370.3,cam_10,ONLINE,0.62,0,397,870,1
2026-08-28T11:10:02.440710,370.3,cam_11,ONLINE,0.06,0,312,814,1
2026-08-28T11:10:02.440710,370.3,cam_12,ONLINE,0.11,0,236,622,1
2026-08-28T11:10:02.440710,370.3,cam_13,ONLINE,0.17,0,297,163,1
2026-08-28T11:10:02.440710,370.3,cam_14,ONLINE,0.22,0,191,539,1
2026-08-28T11:10:02.440710,370.3,cam_15,ONLINE,0.41,0,449,932,1
2026-08-28T11:10:12.445004,380.3,cam_01,ONLINE,0.31,0,418,991,1
2026-08-28T11:10:12.445004,380.3,cam_02,ONLINE,0.22,0,440,1000,1
2026-08-28T11:10:12.445004,380.3,cam_03,ONLINE,0.06,0,262,685,1
2026-08-28T11:10:12.445004,380.3,cam_04,ONLINE,0.14,0,287,751,1
2026-08-28T11:10:12.445004,380.3,cam_05,ONLINE,0.14,0,344,813,1
2026-08-28T11:10:12.445004,380.3,cam_06,ONLINE,0.28,0,203,585,1
2026-08-28T11:10:12.445004,380.3,cam_07,ONLINE,0.12,0,215,559,1
2026-08-28T11:10:12.445004,380.3,cam_08,ONLINE,0.11,0,317,753,1
2026-08-28T11:10:12.445004,380.3,cam_09,ONLINE,1.88,0,424,926,1
2026-08-28T11:10:12.445004,380.3,cam_10,ONLINE,0.62,0,397,870,1
2026-08-28T11:10:12.445004,380.3,cam_11,ONLINE,0.06,0,312,814,1
2026-08-28T11:10:12.445004,380.3,cam_12,ONLINE,0.11,0,236,622,1
2026-08-28T11:10:12.445004,380.3,cam_13,ONLINE,0.17,0,297,163,1
2026-08-28T11:10:12.445004,380.3,cam_14,ONLINE,0.22,0,191,539,1
2026-08-28T11:10:12.445004,380.3,cam_15,ONLINE,0.41,0,449,932,1
2026-08-28T11:10:22.454949,390.3,cam_01,ONLINE,0.31,0,418,991,1
2026-08-28T11:10:22.454949,390.3,cam_02,ONLINE,0.22,0,440,1000,1
2026-08-28T11:10:22.454949,390.3,cam_03,ONLINE,0.06,0,262,685,1
2026-08-28T11:10:22.454949,390.3,cam_04,ONLINE,0.14,0,287,751,1
2026-08-28T11:10:22.454949,390.3,cam_05,ONLINE,0.14,0,344,813,1
2026-08-28T11:10:22.454949,390.3,cam_06,ONLINE,0.28,0,203,585,1
2026-08-28T11:10:22.454949,390.3,cam_07,ONLINE,0.12,0,215,559,1
2026-08-28T11:10:22.454949,390.3,cam_08,ONLINE,0.11,0,317,753,1
2026-08-28T11:10:22.454949,390.3,cam_09,ONLINE,1.88,0,424,926,1
2026-08-28T11:10:22.454949,390.3,cam_10,ONLINE,0.62,0,397,870,1
2026-08-28T11:10:22.454949,390.3,cam_11,ONLINE,0.06,0,312,814,1
2026-08-28T11:10:22.454949,390.3,cam_12,ONLINE,0.11,0,236,622,1
2026-08-28T11:10:22.454949,390.3,cam_13,ONLINE,0.17,0,297,163,1
2026-08-28T11:10:22.454949,390.3,cam_14,ONLINE,0.22,0,191,539,1
2026-08-28T11:10:22.454949,390.3,cam_15,ONLINE,0.41,0,449,932,1
2026-08-28T11:10:32.462463,400.3,cam_01,ONLINE,0.31,0,418,991,1
2026-08-28T11:10:32.462463,400.3,cam_02,ONLINE,0.22,0,440,1000,1
2026-08-28T11:10:32.462463,400.3,cam_03,ONLINE,0.06,0,262,685,1
2026-08-28T11:10:32.462463,400.3,cam_04,ONLINE,0.14,0,287,751,1
2026-08-28T11:10:32.462463,400.3,cam_05,ONLINE,0.14,0,344,813,1
2026-08-28T11:10:32.462463,400.3,cam_06,ONLINE,0.28,0,203,585,1
2026-08-28T11:10:32.462463,400.3,cam_07,ONLINE,0.12,0,215,559,1
2026-08-28T11:10:32.462463,400.3,cam_08,ONLINE,0.11,0,317,753,1
2026-08-28T11:10:32.462463,400.3,cam_09,ONLINE,1.88,0,424,926,1
2026-08-28T11:10:32.462463,400.3,cam_10,ONLINE,0.62,0,397,870,1
2026-08-28T11:10:32.462463,400.3,cam_11,ONLINE,0.06,0,312,814,1
2026-08-28T11:10:32.462463,400.3,cam_12,ONLINE,0.11,0,236,622,1
2026-08-28T11:10:32.462463,400.3,cam_13,ONLINE,0.17,0,297,163,1
2026-08-28T11:10:32.462463,400.3,cam_14,ONLINE,0.22,0,191,539,1
2026-08-28T11:10:32.462463,400.3,cam_15,ONLINE,0.41,0,449,932,1
2026-08-28T11:10:42.469633,410.3,cam_01,ONLINE,0.31,0,418,991,1
2026-08-28T11:10:42.469633,410.3,cam_02,ONLINE,0.22,0,440,1000,1
2026-08-28T11:10:42.469633,410.3,cam_03,ONLINE,0.06,0,262,685,1
2026-08-28T11:10:42.469633,410.3,cam_04,ONLINE,0.14,0,287,751,1
2026-08-28T11:10:42.469633,410.3,cam_05,ONLINE,0.14,0,344,813,1
2026-08-28T11:10:42.469633,410.3,cam_06,ONLINE,0.28,0,203,585,1
2026-08-28T11:10:42.469633,410.3,cam_07,ONLINE,0.12,0,215,559,1
2026-08-28T11:10:42.469633,410.3,cam_08,ONLINE,0.11,0,317,753,1
2026-08-28T11:10:42.469633,410.3,cam_09,ONLINE,1.88,0,424,926,1
2026-08-28T11:10:42.469633,410.3,cam_10,ONLINE,0.62,0,397,870,1
2026-08-28T11:10:42.469633,410.3,cam_11,ONLINE,0.06,0,312,814,1
2026-08-28T11:10:42.469633,410.3,cam_12,ONLINE,0.11,0,236,622,1
2026-08-28T11:10:42.469633,410.3,cam_13,ONLINE,0.17,0,297,163,1
2026-08-28T11:10:42.469633,410.3,cam_14,ONLINE,0.22,0,191,539,1
2026-08-28T11:10:42.469633,410.3,cam_15,ONLINE,0.41,0,449,932,1
2026-08-28T11:10:52.480226,420.3,cam_01,ONLINE,0.31,0,418,991,1
2026-08-28T11:10:52.480226,420.3,cam_02,ONLINE,0.22,0,440,1000,1
2026-08-28T11:10:52.480226,420.3,cam_03,ONLINE,0.06,0,262,685,1
2026-08-28T11:10:52.480226,420.3,cam_04,ONLINE,0.14,0,287,751,1
2026-08-28T11:10:52.480226,420.3,cam_05,ONLINE,0.14,0,344,813,1
2026-08-28T11:10:52.480226,420.3,cam_06,ONLINE,0.28,0,203,585,1
2026-08-28T11:10:52.480226,420.3,cam_07,ONLINE,0.12,0,215,559,1
2026-08-28T11:10:52.480226,420.3,cam_08,ONLINE,0.11,0,317,753,1
2026-08-28T11:10:52.480226,420.3,cam_09,ONLINE,1.88,0,424,926,1
2026-08-28T11:10:52.480226,420.3,cam_10,ONLINE,0.62,0,397,870,1
2026-08-28T11:10:52.480226,420.3,cam_11,ONLINE,0.06,0,312,814,1
2026-08-28T11:10:52.480226,420.3,cam_12,ONLINE,0.11,0,236,622,1
2026-08-28T11:10:52.480226,420.3,cam_13,ONLINE,0.17,0,297,163,1
2026-08-28T11:10:52.480226,420.3,cam_14,ONLINE,0.22,0,191,539,1
2026-08-28T11:10:52.480226,420.3,cam_15,ONLINE,0.41,0,449,932,1
2026-08-28T11:11:02.490657,430.3,cam_01,ONLINE,0.31,0,418,991,1
2026-08-28T11:11:02.490657,430.3,cam_02,ONLINE,0.22,0,440,1000,1
2026-08-28T11:11:02.490657,430.3,cam_03,ONLINE,0.06,0,262,685,1
2026-08-28T11:11:02.490657,430.3,cam_04,ONLINE,0.14,0,287,751,1
2026-08-28T11:11:02.490657,430.3,cam_05,ONLINE,0.14,0,344,813,1
2026-08-28T11:11:02.490657,430.3,cam_06,ONLINE,0.28,0,203,585,1
2026-08-28T11:11:02.490657,430.3,cam_07,ONLINE,0.12,0,215,559,1
2026-08-28T11:11:02.490657,430.3,cam_08,ONLINE,0.11,0,317,753,1
2026-08-28T11:11:02.490657,430.3,cam_09,ONLINE,1.88,0,424,926,1
2026-08-28T11:11:02.490657,430.3,cam_10,ONLINE,0.62,0,397,870,1
2026-08-28T11:11:02.490657,430.3,cam_11,ONLINE,0.06,0,312,814,1
2026-08-28T11:11:02.490657,430.3,cam_12,ONLINE,0.11,0,236,622,1
2026-08-28T11:11:02.490657,430.3,cam_13,ONLINE,0.17,0,297,163,1
2026-08-28T11:11:02.490657,430.3,cam_14,ONLINE,0.22,0,191,539,1
2026-08-28T11:11:02.490657,430.3,cam_15,ONLINE,0.41,0,449,932,1
2026-08-28T11:11:12.496810,440.3,cam_01,ONLINE,0.31,0,418,991,1
2026-08-28T11:11:12.496810,440.3,cam_02,ONLINE,0.22,0,440,1000,1
2026-08-28T11:11:12.496810,440.3,cam_03,ONLINE,0.06,0,262,685,1
2026-08-28T11:11:12.496810,440.3,cam_04,ONLINE,0.14,0,287,751,1
2026-08-28T11:11:12.496810,440.3,cam_05,ONLINE,0.14,0,344,813,1
2026-08-28T11:11:12.496810,440.3,cam_06,ONLINE,0.28,0,203,585,1
2026-08-28T11:11:12.496810,440.3,cam_07,ONLINE,0.12,0,215,559,1
2026-08-28T11:11:12.496810,440.3,cam_08,ONLINE,0.11,0,317,753,1
2026-08-28T11:11:12.496810,440.3,cam_09,ONLINE,1.88,0,424,926,1
2026-08-28T11:11:12.496810,440.3,cam_10,ONLINE,0.62,0,397,870,1
2026-08-28T11:11:12.496810,440.3,cam_11,ONLINE,0.06,0,312,814,1
2026-08-28T11:11:12.496810,440.3,cam_12,ONLINE,0.11,0,236,622,1
2026-08-28T11:11:12.496810,440.3,cam_13,ONLINE,0.17,0,297,163,1
2026-08-28T11:11:12.496810,440.3,cam_14,ONLINE,0.22,0,191,539,1
2026-08-28T11:11:12.496810,440.3,cam_15,ONLINE,0.41,0,449,932,1
2026-08-28T11:11:22.502058,450.4,cam_01,ONLINE,0.31,0,418,991,1
2026-08-28T11:11:22.502058,450.4,cam_02,ONLINE,0.22,0,440,1000,1
2026-08-28T11:11:22.502058,450.4,cam_03,ONLINE,0.06,0,262,685,1
2026-08-28T11:11:22.502058,450.4,cam_04,ONLINE,0.14,0,287,751,1
2026-08-28T11:11:22.502058,450.4,cam_05,ONLINE,0.14,0,344,813,1
2026-08-28T11:11:22.502058,450.4,cam_06,ONLINE,0.28,0,203,585,1
2026-08-28T11:11:22.502058,450.4,cam_07,ONLINE,0.12,0,215,559,1
2026-08-28T11:11:22.502058,450.4,cam_08,ONLINE,0.11,0,317,753,1
2026-08-28T11:11:22.502058,450.4,cam_09,ONLINE,1.88,0,424,926,1
2026-08-28T11:11:22.502058,450.4,cam_10,ONLINE,0.62,0,397,870,1
2026-08-28T11:11:22.502058,450.4,cam_11,ONLINE,0.06,0,312,814,1
2026-08-28T11:11:22.502058,450.4,cam_12,ONLINE,0.11,0,236,622,1
2026-08-28T11:11:22.502058,450.4,cam_13,ONLINE,0.17,0,297,163,1
2026-08-28T11:11:22.502058,450.4,cam_14,ONLINE,0.22,0,191,539,1
2026-08-28T11:11:22.502058,450.4,cam_15,ONLINE,0.41,0,449,932,1
2026-08-28T11:11:32.509542,460.4,cam_01,ONLINE,0.31,0,418,991,1
2026-08-28T11:11:32.509542,460.4,cam_02,ONLINE,0.22,0,440,1000,1
2026-08-28T11:11:32.509542,460.4,cam_03,ONLINE,0.06,0,262,685,1
2026-08-28T11:11:32.509542,460.4,cam_04,ONLINE,0.14,0,287,751,1
2026-08-28T11:11:32.509542,460.4,cam_05,ONLINE,0.14,0,344,813,1
2026-08-28T11:11:32.509542,460.4,cam_06,ONLINE,0.28,0,203,585,1
2026-08-28T11:11:32.509542,460.4,cam_07,ONLINE,0.12,0,215,559,1
2026-08-28T11:11:32.509542,460.4,cam_08,ONLINE,0.11,0,317,753,1
2026-08-28T11:11:32.509542,460.4,cam_09,ONLINE,1.88,0,424,926,1
2026-08-28T11:11:32.509542,460.4,cam_10,ONLINE,0.62,0,397,870,1
2026-08-28T11:11:32.509542,460.4,cam_11,ONLINE,0.06,0,312,814,1
2026-08-28T11:11:32.509542,460.4,cam_12,ONLINE,0.11,0,236,622,1
2026-08-28T11:11:32.509542,460.4,cam_13,ONLINE,0.17,0,297,163,1
2026-08-28T11:11:32.509542,460.4,cam_14,ONLINE,0.22,0,191,539,1
2026-08-28T11:11:32.509542,460.4,cam_15,ONLINE,0.41,0,449,932,1
2026-08-28T11:11:42.516058,470.4,cam_01,ONLINE,0.31,0,418,991,1
2026-08-28T11:11:42.516058,470.4,cam_02,ONLINE,0.22,0,440,1000,1
2026-08-28T11:11:42.516058,470.4,cam_03,ONLINE,0.06,0,262,685,1
2026-08-28T11:11:42.516058,470.4,cam_04,ONLINE,0.14,0,287,751,1
2026-08-28T11:11:42.516058,470.4,cam_05,ONLINE,0.14,0,344,813,1
2026-08-28T11:11:42.516058,470.4,cam_06,ONLINE,0.28,0,203,585,1
2026-08-28T11:11:42.516058,470.4,cam_07,ONLINE,0.12,0,215,559,1
2026-08-28T11:11:42.516058,470.4,cam_08,ONLINE,0.11,0,317,753,1
2026-08-28T11:11:42.516058,470.4,cam_09,ONLINE,1.88,0,424,926,1
2026-08-28T11:11:42.516058,470.4,cam_10,ONLINE,0.62,0,397,870,1
2026-08-28T11:11:42.516058,470.4,cam_11,ONLINE,0.06,0,312,814,1
2026-08-28T11:11:42.516058,470.4,cam_12,ONLINE,0.11,0,236,622,1
2026-08-28T11:11:42.516058,470.4,cam_13,ONLINE,0.17,0,297,163,1
2026-08-28T11:11:42.516058,470.4,cam_14,ONLINE,0.22,0,191,539,1
2026-08-28T11:11:42.516058,470.4,cam_15,ONLINE,0.41,0,449,932,1
2026-08-28T11:11:52.525023,480.4,cam_01,ONLINE,0.31,0,418,991,1
2026-08-28T11:11:52.525023,480.4,cam_02,ONLINE,0.22,0,440,1000,1
2026-08-28T11:11:52.525023,480.4,cam_03,ONLINE,0.06,0,262,685,1
2026-08-28T11:11:52.525023,480.4,cam_04,ONLINE,0.14,0,287,751,1
2026-08-28T11:11:52.525023,480.4,cam_05,ONLINE,0.14,0,344,813,1
2026-08-28T11:11:52.525023,480.4,cam_06,ONLINE,0.28,0,203,585,1
2026-08-28T11:11:52.525023,480.4,cam_07,ONLINE,0.12,0,215,559,1
2026-08-28T11:11:52.525023,480.4,cam_08,ONLINE,0.11,0,317,753,1
2026-08-28T11:11:52.525023,480.4,cam_09,ONLINE,1.88,0,424,926,1
2026-08-28T11:11:52.525023,480.4,cam_10,ONLINE,0.62,0,397,870,1
2026-08-28T11:11:52.525023,480.4,cam_11,ONLINE,0.06,0,312,814,1
2026-08-28T11:11:52.525023,480.4,cam_12,ONLINE,0.11,0,236,622,1
2026-08-28T11:11:52.525023,480.4,cam_13,ONLINE,0.17,0,297,163,1
2026-08-28T11:11:52.525023,480.4,cam_14,ONLINE,0.22,0,191,539,1
2026-08-28T11:11:52.525023,480.4,cam_15,ONLINE,0.41,0,449,932,1
2026-08-28T11:12:02.534076,490.4,cam_01,ONLINE,0.31,0,418,991,1
2026-08-28T11:12:02.534076,490.4,cam_02,ONLINE,0.22,0,440,1000,1
2026-08-28T11:12:02.534076,490.4,cam_03,ONLINE,0.06,0,262,685,1
2026-08-28T11:12:02.534076,490.4,cam_04,ONLINE,0.14,0,287,751,1
2026-08-28T11:12:02.534076,490.4,cam_05,ONLINE,0.14,0,344,813,1
2026-08-28T11:12:02.534076,490.4,cam_06,ONLINE,0.28,0,203,585,1
2026-08-28T11:12:02.534076,490.4,cam_07,ONLINE,0.12,0,215,559,1
2026-08-28T11:12:02.534076,490.4,cam_08,ONLINE,0.11,0,317,753,1
2026-08-28T11:12:02.534076,490.4,cam_09,ONLINE,1.88,0,424,926,1
2026-08-28T11:12:02.534076,490.4,cam_10,ONLINE,0.62,0,397,870,1
2026-08-28T11:12:02.534076,490.4,cam_11,ONLINE,0.06,0,312,814,1
2026-08-28T11:12:02.534076,490.4,cam_12,ONLINE,0.11,0,236,622,1
2026-08-28T11:12:02.534076,490.4,cam_13,ONLINE,0.17,0,297,163,1
2026-08-28T11:12:02.534076,490.4,cam_14,ONLINE,0.22,0,191,539,1
2026-08-28T11:12:02.534076,490.4,cam_15,ONLINE,0.41,0,449,932,1
2026-08-28T11:12:12.542252,500.4,cam_01,ONLINE,0.31,0,418,991,1
2026-08-28T11:12:12.542252,500.4,cam_02,ONLINE,0.22,0,440,1000,1
2026-08-28T11:12:12.542252,500.4,cam_03,ONLINE,0.06,0,262,685,1
2026-08-28T11:12:12.542252,500.4,cam_04,ONLINE,0.14,0,287,751,1
2026-08-28T11:12:12.542252,500.4,cam_05,ONLINE,0.14,0,344,813,1
2026-08-28T11:12:12.542252,500.4,cam_06,ONLINE,0.28,0,203,585,1
2026-08-28T11:12:12.542252,500.4,cam_07,ONLINE,0.12,0,215,559,1
2026-08-28T11:12:12.542252,500.4,cam_08,ONLINE,0.11,0,317,753,1
2026-08-28T11:12:12.542252,500.4,cam_09,ONLINE,1.88,0,424,926,1
2026-08-28T11:12:12.542252,500.4,cam_10,ONLINE,0.62,0,397,870,1
2026-08-28T11:12:12.542252,500.4,cam_11,ONLINE,0.06,0,312,814,1
2026-08-28T11:12:12.542252,500.4,cam_12,ONLINE,0.11,0,236,622,1
2026-08-28T11:12:12.542252,500.4,cam_13,ONLINE,0.17,0,297,163,1
2026-08-28T11:12:12.542252,500.4,cam_14,ONLINE,0.22,0,191,539,1
2026-08-28T11:12:12.542252,500.4,cam_15,ONLINE,0.41,0,449,932,1
2026-08-28T11:12:22.547417,510.4,cam_01,ONLINE,0.31,0,418,991,1
2026-08-28T11:12:22.547417,510.4,cam_02,ONLINE,0.22,0,440,1000,1
2026-08-28T11:12:22.547417,510.4,cam_03,ONLINE,0.06,0,262,685,1
2026-08-28T11:12:22.547417,510.4,cam_04,ONLINE,0.14,0,287,751,1
2026-08-28T11:12:22.547417,510.4,cam_05,ONLINE,0.14,0,344,813,1
2026-08-28T11:12:22.547417,510.4,cam_06,ONLINE,0.28,0,203,585,1
2026-08-28T11:12:22.547417,510.4,cam_07,ONLINE,0.12,0,215,559,1
2026-08-28T11:12:22.547417,510.4,cam_08,ONLINE,0.11,0,317,753,1
2026-08-28T11:12:22.547417,510.4,cam_09,ONLINE,1.88,0,424,926,1
2026-08-28T11:12:22.547417,510.4,cam_10,ONLINE,0.62,0,397,870,1
2026-08-28T11:12:22.547417,510.4,cam_11,ONLINE,0.06,0,312,814,1
2026-08-28T11:12:22.547417,510.4,cam_12,ONLINE,0.11,0,236,622,1
2026-08-28T11:12:22.547417,510.4,cam_13,ONLINE,0.17,0,297,163,1
2026-08-28T11:12:22.547417,510.4,cam_14,ONLINE,0.22,0,191,539,1
2026-08-28T11:12:22.547417,510.4,cam_15,ONLINE,0.41,0,449,932,1
2026-08-28T11:12:32.652061,520.5,cam_01,ONLINE,0.31,0,418,991,1
2026-08-28T11:12:32.652061,520.5,cam_02,ONLINE,0.22,0,440,1000,1
2026-08-28T11:12:32.652061,520.5,cam_03,ONLINE,0.06,0,262,685,1
2026-08-28T11:12:32.652061,520.5,cam_04,ONLINE,0.14,0,287,751,1
2026-08-28T11:12:32.652061,520.5,cam_05,ONLINE,0.14,0,344,813,1
2026-08-28T11:12:32.652061,520.5,cam_06,ONLINE,0.28,0,203,585,1
2026-08-28T11:12:32.652061,520.5,cam_07,ONLINE,0.12,0,215,559,1
2026-08-28T11:12:32.652061,520.5,cam_08,ONLINE,0.11,0,317,753,1
2026-08-28T11:12:32.652061,520.5,cam_09,ONLINE,1.88,0,424,926,1
2026-08-28T11:12:32.652061,520.5,cam_10,ONLINE,0.62,0,397,870,1
2026-08-28T11:12:32.652061,520.5,cam_11,ONLINE,0.06,0,312,814,1
2026-08-28T11:12:32.652061,520.5,cam_12,ONLINE,0.11,0,236,622,1
2026-08-28T11:12:32.652061,520.5,cam_13,ONLINE,0.17,0,297,163,1
2026-08-28T11:12:32.652061,520.5,cam_14,ONLINE,0.22,0,191,539,1
2026-08-28T11:12:32.652061,520.5,cam_15,ONLINE,0.41,0,449,932,1
2026-08-28T11:12:42.661572,530.5,cam_01,ONLINE,0.31,0,418,991,1
2026-08-28T11:12:42.661572,530.5,cam_02,ONLINE,0.22,0,440,1000,1
2026-08-28T11:12:42.661572,530.5,cam_03,ONLINE,0.06,0,262,685,1
2026-08-28T11:12:42.661572,530.5,cam_04,ONLINE,0.14,0,287,751,1
2026-08-28T11:12:42.661572,530.5,cam_05,ONLINE,0.14,0,344,813,1
2026-08-28T11:12:42.661572,530.5,cam_06,ONLINE,0.28,0,203,585,1
2026-08-28T11:12:42.661572,530.5,cam_07,ONLINE,0.12,0,215,559,1
2026-08-28T11:12:42.661572,530.5,cam_08,ONLINE,0.11,0,317,753,1
2026-08-28T11:12:42.661572,530.5,cam_09,ONLINE,1.88,0,424,926,1
2026-08-28T11:12:42.661572,530.5,cam_10,ONLINE,0.62,0,397,870,1
2026-08-28T11:12:42.661572,530.5,cam_11,ONLINE,0.06,0,312,814,1
2026-08-28T11:12:42.661572,530.5,cam_12,ONLINE,0.11,0,236,622,1
2026-08-28T11:12:42.661572,530.5,cam_13,ONLINE,0.17,0,297,163,1
2026-08-28T11:12:42.661572,530.5,cam_14,ONLINE,0.22,0,191,539,1
2026-08-28T11:12:42.661572,530.5,cam_15,ONLINE,0.41,0,449,932,1
2026-08-28T11:12:52.667842,540.5,cam_01,ONLINE,0.31,0,418,991,1
2026-08-28T11:12:52.667842,540.5,cam_02,ONLINE,0.22,0,440,1000,1
2026-08-28T11:12:52.667842,540.5,cam_03,ONLINE,0.06,0,262,685,1
2026-08-28T11:12:52.667842,540.5,cam_04,ONLINE,0.14,0,287,751,1
2026-08-28T11:12:52.667842,540.5,cam_05,ONLINE,0.14,0,344,813,1
2026-08-28T11:12:52.667842,540.5,cam_06,ONLINE,0.28,0,203,585,1
2026-08-28T11:12:52.667842,540.5,cam_07,ONLINE,0.12,0,215,559,1
2026-08-28T11:12:52.667842,540.5,cam_08,ONLINE,0.11,0,317,753,1
2026-08-28T11:12:52.667842,540.5,cam_09,ONLINE,1.88,0,424,926,1
2026-08-28T11:12:52.667842,540.5,cam_10,ONLINE,0.62,0,397,870,1
2026-08-28T11:12:52.667842,540.5,cam_11,ONLINE,0.06,0,312,814,1
2026-08-28T11:12:52.667842,540.5,cam_12,ONLINE,0.11,0,236,622,1
2026-08-28T11:12:52.667842,540.5,cam_13,ONLINE,0.17,0,297,163,1
2026-08-28T11:12:52.667842,540.5,cam_14,ONLINE,0.22,0,191,539,1
2026-08-28T11:12:52.667842,540.5,cam_15,ONLINE,0.41,0,449,932,1
2026-08-28T11:13:02.678460,550.5,cam_01,ONLINE,0.31,0,418,991,1
2026-08-28T11:13:02.678460,550.5,cam_02,ONLINE,0.22,0,440,1000,1
2026-08-28T11:13:02.678460,550.5,cam_03,ONLINE,0.06,0,262,685,1
2026-08-28T11:13:02.678460,550.5,cam_04,ONLINE,0.14,0,287,751,1
2026-08-28T11:13:02.678460,550.5,cam_05,ONLINE,0.14,0,344,813,1
2026-08-28T11:13:02.678460,550.5,cam_06,ONLINE,0.28,0,203,585,1
2026-08-28T11:13:02.678460,550.5,cam_07,ONLINE,0.12,0,215,559,1
2026-08-28T11:13:02.678460,550.5,cam_08,ONLINE,0.11,0,317,753,1
2026-08-28T11:13:02.678460,550.5,cam_09,ONLINE,1.88,0,424,926,1
2026-08-28T11:13:02.678460,550.5,cam_10,ONLINE,0.62,0,397,870,1
2026-08-28T11:13:02.678460,550.5,cam_11,ONLINE,0.06,0,312,814,1
2026-08-28T11:13:02.678460,550.5,cam_12,ONLINE,0.11,0,236,622,1
2026-08-28T11:13:02.678460,550.5,cam_13,ONLINE,0.17,0,297,163,1
2026-08-28T11:13:02.678460,550.5,cam_14,ONLINE,0.22,0,191,539,1
2026-08-28T11:13:02.678460,550.5,cam_15,ONLINE,0.41,0,449,932,1
2026-08-28T11:13:12.685269,560.5,cam_01,ONLINE,0.31,0,418,991,1
2026-08-28T11:13:12.685269,560.5,cam_02,ONLINE,0.22,0,440,1000,1
2026-08-28T11:13:12.685269,560.5,cam_03,ONLINE,0.06,0,262,685,1
2026-08-28T11:13:12.685269,560.5,cam_04,ONLINE,0.14,0,287,751,1
2026-08-28T11:13:12.685269,560.5,cam_05,ONLINE,0.14,0,344,813,1
2026-08-28T11:13:12.685269,560.5,cam_06,ONLINE,0.28,0,203,585,1
2026-08-28T11:13:12.685269,560.5,cam_07,ONLINE,0.12,0,215,559,1
2026-08-28T11:13:12.685269,560.5,cam_08,ONLINE,0.11,0,317,753,1
2026-08-28T11:13:12.685269,560.5,cam_09,ONLINE,1.88,0,424,926,1
2026-08-28T11:13:12.685269,560.5,cam_10,ONLINE,0.62,0,397,870,1
2026-08-28T11:13:12.685269,560.5,cam_11,ONLINE,0.06,0,312,814,1
2026-08-28T11:13:12.685269,560.5,cam_12,ONLINE,0.11,0,236,622,1
2026-08-28T11:13:12.685269,560.5,cam_13,ONLINE,0.17,0,297,163,1
2026-08-28T11:13:12.685269,560.5,cam_14,ONLINE,0.22,0,191,539,1
2026-08-28T11:13:12.685269,560.5,cam_15,ONLINE,0.41,0,449,932,1
2026-08-28T11:13:22.691221,570.5,cam_01,ONLINE,0.31,0,418,991,1
2026-08-28T11:13:22.691221,570.5,cam_02,ONLINE,0.22,0,440,1000,1
2026-08-28T11:13:22.691221,570.5,cam_03,ONLINE,0.06,0,262,685,1
2026-08-28T11:13:22.691221,570.5,cam_04,ONLINE,0.14,0,287,751,1
2026-08-28T11:13:22.691221,570.5,cam_05,ONLINE,0.14,0,344,813,1
2026-08-28T11:13:22.691221,570.5,cam_06,ONLINE,0.28,0,203,585,1
2026-08-28T11:13:22.691221,570.5,cam_07,ONLINE,0.12,0,215,559,1
2026-08-28T11:13:22.691221,570.5,cam_08,ONLINE,0.11,0,317,753,1
2026-08-28T11:13:22.691221,570.5,cam_09,ONLINE,1.88,0,424,926,1
2026-08-28T11:13:22.691221,570.5,cam_10,ONLINE,0.62,0,397,870,1
2026-08-28T11:13:22.691221,570.5,cam_11,ONLINE,0.06,0,312,814,1
2026-08-28T11:13:22.691221,570.5,cam_12,ONLINE,0.11,0,236,622,1
2026-08-28T11:13:22.691221,570.5,cam_13,ONLINE,0.17,0,297,163,1
2026-08-28T11:13:22.691221,570.5,cam_14,ONLINE,0.22,0,191,539,1
2026-08-28T11:13:22.691221,570.5,cam_15,ONLINE,0.41,0,449,932,1
2026-08-28T11:13:32.697500,580.5,cam_01,ONLINE,0.31,0,418,991,1
2026-08-28T11:13:32.697500,580.5,cam_02,ONLINE,0.22,0,440,1000,1
2026-08-28T11:13:32.697500,580.5,cam_03,ONLINE,0.06,0,262,685,1
2026-08-28T11:13:32.697500,580.5,cam_04,ONLINE,0.14,0,287,751,1
2026-08-28T11:13:32.697500,580.5,cam_05,ONLINE,0.14,0,344,813,1
2026-08-28T11:13:32.697500,580.5,cam_06,ONLINE,0.28,0,203,585,1
2026-08-28T11:13:32.697500,580.5,cam_07,ONLINE,0.12,0,215,559,1
2026-08-28T11:13:32.697500,580.5,cam_08,ONLINE,0.11,0,317,753,1
2026-08-28T11:13:32.697500,580.5,cam_09,ONLINE,1.88,0,424,926,1
2026-08-28T11:13:32.697500,580.5,cam_10,ONLINE,0.62,0,397,870,1
2026-08-28T11:13:32.697500,580.5,cam_11,ONLINE,0.06,0,312,814,1
2026-08-28T11:13:32.697500,580.5,cam_12,ONLINE,0.11,0,236,622,1
2026-08-28T11:13:32.697500,580.5,cam_13,ONLINE,0.17,0,297,163,1
2026-08-28T11:13:32.697500,580.5,cam_14,ONLINE,0.22,0,191,539,1
2026-08-28T11:13:32.697500,580.5,cam_15,ONLINE,0.41,0,449,932,1
2026-08-28T11:13:42.703559,590.6,cam_01,ONLINE,0.31,0,418,991,1
2026-08-28T11:13:42.703559,590.6,cam_02,ONLINE,0.22,0,440,1000,1
2026-08-28T11:13:42.703559,590.6,cam_03,ONLINE,0.06,0,262,685,1
2026-08-28T11:13:42.703559,590.6,cam_04,ONLINE,0.14,0,287,751,1
2026-08-28T11:13:42.703559,590.6,cam_05,ONLINE,0.14,0,344,813,1
2026-08-28T11:13:42.703559,590.6,cam_06,ONLINE,0.28,0,203,585,1
2026-08-28T11:13:42.703559,590.6,cam_07,ONLINE,0.12,0,215,559,1
2026-08-28T11:13:42.703559,590.6,cam_08,ONLINE,0.11,0,317,753,1
2026-08-28T11:13:42.703559,590.6,cam_09,ONLINE,1.88,0,424,926,1
2026-08-28T11:13:42.703559,590.6,cam_10,ONLINE,0.62,0,397,870,1
2026-08-28T11:13:42.703559,590.6,cam_11,ONLINE,0.06,0,312,814,1
2026-08-28T11:13:42.703559,590.6,cam_12,ONLINE,0.11,0,236,622,1
2026-08-28T11:13:42.703559,590.6,cam_13,ONLINE,0.17,0,297,163,1
2026-08-28T11:13:42.703559,590.6,cam_14,ONLINE,0.22,0,191,539,1
2026-08-28T11:13:42.703559,590.6,cam_15,ONLINE,0.41,0,449,932,1
2026-08-28T11:13:52.711067,600.6,cam_01,ONLINE,0.31,0,418,991,1
2026-08-28T11:13:52.711067,600.6,cam_02,ONLINE,0.22,0,440,1000,1
2026-08-28T11:13:52.711067,600.6,cam_03,ONLINE,0.06,0,262,685,1
2026-08-28T11:13:52.711067,600.6,cam_04,ONLINE,0.14,0,287,751,1
2026-08-28T11:13:52.711067,600.6,cam_05,ONLINE,0.14,0,344,813,1
2026-08-28T11:13:52.711067,600.6,cam_06,ONLINE,0.28,0,203,585,1
2026-08-28T11:13:52.711067,600.6,cam_07,ONLINE,0.12,0,215,559,1
2026-08-28T11:13:52.711067,600.6,cam_08,ONLINE,0.11,0,317,753,1
2026-08-28T11:13:52.711067,600.6,cam_09,ONLINE,1.88,0,424,926,1
2026-08-28T11:13:52.711067,600.6,cam_10,ONLINE,0.62,0,397,870,1
2026-08-28T11:13:52.711067,600.6,cam_11,ONLINE,0.06,0,312,814,1
2026-08-28T11:13:52.711067,600.6,cam_12,ONLINE,0.11,0,236,622,1
2026-08-28T11:13:52.711067,600.6,cam_13,ONLINE,0.17,0,297,163,1
2026-08-28T11:13:52.711067,600.6,cam_14,ONLINE,0.22,0,191,539,1
2026-08-28T11:13:52.711067,600.6,cam_15,ONLINE,0.41,0,449,932,1
2026-08-28T11:14:02.721640,610.6,cam_01,ONLINE,0.31,0,418,991,1
2026-08-28T11:14:02.721640,610.6,cam_02,ONLINE,0.22,0,440,1000,1
2026-08-28T11:14:02.721640,610.6,cam_03,ONLINE,0.06,0,262,685,1
2026-08-28T11:14:02.721640,610.6,cam_04,ONLINE,0.14,0,287,751,1
2026-08-28T11:14:02.721640,610.6,cam_05,ONLINE,0.14,0,344,813,1
2026-08-28T11:14:02.721640,610.6,cam_06,ONLINE,0.28,0,203,585,1
2026-08-28T11:14:02.721640,610.6,cam_07,ONLINE,0.12,0,215,559,1
2026-08-28T11:14:02.721640,610.6,cam_08,ONLINE,0.11,0,317,753,1
2026-08-28T11:14:02.721640,610.6,cam_09,ONLINE,1.88,0,424,926,1
2026-08-28T11:14:02.721640,610.6,cam_10,ONLINE,0.62,0,397,870,1
2026-08-28T11:14:02.721640,610.6,cam_11,ONLINE,0.06,0,312,814,1
2026-08-28T11:14:02.721640,610.6,cam_12,ONLINE,0.11,0,236,622,1
2026-08-28T11:14:02.721640,610.6,cam_13,ONLINE,0.17,0,297,163,1
2026-08-28T11:14:02.721640,610.6,cam_14,ONLINE,0.22,0,191,539,1
2026-08-28T11:14:02.721640,610.6,cam_15,ONLINE,0.41,0,449,932,1
2026-08-28T11:14:12.728575,620.6,cam_01,ONLINE,0.31,0,418,991,1
2026-08-28T11:14:12.728575,620.6,cam_02,ONLINE,0.22,0,440,1000,1
2026-08-28T11:14:12.728575,620.6,cam_03,ONLINE,0.06,0,262,685,1
2026-08-28T11:14:12.728575,620.6,cam_04,ONLINE,0.14,0,287,751,1
2026-08-28T11:14:12.728575,620.6,cam_05,ONLINE,0.14,0,344,813,1
2026-08-28T11:14:12.728575,620.6,cam_06,ONLINE,0.28,0,203,585,1
2026-08-28T11:14:12.728575,620.6,cam_07,ONLINE,0.12,0,215,559,1
2026-08-28T11:14:12.728575,620.6,cam_08,ONLINE,0.11,0,317,753,1
2026-08-28T11:14:12.728575,620.6,cam_09,ONLINE,1.88,0,424,926,1
2026-08-28T11:14:12.728575,620.6,cam_10,ONLINE,0.62,0,397,870,1
2026-08-28T11:14:12.728575,620.6,cam_11,ONLINE,0.06,0,312,814,1
2026-08-28T11:14:12.728575,620.6,cam_12,ONLINE,0.11,0,236,622,1
2026-08-28T11:14:12.728575,620.6,cam_13,ONLINE,0.17,0,297,163,1
2026-08-28T11:14:12.728575,620.6,cam_14,ONLINE,0.22,0,191,539,1
2026-08-28T11:14:12.728575,620.6,cam_15,ONLINE,0.41,0,449,932,1
2026-08-28T11:14:22.733200,630.6,cam_01,ONLINE,0.31,0,418,991,1
2026-08-28T11:14:22.733200,630.6,cam_02,ONLINE,0.22,0,440,1000,1
2026-08-28T11:14:22.733200,630.6,cam_03,ONLINE,0.06,0,262,685,1
2026-08-28T11:14:22.733200,630.6,cam_04,ONLINE,0.14,0,287,751,1
2026-08-28T11:14:22.733200,630.6,cam_05,ONLINE,0.14,0,344,813,1
2026-08-28T11:14:22.733200,630.6,cam_06,ONLINE,0.28,0,203,585,1
2026-08-28T11:14:22.733200,630.6,cam_07,ONLINE,0.12,0,215,559,1
2026-08-28T11:14:22.733200,630.6,cam_08,ONLINE,0.11,0,317,753,1
2026-08-28T11:14:22.733200,630.6,cam_09,ONLINE,1.88,0,424,926,1
2026-08-28T11:14:22.733200,630.6,cam_10,ONLINE,0.62,0,397,870,1
2026-08-28T11:14:22.733200,630.6,cam_11,ONLINE,0.06,0,312,814,1
2026-08-28T11:14:22.733200,630.6,cam_12,ONLINE,0.11,0,236,622,1
2026-08-28T11:14:22.733200,630.6,cam_13,ONLINE,0.17,0,297,163,1
2026-08-28T11:14:22.733200,630.6,cam_14,ONLINE,0.22,0,191,539,1
2026-08-28T11:14:22.733200,630.6,cam_15,ONLINE,0.41,0,449,932,1
2026-08-28T11:14:32.738317,640.6,cam_01,ONLINE,0.31,0,418,991,1
2026-08-28T11:14:32.738317,640.6,cam_02,ONLINE,0.22,0,440,1000,1
2026-08-28T11:14:32.738317,640.6,cam_03,ONLINE,0.06,0,262,685,1
2026-08-28T11:14:32.738317,640.6,cam_04,ONLINE,0.14,0,287,751,1
2026-08-28T11:14:32.738317,640.6,cam_05,ONLINE,0.14,0,344,813,1
2026-08-28T11:14:32.738317,640.6,cam_06,ONLINE,0.28,0,203,585,1
2026-08-28T11:14:32.738317,640.6,cam_07,ONLINE,0.12,0,215,559,1
2026-08-28T11:14:32.738317,640.6,cam_08,ONLINE,0.11,0,317,753,1
2026-08-28T11:14:32.738317,640.6,cam_09,ONLINE,1.88,0,424,926,1
2026-08-28T11:14:32.738317,640.6,cam_10,ONLINE,0.62,0,397,870,1
2026-08-28T11:14:32.738317,640.6,cam_11,ONLINE,0.06,0,312,814,1
2026-08-28T11:14:32.738317,640.6,cam_12,ONLINE,0.11,0,236,622,1
2026-08-28T11:14:32.738317,640.6,cam_13,ONLINE,0.17,0,297,163,1
2026-08-28T11:14:32.738317,640.6,cam_14,ONLINE,0.22,0,191,539,1
2026-08-28T11:14:32.738317,640.6,cam_15,ONLINE,0.41,0,449,932,1
2026-08-28T11:14:42.745640,650.6,cam_01,ONLINE,0.31,0,418,991,1
2026-08-28T11:14:42.745640,650.6,cam_02,ONLINE,0.22,0,440,1000,1
2026-08-28T11:14:42.745640,650.6,cam_03,ONLINE,0.06,0,262,685,1
2026-08-28T11:14:42.745640,650.6,cam_04,ONLINE,0.14,0,287,751,1
2026-08-28T11:14:42.745640,650.6,cam_05,ONLINE,0.14,0,344,813,1
2026-08-28T11:14:42.745640,650.6,cam_06,ONLINE,0.28,0,203,585,1
2026-08-28T11:14:42.745640,650.6,cam_07,ONLINE,0.12,0,215,559,1
2026-08-28T11:14:42.745640,650.6,cam_08,ONLINE,0.11,0,317,753,1
2026-08-28T11:14:42.745640,650.6,cam_09,ONLINE,1.88,0,424,926,1
2026-08-28T11:14:42.745640,650.6,cam_10,ONLINE,0.62,0,397,870,1
2026-08-28T11:14:42.745640,650.6,cam_11,ONLINE,0.06,0,312,814,1
2026-08-28T11:14:42.745640,650.6,cam_12,ONLINE,0.11,0,236,622,1
2026-08-28T11:14:42.745640,650.6,cam_13,ONLINE,0.17,0,297,163,1
2026-08-28T11:14:42.745640,650.6,cam_14,ONLINE,0.22,0,191,539,1
2026-08-28T11:14:42.745640,650.6,cam_15,ONLINE,0.41,0,449,932,1
2026-08-28T11:14:52.751750,660.6,cam_01,ONLINE,0.31,0,418,991,1
2026-08-28T11:14:52.751750,660.6,cam_02,ONLINE,0.22,0,440,1000,1
2026-08-28T11:14:52.751750,660.6,cam_03,ONLINE,0.06,0,262,685,1
2026-08-28T11:14:52.751750,660.6,cam_04,ONLINE,0.14,0,287,751,1
2026-08-28T11:14:52.751750,660.6,cam_05,ONLINE,0.14,0,344,813,1
2026-08-28T11:14:52.751750,660.6,cam_06,ONLINE,0.28,0,203,585,1
2026-08-28T11:14:52.751750,660.6,cam_07,ONLINE,0.12,0,215,559,1
2026-08-28T11:14:52.751750,660.6,cam_08,ONLINE,0.11,0,317,753,1
2026-08-28T11:14:52.751750,660.6,cam_09,ONLINE,1.88,0,424,926,1
2026-08-28T11:14:52.751750,660.6,cam_10,ONLINE,0.62,0,397,870,1
2026-08-28T11:14:52.751750,660.6,cam_11,ONLINE,0.06,0,312,814,1
2026-08-28T11:14:52.751750,660.6,cam_12,ONLINE,0.11,0,236,622,1
2026-08-28T11:14:52.751750,660.6,cam_13,ONLINE,0.17,0,297,163,1
2026-08-28T11:14:52.751750,660.6,cam_14,ONLINE,0.22,0,191,539,1
2026-08-28T11:14:52.751750,660.6,cam_15,ONLINE,0.41,0,449,932,1
2026-08-28T11:15:02.761396,670.6,cam_01,ONLINE,0.31,0,418,991,1
2026-08-28T11:15:02.761396,670.6,cam_02,ONLINE,0.22,0,440,1000,1
2026-08-28T11:15:02.761396,670.6,cam_03,ONLINE,0.06,0,262,685,1
2026-08-28T11:15:02.761396,670.6,cam_04,ONLINE,0.14,0,287,751,1
2026-08-28T11:15:02.761396,670.6,cam_05,ONLINE,0.14,0,344,813,1
2026-08-28T11:15:02.761396,670.6,cam_06,ONLINE,0.28,0,203,585,1
2026-08-28T11:15:02.761396,670.6,cam_07,ONLINE,0.12,0,215,559,1
2026-08-28T11:15:02.761396,670.6,cam_08,ONLINE,0.11,0,317,753,1
2026-08-28T11:15:02.761396,670.6,cam_09,ONLINE,1.88,0,424,926,1
2026-08-28T11:15:02.761396,670.6,cam_10,ONLINE,0.62,0,397,870,1
2026-08-28T11:15:02.761396,670.6,cam_11,ONLINE,0.06,0,312,814,1
2026-08-28T11:15:02.761396,670.6,cam_12,ONLINE,0.11,0,236,622,1
2026-08-28T11:15:02.761396,670.6,cam_13,ONLINE,0.17,0,297,163,1
2026-08-28T11:15:02.761396,670.6,cam_14,ONLINE,0.22,0,191,539,1
2026-08-28T11:15:02.761396,670.6,cam_15,ONLINE,0.41,0,449,932,1
2026-08-28T11:15:12.770828,680.6,cam_01,ONLINE,0.31,0,418,991,1
2026-08-28T11:15:12.770828,680.6,cam_02,ONLINE,0.22,0,440,1000,1
2026-08-28T11:15:12.770828,680.6,cam_03,ONLINE,0.06,0,262,685,1
2026-08-28T11:15:12.770828,680.6,cam_04,ONLINE,0.14,0,287,751,1
2026-08-28T11:15:12.770828,680.6,cam_05,ONLINE,0.14,0,344,813,1
2026-08-28T11:15:12.770828,680.6,cam_06,ONLINE,0.28,0,203,585,1
2026-08-28T11:15:12.770828,680.6,cam_07,ONLINE,0.12,0,215,559,1
2026-08-28T11:15:12.770828,680.6,cam_08,ONLINE,0.11,0,317,753,1
2026-08-28T11:15:12.770828,680.6,cam_09,ONLINE,1.88,0,424,926,1
2026-08-28T11:15:12.770828,680.6,cam_10,ONLINE,0.62,0,397,870,1
2026-08-28T11:15:12.770828,680.6,cam_11,ONLINE,0.06,0,312,814,1
2026-08-28T11:15:12.770828,680.6,cam_12,ONLINE,0.11,0,236,622,1
2026-08-28T11:15:12.770828,680.6,cam_13,ONLINE,0.17,0,297,163,1
2026-08-28T11:15:12.770828,680.6,cam_14,ONLINE,0.22,0,191,539,1
2026-08-28T11:15:12.770828,680.6,cam_15,ONLINE,0.41,0,449,932,1
2026-08-28T11:15:22.778529,690.6,cam_01,ONLINE,0.31,0,418,991,1
2026-08-28T11:15:22.778529,690.6,cam_02,ONLINE,0.22,0,440,1000,1
2026-08-28T11:15:22.778529,690.6,cam_03,ONLINE,0.06,0,262,685,1
2026-08-28T11:15:22.778529,690.6,cam_04,ONLINE,0.14,0,287,751,1
2026-08-28T11:15:22.778529,690.6,cam_05,ONLINE,0.14,0,344,813,1
2026-08-28T11:15:22.778529,690.6,cam_06,ONLINE,0.28,0,203,585,1
2026-08-28T11:15:22.778529,690.6,cam_07,ONLINE,0.12,0,215,559,1
2026-08-28T11:15:22.778529,690.6,cam_08,ONLINE,0.11,0,317,753,1
2026-08-28T11:15:22.778529,690.6,cam_09,ONLINE,1.88,0,424,926,1
2026-08-28T11:15:22.778529,690.6,cam_10,ONLINE,0.62,0,397,870,1
2026-08-28T11:15:22.778529,690.6,cam_11,ONLINE,0.06,0,312,814,1
2026-08-28T11:15:22.778529,690.6,cam_12,ONLINE,0.11,0,236,622,1
2026-08-28T11:15:22.778529,690.6,cam_13,ONLINE,0.17,0,297,163,1
2026-08-28T11:15:22.778529,690.6,cam_14,ONLINE,0.22,0,191,539,1
2026-08-28T11:15:22.778529,690.6,cam_15,ONLINE,0.41,0,449,932,1
2026-08-28T11:15:32.783704,700.6,cam_01,ONLINE,0.31,0,418,991,1
2026-08-28T11:15:32.783704,700.6,cam_02,ONLINE,0.22,0,440,1000,1
2026-08-28T11:15:32.783704,700.6,cam_03,ONLINE,0.06,0,262,685,1
2026-08-28T11:15:32.783704,700.6,cam_04,ONLINE,0.14,0,287,751,1
2026-08-28T11:15:32.783704,700.6,cam_05,ONLINE,0.14,0,344,813,1
2026-08-28T11:15:32.783704,700.6,cam_06,ONLINE,0.28,0,203,585,1
2026-08-28T11:15:32.783704,700.6,cam_07,ONLINE,0.12,0,215,559,1
2026-08-28T11:15:32.783704,700.6,cam_08,ONLINE,0.11,0,317,753,1
2026-08-28T11:15:32.783704,700.6,cam_09,ONLINE,1.88,0,424,926,1
2026-08-28T11:15:32.783704,700.6,cam_10,ONLINE,0.62,0,397,870,1
2026-08-28T11:15:32.783704,700.6,cam_11,ONLINE,0.06,0,312,814,1
2026-08-28T11:15:32.783704,700.6,cam_12,ONLINE,0.11,0,236,622,1
2026-08-28T11:15:32.783704,700.6,cam_13,ONLINE,0.17,0,297,163,1
2026-08-28T11:15:32.783704,700.6,cam_14,ONLINE,0.22,0,191,539,1
2026-08-28T11:15:32.783704,700.6,cam_15,ONLINE,0.41,0,449,932,1
2026-08-28T11:15:42.791229,710.6,cam_01,ONLINE,0.31,0,418,991,1
2026-08-28T11:15:42.791229,710.6,cam_02,ONLINE,0.22,0,440,1000,1
2026-08-28T11:15:42.791229,710.6,cam_03,ONLINE,0.06,0,262,685,1
2026-08-28T11:15:42.791229,710.6,cam_04,ONLINE,0.14,0,287,751,1
2026-08-28T11:15:42.791229,710.6,cam_05,ONLINE,0.14,0,344,813,1
2026-08-28T11:15:42.791229,710.6,cam_06,ONLINE,0.28,0,203,585,1
2026-08-28T11:15:42.791229,710.6,cam_07,ONLINE,0.12,0,215,559,1
2026-08-28T11:15:42.791229,710.6,cam_08,ONLINE,0.11,0,317,753,1
2026-08-28T11:15:42.791229,710.6,cam_09,ONLINE,1.88,0,424,926,1
2026-08-28T11:15:42.791229,710.6,cam_10,ONLINE,0.62,0,397,870,1
2026-08-28T11:15:42.791229,710.6,cam_11,ONLINE,0.06,0,312,814,1
2026-08-28T11:15:42.791229,710.6,cam_12,ONLINE,0.11,0,236,622,1
2026-08-28T11:15:42.791229,710.6,cam_13,ONLINE,0.17,0,297,163,1
2026-08-28T11:15:42.791229,710.6,cam_14,ONLINE,0.22,0,191,539,1
2026-08-28T11:15:42.791229,710.6,cam_15,ONLINE,0.41,0,449,932,1
2026-08-28T11:15:52.800073,720.7,cam_01,ONLINE,0.31,0,418,991,1
2026-08-28T11:15:52.800073,720.7,cam_02,ONLINE,0.22,0,440,1000,1
2026-08-28T11:15:52.800073,720.7,cam_03,ONLINE,0.06,0,262,685,1
2026-08-28T11:15:52.800073,720.7,cam_04,ONLINE,0.14,0,287,751,1
2026-08-28T11:15:52.800073,720.7,cam_05,ONLINE,0.14,0,344,813,1
2026-08-28T11:15:52.800073,720.7,cam_06,ONLINE,0.28,0,203,585,1
2026-08-28T11:15:52.800073,720.7,cam_07,ONLINE,0.12,0,215,559,1
2026-08-28T11:15:52.800073,720.7,cam_08,ONLINE,0.11,0,317,753,1
2026-08-28T11:15:52.800073,720.7,cam_09,ONLINE,1.88,0,424,926,1
2026-08-28T11:15:52.800073,720.7,cam_10,ONLINE,0.62,0,397,870,1
2026-08-28T11:15:52.800073,720.7,cam_11,ONLINE,0.06,0,312,814,1
2026-08-28T11:15:52.800073,720.7,cam_12,ONLINE,0.11,0,236,622,1
2026-08-28T11:15:52.800073,720.7,cam_13,ONLINE,0.17,0,297,163,1
2026-08-28T11:15:52.800073,720.7,cam_14,ONLINE,0.22,0,191,539,1
2026-08-28T11:15:52.800073,720.7,cam_15,ONLINE,0.41,0,449,932,1
2026-08-28T11:16:02.806705,730.7,cam_01,ONLINE,0.31,0,418,991,1
2026-08-28T11:16:02.806705,730.7,cam_02,ONLINE,0.22,0,440,1000,1
2026-08-28T11:16:02.806705,730.7,cam_03,ONLINE,0.06,0,262,685,1
2026-08-28T11:16:02.806705,730.7,cam_04,ONLINE,0.14,0,287,751,1
2026-08-28T11:16:02.806705,730.7,cam_05,ONLINE,0.14,0,344,813,1
2026-08-28T11:16:02.806705,730.7,cam_06,ONLINE,0.28,0,203,585,1
2026-08-28T11:16:02.806705,730.7,cam_07,ONLINE,0.12,0,215,559,1
2026-08-28T11:16:02.806705,730.7,cam_08,ONLINE,0.11,0,317,753,1
2026-08-28T11:16:02.806705,730.7,cam_09,ONLINE,1.88,0,424,926,1
2026-08-28T11:16:02.806705,730.7,cam_10,ONLINE,0.62,0,397,870,1
2026-08-28T11:16:02.806705,730.7,cam_11,ONLINE,0.06,0,312,814,1
2026-08-28T11:16:02.806705,730.7,cam_12,ONLINE,0.11,0,236,622,1
2026-08-28T11:16:02.806705,730.7,cam_13,ONLINE,0.17,0,297,163,1
2026-08-28T11:16:02.806705,730.7,cam_14,ONLINE,0.22,0,191,539,1
2026-08-28T11:16:02.806705,730.7,cam_15,ONLINE,0.41,0,449,932,1
2026-08-28T11:16:12.812094,740.7,cam_01,ONLINE,0.31,0,418,991,1
2026-08-28T11:16:12.812094,740.7,cam_02,ONLINE,0.22,0,440,1000,1
2026-08-28T11:16:12.812094,740.7,cam_03,ONLINE,0.06,0,262,685,1
2026-08-28T11:16:12.812094,740.7,cam_04,ONLINE,0.14,0,287,751,1
2026-08-28T11:16:12.812094,740.7,cam_05,ONLINE,0.14,0,344,813,1
2026-08-28T11:16:12.812094,740.7,cam_06,ONLINE,0.28,0,203,585,1
2026-08-28T11:16:12.812094,740.7,cam_07,ONLINE,0.12,0,215,559,1
2026-08-28T11:16:12.812094,740.7,cam_08,ONLINE,0.11,0,317,753,1
2026-08-28T11:16:12.812094,740.7,cam_09,ONLINE,1.88,0,424,926,1
2026-08-28T11:16:12.812094,740.7,cam_10,ONLINE,0.62,0,397,870,1
2026-08-28T11:16:12.812094,740.7,cam_11,ONLINE,0.06,0,312,814,1
2026-08-28T11:16:12.812094,740.7,cam_12,ONLINE,0.11,0,236,622,1
2026-08-28T11:16:12.812094,740.7,cam_13,ONLINE,0.17,0,297,163,1
2026-08-28T11:16:12.812094,740.7,cam_14,ONLINE,0.22,0,191,539,1
2026-08-28T11:16:12.812094,740.7,cam_15,ONLINE,0.41,0,449,932,1
2026-08-28T11:16:22.818341,750.7,cam_01,ONLINE,0.31,0,418,991,1
2026-08-28T11:16:22.818341,750.7,cam_02,ONLINE,0.22,0,440,1000,1
2026-08-28T11:16:22.818341,750.7,cam_03,ONLINE,0.06,0,262,685,1
2026-08-28T11:16:22.818341,750.7,cam_04,ONLINE,0.14,0,287,751,1
2026-08-28T11:16:22.818341,750.7,cam_05,ONLINE,0.14,0,344,813,1
2026-08-28T11:16:22.818341,750.7,cam_06,ONLINE,0.28,0,203,585,1
2026-08-28T11:16:22.818341,750.7,cam_07,ONLINE,0.12,0,215,559,1
2026-08-28T11:16:22.818341,750.7,cam_08,ONLINE,0.11,0,317,753,1
2026-08-28T11:16:22.818341,750.7,cam_09,ONLINE,1.88,0,424,926,1
2026-08-28T11:16:22.818341,750.7,cam_10,ONLINE,0.62,0,397,870,1
2026-08-28T11:16:22.818341,750.7,cam_11,ONLINE,0.06,0,312,814,1
2026-08-28T11:16:22.818341,750.7,cam_12,ONLINE,0.11,0,236,622,1
2026-08-28T11:16:22.818341,750.7,cam_13,ONLINE,0.17,0,297,163,1
2026-08-28T11:16:22.818341,750.7,cam_14,ONLINE,0.22,0,191,539,1
2026-08-28T11:16:22.818341,750.7,cam_15,ONLINE,0.41,0,449,932,1
2026-08-28T11:16:32.824516,760.7,cam_01,ONLINE,0.31,0,418,991,1
2026-08-28T11:16:32.824516,760.7,cam_02,ONLINE,0.22,0,440,1000,1
2026-08-28T11:16:32.824516,760.7,cam_03,ONLINE,0.06,0,262,685,1
2026-08-28T11:16:32.824516,760.7,cam_04,ONLINE,0.14,0,287,751,1
2026-08-28T11:16:32.824516,760.7,cam_05,ONLINE,0.14,0,344,813,1
2026-08-28T11:16:32.824516,760.7,cam_06,ONLINE,0.28,0,203,585,1
2026-08-28T11:16:32.824516,760.7,cam_07,ONLINE,0.12,0,215,559,1
2026-08-28T11:16:32.824516,760.7,cam_08,ONLINE,0.11,0,317,753,1
2026-08-28T11:16:32.824516,760.7,cam_09,ONLINE,1.88,0,424,926,1
2026-08-28T11:16:32.824516,760.7,cam_10,ONLINE,0.62,0,397,870,1
2026-08-28T11:16:32.824516,760.7,cam_11,ONLINE,0.06,0,312,814,1
2026-08-28T11:16:32.824516,760.7,cam_12,ONLINE,0.11,0,236,622,1
2026-08-28T11:16:32.824516,760.7,cam_13,ONLINE,0.17,0,297,163,1
2026-08-28T11:16:32.824516,760.7,cam_14,ONLINE,0.22,0,191,539,1
2026-08-28T11:16:32.824516,760.7,cam_15,ONLINE,0.41,0,449,932,1
2026-08-28T11:16:42.830235,770.7,cam_01,ONLINE,0.31,0,418,991,1
2026-08-28T11:16:42.830235,770.7,cam_02,ONLINE,0.22,0,440,1000,1
2026-08-28T11:16:42.830235,770.7,cam_03,ONLINE,0.06,0,262,685,1
2026-08-28T11:16:42.830235,770.7,cam_04,ONLINE,0.14,0,287,751,1
2026-08-28T11:16:42.830235,770.7,cam_05,ONLINE,0.14,0,344,813,1
2026-08-28T11:16:42.830235,770.7,cam_06,ONLINE,0.28,0,203,585,1
2026-08-28T11:16:42.830235,770.7,cam_07,ONLINE,0.12,0,215,559,1
2026-08-28T11:16:42.830235,770.7,cam_08,ONLINE,0.11,0,317,753,1
2026-08-28T11:16:42.830235,770.7,cam_09,ONLINE,1.88,0,424,926,1
2026-08-28T11:16:42.830235,770.7,cam_10,ONLINE,0.62,0,397,870,1
2026-08-28T11:16:42.830235,770.7,cam_11,ONLINE,0.06,0,312,814,1
2026-08-28T11:16:42.830235,770.7,cam_12,ONLINE,0.11,0,236,622,1
2026-08-28T11:16:42.830235,770.7,cam_13,ONLINE,0.17,0,297,163,1
2026-08-28T11:16:42.830235,770.7,cam_14,ONLINE,0.22,0,191,539,1
2026-08-28T11:16:42.830235,770.7,cam_15,ONLINE,0.41,0,449,932,1
2026-08-28T11:16:52.839098,780.7,cam_01,ONLINE,0.31,0,418,991,1
2026-08-28T11:16:52.839098,780.7,cam_02,ONLINE,0.22,0,440,1000,1
2026-08-28T11:16:52.839098,780.7,cam_03,ONLINE,0.06,0,262,685,1
2026-08-28T11:16:52.839098,780.7,cam_04,ONLINE,0.14,0,287,751,1
2026-08-28T11:16:52.839098,780.7,cam_05,ONLINE,0.14,0,344,813,1
2026-08-28T11:16:52.839098,780.7,cam_06,ONLINE,0.28,0,203,585,1
2026-08-28T11:16:52.839098,780.7,cam_07,ONLINE,0.12,0,215,559,1
2026-08-28T11:16:52.839098,780.7,cam_08,ONLINE,0.11,0,317,753,1
2026-08-28T11:16:52.839098,780.7,cam_09,ONLINE,1.88,0,424,926,1
2026-08-28T11:16:52.839098,780.7,cam_10,ONLINE,0.62,0,397,870,1
2026-08-28T11:16:52.839098,780.7,cam_11,ONLINE,0.06,0,312,814,1
2026-08-28T11:16:52.839098,780.7,cam_12,ONLINE,0.11,0,236,622,1
2026-08-28T11:16:52.839098,780.7,cam_13,ONLINE,0.17,0,297,163,1
2026-08-28T11:16:52.839098,780.7,cam_14,ONLINE,0.22,0,191,539,1
2026-08-28T11:16:52.839098,780.7,cam_15,ONLINE,0.41,0,449,932,1
2026-08-28T11:17:02.846735,790.7,cam_01,ONLINE,0.31,0,418,991,1
2026-08-28T11:17:02.846735,790.7,cam_02,ONLINE,0.22,0,440,1000,1
2026-08-28T11:17:02.846735,790.7,cam_03,ONLINE,0.06,0,262,685,1
2026-08-28T11:17:02.846735,790.7,cam_04,ONLINE,0.14,0,287,751,1
2026-08-28T11:17:02.846735,790.7,cam_05,ONLINE,0.14,0,344,813,1
2026-08-28T11:17:02.846735,790.7,cam_06,ONLINE,0.28,0,203,585,1
2026-08-28T11:17:02.846735,790.7,cam_07,ONLINE,0.12,0,215,559,1
2026-08-28T11:17:02.846735,790.7,cam_08,ONLINE,0.11,0,317,753,1
2026-08-28T11:17:02.846735,790.7,cam_09,ONLINE,1.88,0,424,926,1
2026-08-28T11:17:02.846735,790.7,cam_10,ONLINE,0.62,0,397,870,1
2026-08-28T11:17:02.846735,790.7,cam_11,ONLINE,0.06,0,312,814,1
2026-08-28T11:17:02.846735,790.7,cam_12,ONLINE,0.11,0,236,622,1
2026-08-28T11:17:02.846735,790.7,cam_13,ONLINE,0.17,0,297,163,1
2026-08-28T11:17:02.846735,790.7,cam_14,ONLINE,0.22,0,191,539,1
2026-08-28T11:17:02.846735,790.7,cam_15,ONLINE,0.41,0,449,932,1
2026-08-28T11:17:12.853167,800.7,cam_01,ONLINE,0.31,0,418,991,1
2026-08-28T11:17:12.853167,800.7,cam_02,ONLINE,0.22,0,440,1000,1
2026-08-28T11:17:12.853167,800.7,cam_03,ONLINE,0.06,0,262,685,1
2026-08-28T11:17:12.853167,800.7,cam_04,ONLINE,0.14,0,287,751,1
2026-08-28T11:17:12.853167,800.7,cam_05,ONLINE,0.14,0,344,813,1
2026-08-28T11:17:12.853167,800.7,cam_06,ONLINE,0.28,0,203,585,1
2026-08-28T11:17:12.853167,800.7,cam_07,ONLINE,0.12,0,215,559,1
2026-08-28T11:17:12.853167,800.7,cam_08,ONLINE,0.11,0,317,753,1
2026-08-28T11:17:12.853167,800.7,cam_09,ONLINE,1.88,0,424,926,1
2026-08-28T11:17:12.853167,800.7,cam_10,ONLINE,0.62,0,397,870,1
2026-08-28T11:17:12.853167,800.7,cam_11,ONLINE,0.06,0,312,814,1
2026-08-28T11:17:12.853167,800.7,cam_12,ONLINE,0.11,0,236,622,1
2026-08-28T11:17:12.853167,800.7,cam_13,ONLINE,0.17,0,297,163,1
2026-08-28T11:17:12.853167,800.7,cam_14,ONLINE,0.22,0,191,539,1
2026-08-28T11:17:12.853167,800.7,cam_15,ONLINE,0.41,0,449,932,1
2026-08-28T11:17:22.862155,810.7,cam_01,ONLINE,0.31,0,418,991,1
2026-08-28T11:17:22.862155,810.7,cam_02,ONLINE,0.22,0,440,1000,1
2026-08-28T11:17:22.862155,810.7,cam_03,ONLINE,0.06,0,262,685,1
2026-08-28T11:17:22.862155,810.7,cam_04,ONLINE,0.14,0,287,751,1
2026-08-28T11:17:22.862155,810.7,cam_05,ONLINE,0.14,0,344,813,1
2026-08-28T11:17:22.862155,810.7,cam_06,ONLINE,0.28,0,203,585,1
2026-08-28T11:17:22.862155,810.7,cam_07,ONLINE,0.12,0,215,559,1
2026-08-28T11:17:22.862155,810.7,cam_08,ONLINE,0.11,0,317,753,1
2026-08-28T11:17:22.862155,810.7,cam_09,ONLINE,1.88,0,424,926,1
2026-08-28T11:17:22.862155,810.7,cam_10,ONLINE,0.62,0,397,870,1
2026-08-28T11:17:22.862155,810.7,cam_11,ONLINE,0.06,0,312,814,1
2026-08-28T11:17:22.862155,810.7,cam_12,ONLINE,0.11,0,236,622,1
2026-08-28T11:17:22.862155,810.7,cam_13,ONLINE,0.17,0,297,163,1
2026-08-28T11:17:22.862155,810.7,cam_14,ONLINE,0.22,0,191,539,1
2026-08-28T11:17:22.862155,810.7,cam_15,ONLINE,0.41,0,449,932,1
2026-08-28T11:17:32.868842,820.7,cam_01,ONLINE,0.31,0,418,991,1
2026-08-28T11:17:32.868842,820.7,cam_02,ONLINE,0.22,0,440,1000,1
2026-08-28T11:17:32.868842,820.7,cam_03,ONLINE,0.06,0,262,685,1
2026-08-28T11:17:32.868842,820.7,cam_04,ONLINE,0.14,0,287,751,1
2026-08-28T11:17:32.868842,820.7,cam_05,ONLINE,0.14,0,344,813,1
2026-08-28T11:17:32.868842,820.7,cam_06,ONLINE,0.28,0,203,585,1
2026-08-28T11:17:32.868842,820.7,cam_07,ONLINE,0.12,0,215,559,1
2026-08-28T11:17:32.868842,820.7,cam_08,ONLINE,0.11,0,317,753,1
2026-08-28T11:17:32.868842,820.7,cam_09,ONLINE,1.88,0,424,926,1
2026-08-28T11:17:32.868842,820.7,cam_10,ONLINE,0.62,0,397,870,1
2026-08-28T11:17:32.868842,820.7,cam_11,ONLINE,0.06,0,312,814,1
2026-08-28T11:17:32.868842,820.7,cam_12,ONLINE,0.11,0,236,622,1
2026-08-28T11:17:32.868842,820.7,cam_13,ONLINE,0.17,0,297,163,1
2026-08-28T11:17:32.868842,820.7,cam_14,ONLINE,0.22,0,191,539,1
2026-08-28T11:17:32.868842,820.7,cam_15,ONLINE,0.41,0,449,932,1
2026-08-28T11:17:42.876341,830.7,cam_01,ONLINE,0.31,0,418,991,1
2026-08-28T11:17:42.876341,830.7,cam_02,ONLINE,0.22,0,440,1000,1
2026-08-28T11:17:42.876341,830.7,cam_03,ONLINE,0.06,0,262,685,1
2026-08-28T11:17:42.876341,830.7,cam_04,ONLINE,0.14,0,287,751,1
2026-08-28T11:17:42.876341,830.7,cam_05,ONLINE,0.14,0,344,813,1
2026-08-28T11:17:42.876341,830.7,cam_06,ONLINE,0.28,0,203,585,1
2026-08-28T11:17:42.876341,830.7,cam_07,ONLINE,0.12,0,215,559,1
2026-08-28T11:17:42.876341,830.7,cam_08,ONLINE,0.11,0,317,753,1
2026-08-28T11:17:42.876341,830.7,cam_09,ONLINE,1.88,0,424,926,1
2026-08-28T11:17:42.876341,830.7,cam_10,ONLINE,0.62,0,397,870,1
2026-08-28T11:17:42.876341,830.7,cam_11,ONLINE,0.06,0,312,814,1
2026-08-28T11:17:42.876341,830.7,cam_12,ONLINE,0.11,0,236,622,1
2026-08-28T11:17:42.876341,830.7,cam_13,ONLINE,0.17,0,297,163,1
2026-08-28T11:17:42.876341,830.7,cam_14,ONLINE,0.22,0,191,539,1
2026-08-28T11:17:42.876341,830.7,cam_15,ONLINE,0.41,0,449,932,1
2026-08-28T11:17:52.883073,840.7,cam_01,ONLINE,0.31,0,418,991,1
2026-08-28T11:17:52.883073,840.7,cam_02,ONLINE,0.22,0,440,1000,1
2026-08-28T11:17:52.883073,840.7,cam_03,ONLINE,0.06,0,262,685,1
2026-08-28T11:17:52.883073,840.7,cam_04,ONLINE,0.14,0,287,751,1
2026-08-28T11:17:52.883073,840.7,cam_05,ONLINE,0.14,0,344,813,1
2026-08-28T11:17:52.883073,840.7,cam_06,ONLINE,0.28,0,203,585,1
2026-08-28T11:17:52.883073,840.7,cam_07,ONLINE,0.12,0,215,559,1
2026-08-28T11:17:52.883073,840.7,cam_08,ONLINE,0.11,0,317,753,1
2026-08-28T11:17:52.883073,840.7,cam_09,ONLINE,1.88,0,424,926,1
2026-08-28T11:17:52.883073,840.7,cam_10,ONLINE,0.62,0,397,870,1
2026-08-28T11:17:52.883073,840.7,cam_11,ONLINE,0.06,0,312,814,1
2026-08-28T11:17:52.883073,840.7,cam_12,ONLINE,0.11,0,236,622,1
2026-08-28T11:17:52.883073,840.7,cam_13,ONLINE,0.17,0,297,163,1
2026-08-28T11:17:52.883073,840.7,cam_14,ONLINE,0.22,0,191,539,1
2026-08-28T11:17:52.883073,840.7,cam_15,ONLINE,0.41,0,449,932,1
2026-08-28T11:18:02.894094,850.8,cam_01,ONLINE,0.31,0,418,991,1
2026-08-28T11:18:02.894094,850.8,cam_02,ONLINE,0.22,0,440,1000,1
2026-08-28T11:18:02.894094,850.8,cam_03,ONLINE,0.06,0,262,685,1
2026-08-28T11:18:02.894094,850.8,cam_04,ONLINE,0.14,0,287,751,1
2026-08-28T11:18:02.894094,850.8,cam_05,ONLINE,0.14,0,344,813,1
2026-08-28T11:18:02.894094,850.8,cam_06,ONLINE,0.28,0,203,585,1
2026-08-28T11:18:02.894094,850.8,cam_07,ONLINE,0.12,0,215,559,1
2026-08-28T11:18:02.894094,850.8,cam_08,ONLINE,0.11,0,317,753,1
2026-08-28T11:18:02.894094,850.8,cam_09,ONLINE,1.88,0,424,926,1
2026-08-28T11:18:02.894094,850.8,cam_10,ONLINE,0.62,0,397,870,1
2026-08-28T11:18:02.894094,850.8,cam_11,ONLINE,0.06,0,312,814,1
2026-08-28T11:18:02.894094,850.8,cam_12,ONLINE,0.11,0,236,622,1
2026-08-28T11:18:02.894094,850.8,cam_13,ONLINE,0.17,0,297,163,1
2026-08-28T11:18:02.894094,850.8,cam_14,ONLINE,0.22,0,191,539,1
2026-08-28T11:18:02.894094,850.8,cam_15,ONLINE,0.41,0,449,932,1
2026-08-28T11:18:12.900273,860.8,cam_01,ONLINE,0.31,0,418,991,1
2026-08-28T11:18:12.900273,860.8,cam_02,ONLINE,0.22,0,440,1000,1
2026-08-28T11:18:12.900273,860.8,cam_03,ONLINE,0.06,0,262,685,1
2026-08-28T11:18:12.900273,860.8,cam_04,ONLINE,0.14,0,287,751,1
2026-08-28T11:18:12.900273,860.8,cam_05,ONLINE,0.14,0,344,813,1
2026-08-28T11:18:12.900273,860.8,cam_06,ONLINE,0.28,0,203,585,1
2026-08-28T11:18:12.900273,860.8,cam_07,ONLINE,0.12,0,215,559,1
2026-08-28T11:18:12.900273,860.8,cam_08,ONLINE,0.11,0,317,753,1
2026-08-28T11:18:12.900273,860.8,cam_09,ONLINE,1.88,0,424,926,1
2026-08-28T11:18:12.900273,860.8,cam_10,ONLINE,0.62,0,397,870,1
2026-08-28T11:18:12.900273,860.8,cam_11,ONLINE,0.06,0,312,814,1
2026-08-28T11:18:12.900273,860.8,cam_12,ONLINE,0.11,0,236,622,1
2026-08-28T11:18:12.900273,860.8,cam_13,ONLINE,0.17,0,297,163,1
2026-08-28T11:18:12.900273,860.8,cam_14,ONLINE,0.22,0,191,539,1
2026-08-28T11:18:12.900273,860.8,cam_15,ONLINE,0.41,0,449,932,1
2026-08-28T11:18:22.904427,870.8,cam_01,ONLINE,0.31,0,418,991,1
2026-08-28T11:18:22.904427,870.8,cam_02,ONLINE,0.22,0,440,1000,1
2026-08-28T11:18:22.904427,870.8,cam_03,ONLINE,0.06,0,262,685,1
2026-08-28T11:18:22.904427,870.8,cam_04,ONLINE,0.14,0,287,751,1
2026-08-28T11:18:22.904427,870.8,cam_05,ONLINE,0.14,0,344,813,1
2026-08-28T11:18:22.904427,870.8,cam_06,ONLINE,0.28,0,203,585,1
2026-08-28T11:18:22.904427,870.8,cam_07,ONLINE,0.12,0,215,559,1
2026-08-28T11:18:22.904427,870.8,cam_08,ONLINE,0.11,0,317,753,1
2026-08-28T11:18:22.904427,870.8,cam_09,ONLINE,1.88,0,424,926,1
2026-08-28T11:18:22.904427,870.8,cam_10,ONLINE,0.62,0,397,870,1
2026-08-28T11:18:22.904427,870.8,cam_11,ONLINE,0.06,0,312,814,1
2026-08-28T11:18:22.904427,870.8,cam_12,ONLINE,0.11,0,236,622,1
2026-08-28T11:18:22.904427,870.8,cam_13,ONLINE,0.17,0,297,163,1
2026-08-28T11:18:22.904427,870.8,cam_14,ONLINE,0.22,0,191,539,1
2026-08-28T11:18:22.904427,870.8,cam_15,ONLINE,0.41,0,449,932,1
2026-08-28T11:18:32.910843,880.8,cam_01,ONLINE,0.31,0,418,991,1
2026-08-28T11:18:32.910843,880.8,cam_02,ONLINE,0.22,0,440,1000,1
2026-08-28T11:18:32.910843,880.8,cam_03,ONLINE,0.06,0,262,685,1
2026-08-28T11:18:32.910843,880.8,cam_04,ONLINE,0.14,0,287,751,1
2026-08-28T11:18:32.910843,880.8,cam_05,ONLINE,0.14,0,344,813,1
2026-08-28T11:18:32.910843,880.8,cam_06,ONLINE,0.28,0,203,585,1
2026-08-28T11:18:32.910843,880.8,cam_07,ONLINE,0.12,0,215,559,1
2026-08-28T11:18:32.910843,880.8,cam_08,ONLINE,0.11,0,317,753,1
2026-08-28T11:18:32.910843,880.8,cam_09,ONLINE,1.88,0,424,926,1
2026-08-28T11:18:32.910843,880.8,cam_10,ONLINE,0.62,0,397,870,1
2026-08-28T11:18:32.910843,880.8,cam_11,ONLINE,0.06,0,312,814,1
2026-08-28T11:18:32.910843,880.8,cam_12,ONLINE,0.11,0,236,622,1
2026-08-28T11:18:32.910843,880.8,cam_13,ONLINE,0.17,0,297,163,1
2026-08-28T11:18:32.910843,880.8,cam_14,ONLINE,0.22,0,191,539,1
2026-08-28T11:18:32.910843,880.8,cam_15,ONLINE,0.41,0,449,932,1
2026-08-28T11:18:42.916229,890.8,cam_01,ONLINE,0.31,0,418,991,1
2026-08-28T11:18:42.916229,890.8,cam_02,ONLINE,0.22,0,440,1000,1
2026-08-28T11:18:42.916229,890.8,cam_03,ONLINE,0.06,0,262,685,1
2026-08-28T11:18:42.916229,890.8,cam_04,ONLINE,0.14,0,287,751,1
2026-08-28T11:18:42.916229,890.8,cam_05,ONLINE,0.14,0,344,813,1
2026-08-28T11:18:42.916229,890.8,cam_06,ONLINE,0.28,0,203,585,1
2026-08-28T11:18:42.916229,890.8,cam_07,ONLINE,0.12,0,215,559,1
2026-08-28T11:18:42.916229,890.8,cam_08,ONLINE,0.11,0,317,753,1
2026-08-28T11:18:42.916229,890.8,cam_09,ONLINE,1.88,0,424,926,1
2026-08-28T11:18:42.916229,890.8,cam_10,ONLINE,0.62,0,397,870,1
2026-08-28T11:18:42.916229,890.8,cam_11,ONLINE,0.06,0,312,814,1
2026-08-28T11:18:42.916229,890.8,cam_12,ONLINE,0.11,0,236,622,1
2026-08-28T11:18:42.916229,890.8,cam_13,ONLINE,0.17,0,297,163,1
2026-08-28T11:18:42.916229,890.8,cam_14,ONLINE,0.22,0,191,539,1
2026-08-28T11:18:42.916229,890.8,cam_15,ONLINE,0.41,0,449,932,1
2026-08-28T11:18:52.923592,900.8,cam_01,ONLINE,0.31,0,418,991,1
2026-08-28T11:18:52.923592,900.8,cam_02,ONLINE,0.22,0,440,1000,1
2026-08-28T11:18:52.923592,900.8,cam_03,ONLINE,0.06,0,262,685,1
2026-08-28T11:18:52.923592,900.8,cam_04,ONLINE,0.14,0,287,751,1
2026-08-28T11:18:52.923592,900.8,cam_05,ONLINE,0.14,0,344,813,1
2026-08-28T11:18:52.923592,900.8,cam_06,ONLINE,0.28,0,203,585,1
2026-08-28T11:18:52.923592,900.8,cam_07,ONLINE,0.12,0,215,559,1
2026-08-28T11:18:52.923592,900.8,cam_08,ONLINE,0.11,0,317,753,1
2026-08-28T11:18:52.923592,900.8,cam_09,ONLINE,1.88,0,424,926,1
2026-08-28T11:18:52.923592,900.8,cam_10,ONLINE,0.62,0,397,870,1
2026-08-28T11:18:52.923592,900.8,cam_11,ONLINE,0.06,0,312,814,1
2026-08-28T11:18:52.923592,900.8,cam_12,ONLINE,0.11,0,236,622,1
2026-08-28T11:18:52.923592,900.8,cam_13,ONLINE,0.17,0,297,163,1
2026-08-28T11:18:52.923592,900.8,cam_14,ONLINE,0.22,0,191,539,1
2026-08-28T11:18:52.923592,900.8,cam_15,ONLINE,0.41,0,449,932,1
2026-08-28T11:19:02.933908,910.8,cam_01,ONLINE,0.31,0,418,991,1
2026-08-28T11:19:02.933908,910.8,cam_02,ONLINE,0.22,0,440,1000,1
2026-08-28T11:19:02.933908,910.8,cam_03,ONLINE,0.06,0,262,685,1
2026-08-28T11:19:02.933908,910.8,cam_04,ONLINE,0.14,0,287,751,1
2026-08-28T11:19:02.933908,910.8,cam_05,ONLINE,0.14,0,344,813,1
2026-08-28T11:19:02.933908,910.8,cam_06,ONLINE,0.28,0,203,585,1
2026-08-28T11:19:02.933908,910.8,cam_07,ONLINE,0.12,0,215,559,1
2026-08-28T11:19:02.933908,910.8,cam_08,ONLINE,0.11,0,317,753,1
2026-08-28T11:19:02.933908,910.8,cam_09,ONLINE,1.88,0,424,926,1
2026-08-28T11:19:02.933908,910.8,cam_10,ONLINE,0.62,0,397,870,1
2026-08-28T11:19:02.933908,910.8,cam_11,ONLINE,0.06,0,312,814,1
2026-08-28T11:19:02.933908,910.8,cam_12,ONLINE,0.11,0,236,622,1
2026-08-28T11:19:02.933908,910.8,cam_13,ONLINE,0.17,0,297,163,1
2026-08-28T11:19:02.933908,910.8,cam_14,ONLINE,0.22,0,191,539,1
2026-08-28T11:19:02.933908,910.8,cam_15,ONLINE,0.41,0,449,932,1
2026-08-28T11:19:12.941741,920.8,cam_01,ONLINE,0.31,0,418,991,1
2026-08-28T11:19:12.941741,920.8,cam_02,ONLINE,0.22,0,440,1000,1
2026-08-28T11:19:12.941741,920.8,cam_03,ONLINE,0.06,0,262,685,1
2026-08-28T11:19:12.941741,920.8,cam_04,ONLINE,0.14,0,287,751,1
2026-08-28T11:19:12.941741,920.8,cam_05,ONLINE,0.14,0,344,813,1
2026-08-28T11:19:12.941741,920.8,cam_06,ONLINE,0.28,0,203,585,1
2026-08-28T11:19:12.941741,920.8,cam_07,ONLINE,0.12,0,215,559,1
2026-08-28T11:19:12.941741,920.8,cam_08,ONLINE,0.11,0,317,753,1
2026-08-28T11:19:12.941741,920.8,cam_09,ONLINE,1.88,0,424,926,1
2026-08-28T11:19:12.941741,920.8,cam_10,ONLINE,0.62,0,397,870,1
2026-08-28T11:19:12.941741,920.8,cam_11,ONLINE,0.06,0,312,814,1
2026-08-28T11:19:12.941741,920.8,cam_12,ONLINE,0.11,0,236,622,1
2026-08-28T11:19:12.941741,920.8,cam_13,ONLINE,0.17,0,297,163,1
2026-08-28T11:19:12.941741,920.8,cam_14,ONLINE,0.22,0,191,539,1
2026-08-28T11:19:12.941741,920.8,cam_15,ONLINE,0.41,0,449,932,1
2026-08-28T11:19:22.949460,930.8,cam_01,ONLINE,0.31,0,418,991,1
2026-08-28T11:19:22.949460,930.8,cam_02,ONLINE,0.22,0,440,1000,1
2026-08-28T11:19:22.949460,930.8,cam_03,ONLINE,0.06,0,262,685,1
2026-08-28T11:19:22.949460,930.8,cam_04,ONLINE,0.14,0,287,751,1
2026-08-28T11:19:22.949460,930.8,cam_05,ONLINE,0.14,0,344,813,1
2026-08-28T11:19:22.949460,930.8,cam_06,ONLINE,0.28,0,203,585,1
2026-08-28T11:19:22.949460,930.8,cam_07,ONLINE,0.12,0,215,559,1
2026-08-28T11:19:22.949460,930.8,cam_08,ONLINE,0.11,0,317,753,1
2026-08-28T11:19:22.949460,930.8,cam_09,ONLINE,1.88,0,424,926,1
2026-08-28T11:19:22.949460,930.8,cam_10,ONLINE,0.62,0,397,870,1
2026-08-28T11:19:22.949460,930.8,cam_11,ONLINE,0.06,0,312,814,1
2026-08-28T11:19:22.949460,930.8,cam_12,ONLINE,0.11,0,236,622,1
2026-08-28T11:19:22.949460,930.8,cam_13,ONLINE,0.17,0,297,163,1
2026-08-28T11:19:22.949460,930.8,cam_14,ONLINE,0.22,0,191,539,1
2026-08-28T11:19:22.949460,930.8,cam_15,ONLINE,0.41,0,449,932,1
2026-08-28T11:19:32.953913,940.8,cam_01,ONLINE,0.31,0,418,991,1
2026-08-28T11:19:32.953913,940.8,cam_02,ONLINE,0.22,0,440,1000,1
2026-08-28T11:19:32.953913,940.8,cam_03,ONLINE,0.06,0,262,685,1
2026-08-28T11:19:32.953913,940.8,cam_04,ONLINE,0.14,0,287,751,1
2026-08-28T11:19:32.953913,940.8,cam_05,ONLINE,0.14,0,344,813,1
2026-08-28T11:19:32.953913,940.8,cam_06,ONLINE,0.28,0,203,585,1
2026-08-28T11:19:32.953913,940.8,cam_07,ONLINE,0.12,0,215,559,1
2026-08-28T11:19:32.953913,940.8,cam_08,ONLINE,0.11,0,317,753,1
2026-08-28T11:19:32.953913,940.8,cam_09,ONLINE,1.88,0,424,926,1
2026-08-28T11:19:32.953913,940.8,cam_10,ONLINE,0.62,0,397,870,1
2026-08-28T11:19:32.953913,940.8,cam_11,ONLINE,0.06,0,312,814,1
2026-08-28T11:19:32.953913,940.8,cam_12,ONLINE,0.11,0,236,622,1
2026-08-28T11:19:32.953913,940.8,cam_13,ONLINE,0.17,0,297,163,1
2026-08-28T11:19:32.953913,940.8,cam_14,ONLINE,0.22,0,191,539,1
2026-08-28T11:19:32.953913,940.8,cam_15,ONLINE,0.41,0,449,932,1
2026-08-28T11:19:42.960095,950.8,cam_01,ONLINE,0.31,0,418,991,1
2026-08-28T11:19:42.960095,950.8,cam_02,ONLINE,0.22,0,440,1000,1
2026-08-28T11:19:42.960095,950.8,cam_03,ONLINE,0.06,0,262,685,1
2026-08-28T11:19:42.960095,950.8,cam_04,ONLINE,0.14,0,287,751,1
2026-08-28T11:19:42.960095,950.8,cam_05,ONLINE,0.14,0,344,813,1
2026-08-28T11:19:42.960095,950.8,cam_06,ONLINE,0.28,0,203,585,1
2026-08-28T11:19:42.960095,950.8,cam_07,ONLINE,0.12,0,215,559,1
2026-08-28T11:19:42.960095,950.8,cam_08,ONLINE,0.11,0,317,753,1
2026-08-28T11:19:42.960095,950.8,cam_09,ONLINE,1.88,0,424,926,1
2026-08-28T11:19:42.960095,950.8,cam_10,ONLINE,0.62,0,397,870,1
2026-08-28T11:19:42.960095,950.8,cam_11,ONLINE,0.06,0,312,814,1
2026-08-28T11:19:42.960095,950.8,cam_12,ONLINE,0.11,0,236,622,1
2026-08-28T11:19:42.960095,950.8,cam_13,ONLINE,0.17,0,297,163,1
2026-08-28T11:19:42.960095,950.8,cam_14,ONLINE,0.22,0,191,539,1
2026-08-28T11:19:42.960095,950.8,cam_15,ONLINE,0.41,0,449,932,1
2026-08-28T11:19:52.967361,960.8,cam_01,ONLINE,0.31,0,418,991,1
2026-08-28T11:19:52.967361,960.8,cam_02,ONLINE,0.22,0,440,1000,1
2026-08-28T11:19:52.967361,960.8,cam_03,ONLINE,0.06,0,262,685,1
2026-08-28T11:19:52.967361,960.8,cam_04,ONLINE,0.14,0,287,751,1
2026-08-28T11:19:52.967361,960.8,cam_05,ONLINE,0.14,0,344,813,1
2026-08-28T11:19:52.967361,960.8,cam_06,ONLINE,0.28,0,203,585,1
2026-08-28T11:19:52.967361,960.8,cam_07,ONLINE,0.12,0,215,559,1
2026-08-28T11:19:52.967361,960.8,cam_08,ONLINE,0.11,0,317,753,1
2026-08-28T11:19:52.967361,960.8,cam_09,ONLINE,1.88,0,424,926,1
2026-08-28T11:19:52.967361,960.8,cam_10,ONLINE,0.62,0,397,870,1
2026-08-28T11:19:52.967361,960.8,cam_11,ONLINE,0.06,0,312,814,1
2026-08-28T11:19:52.967361,960.8,cam_12,ONLINE,0.11,0,236,622,1
2026-08-28T11:19:52.967361,960.8,cam_13,ONLINE,0.17,0,297,163,1
2026-08-28T11:19:52.967361,960.8,cam_14,ONLINE,0.22,0,191,539,1
2026-08-28T11:19:52.967361,960.8,cam_15,ONLINE,0.41,0,449,932,1
2026-08-28T11:20:02.976277,970.8,cam_01,ONLINE,0.31,0,418,991,1
2026-08-28T11:20:02.976277,970.8,cam_02,ONLINE,0.22,0,440,1000,1
2026-08-28T11:20:02.976277,970.8,cam_03,ONLINE,0.06,0,262,685,1
2026-08-28T11:20:02.976277,970.8,cam_04,ONLINE,0.14,0,287,751,1
2026-08-28T11:20:02.976277,970.8,cam_05,ONLINE,0.14,0,344,813,1
2026-08-28T11:20:02.976277,970.8,cam_06,ONLINE,0.28,0,203,585,1
2026-08-28T11:20:02.976277,970.8,cam_07,ONLINE,0.12,0,215,559,1
2026-08-28T11:20:02.976277,970.8,cam_08,ONLINE,0.11,0,317,753,1
2026-08-28T11:20:02.976277,970.8,cam_09,ONLINE,1.88,0,424,926,1
2026-08-28T11:20:02.976277,970.8,cam_10,ONLINE,0.62,0,397,870,1
2026-08-28T11:20:02.976277,970.8,cam_11,ONLINE,0.06,0,312,814,1
2026-08-28T11:20:02.976277,970.8,cam_12,ONLINE,0.11,0,236,622,1
2026-08-28T11:20:02.976277,970.8,cam_13,ONLINE,0.17,0,297,163,1
2026-08-28T11:20:02.976277,970.8,cam_14,ONLINE,0.22,0,191,539,1
2026-08-28T11:20:02.976277,970.8,cam_15,ONLINE,0.41,0,449,932,1
2026-08-28T11:20:12.983979,980.8,cam_01,ONLINE,0.31,0,418,991,1
2026-08-28T11:20:12.983979,980.8,cam_02,ONLINE,0.22,0,440,1000,1
2026-08-28T11:20:12.983979,980.8,cam_03,ONLINE,0.06,0,262,685,1
2026-08-28T11:20:12.983979,980.8,cam_04,ONLINE,0.14,0,287,751,1
2026-08-28T11:20:12.983979,980.8,cam_05,ONLINE,0.14,0,344,813,1
2026-08-28T11:20:12.983979,980.8,cam_06,ONLINE,0.28,0,203,585,1
2026-08-28T11:20:12.983979,980.8,cam_07,ONLINE,0.12,0,215,559,1
2026-08-28T11:20:12.983979,980.8,cam_08,ONLINE,0.11,0,317,753,1
2026-08-28T11:20:12.983979,980.8,cam_09,ONLINE,1.88,0,424,926,1
2026-08-28T11:20:12.983979,980.8,cam_10,ONLINE,0.62,0,397,870,1
2026-08-28T11:20:12.983979,980.8,cam_11,ONLINE,0.06,0,312,814,1
2026-08-28T11:20:12.983979,980.8,cam_12,ONLINE,0.11,0,236,622,1
2026-08-28T11:20:12.983979,980.8,cam_13,ONLINE,0.17,0,297,163,1
2026-08-28T11:20:12.983979,980.8,cam_14,ONLINE,0.22,0,191,539,1
2026-08-28T11:20:12.983979,980.8,cam_15,ONLINE,0.41,0,449,932,1
2026-08-28T11:20:22.989484,990.8,cam_01,ONLINE,0.31,0,418,991,1
2026-08-28T11:20:22.989484,990.8,cam_02,ONLINE,0.22,0,440,1000,1
2026-08-28T11:20:22.989484,990.8,cam_03,ONLINE,0.06,0,262,685,1
2026-08-28T11:20:22.989484,990.8,cam_04,ONLINE,0.14,0,287,751,1
2026-08-28T11:20:22.989484,990.8,cam_05,ONLINE,0.14,0,344,813,1
2026-08-28T11:20:22.989484,990.8,cam_06,ONLINE,0.28,0,203,585,1
2026-08-28T11:20:22.989484,990.8,cam_07,ONLINE,0.12,0,215,559,1
2026-08-28T11:20:22.989484,990.8,cam_08,ONLINE,0.11,0,317,753,1
2026-08-28T11:20:22.989484,990.8,cam_09,ONLINE,1.88,0,424,926,1
2026-08-28T11:20:22.989484,990.8,cam_10,ONLINE,0.62,0,397,870,1
2026-08-28T11:20:22.989484,990.8,cam_11,ONLINE,0.06,0,312,814,1
2026-08-28T11:20:22.989484,990.8,cam_12,ONLINE,0.11,0,236,622,1
2026-08-28T11:20:22.989484,990.8,cam_13,ONLINE,0.17,0,297,163,1
2026-08-28T11:20:22.989484,990.8,cam_14,ONLINE,0.22,0,191,539,1
2026-08-28T11:20:22.989484,990.8,cam_15,ONLINE,0.41,0,449,932,1
2026-08-28T11:20:32.995058,1000.8,cam_01,ONLINE,0.31,0,418,991,1
2026-08-28T11:20:32.995058,1000.8,cam_02,ONLINE,0.22,0,440,1000,1
2026-08-28T11:20:32.995058,1000.8,cam_03,ONLINE,0.06,0,262,685,1
2026-08-28T11:20:32.995058,1000.8,cam_04,ONLINE,0.14,0,287,751,1
2026-08-28T11:20:32.995058,1000.8,cam_05,ONLINE,0.14,0,344,813,1
2026-08-28T11:20:32.995058,1000.8,cam_06,ONLINE,0.28,0,203,585,1
2026-08-28T11:20:32.995058,1000.8,cam_07,ONLINE,0.12,0,215,559,1
2026-08-28T11:20:32.995058,1000.8,cam_08,ONLINE,0.11,0,317,753,1
2026-08-28T11:20:32.995058,1000.8,cam_09,ONLINE,1.88,0,424,926,1
2026-08-28T11:20:32.995058,1000.8,cam_10,ONLINE,0.62,0,397,870,1
2026-08-28T11:20:32.995058,1000.8,cam_11,ONLINE,0.06,0,312,814,1
2026-08-28T11:20:32.995058,1000.8,cam_12,ONLINE,0.11,0,236,622,1
2026-08-28T11:20:32.995058,1000.8,cam_13,ONLINE,0.17,0,297,163,1
2026-08-28T11:20:32.995058,1000.8,cam_14,ONLINE,0.22,0,191,539,1
2026-08-28T11:20:32.995058,1000.8,cam_15,ONLINE,0.41,0,449,932,1
2026-08-28T11:20:43.002118,1010.9,cam_01,ONLINE,0.31,0,418,991,1
2026-08-28T11:20:43.002118,1010.9,cam_02,ONLINE,0.22,0,440,1000,1
2026-08-28T11:20:43.002118,1010.9,cam_03,ONLINE,0.06,0,262,685,1
2026-08-28T11:20:43.002118,1010.9,cam_04,ONLINE,0.14,0,287,751,1
2026-08-28T11:20:43.002118,1010.9,cam_05,ONLINE,0.14,0,344,813,1
2026-08-28T11:20:43.002118,1010.9,cam_06,ONLINE,0.28,0,203,585,1
2026-08-28T11:20:43.002118,1010.9,cam_07,ONLINE,0.12,0,215,559,1
2026-08-28T11:20:43.002118,1010.9,cam_08,ONLINE,0.11,0,317,753,1
2026-08-28T11:20:43.002118,1010.9,cam_09,ONLINE,1.88,0,424,926,1
2026-08-28T11:20:43.002118,1010.9,cam_10,ONLINE,0.62,0,397,870,1
2026-08-28T11:20:43.002118,1010.9,cam_11,ONLINE,0.06,0,312,814,1
2026-08-28T11:20:43.002118,1010.9,cam_12,ONLINE,0.11,0,236,622,1
2026-08-28T11:20:43.002118,1010.9,cam_13,ONLINE,0.17,0,297,163,1
2026-08-28T11:20:43.002118,1010.9,cam_14,ONLINE,0.22,0,191,539,1
2026-08-28T11:20:43.002118,1010.9,cam_15,ONLINE,0.41,0,449,932,1
2026-08-28T11:20:53.008833,1020.9,cam_01,ONLINE,0.31,0,418,991,1
2026-08-28T11:20:53.008833,1020.9,cam_02,ONLINE,0.22,0,440,1000,1
2026-08-28T11:20:53.008833,1020.9,cam_03,ONLINE,0.06,0,262,685,1
2026-08-28T11:20:53.008833,1020.9,cam_04,ONLINE,0.14,0,287,751,1
2026-08-28T11:20:53.008833,1020.9,cam_05,ONLINE,0.14,0,344,813,1
2026-08-28T11:20:53.008833,1020.9,cam_06,ONLINE,0.28,0,203,585,1
2026-08-28T11:20:53.008833,1020.9,cam_07,ONLINE,0.12,0,215,559,1
2026-08-28T11:20:53.008833,1020.9,cam_08,ONLINE,0.11,0,317,753,1
2026-08-28T11:20:53.008833,1020.9,cam_09,ONLINE,1.88,0,424,926,1
2026-08-28T11:20:53.008833,1020.9,cam_10,ONLINE,0.62,0,397,870,1
2026-08-28T11:20:53.008833,1020.9,cam_11,ONLINE,0.06,0,312,814,1
2026-08-28T11:20:53.008833,1020.9,cam_12,ONLINE,0.11,0,236,622,1
2026-08-28T11:20:53.008833,1020.9,cam_13,ONLINE,0.17,0,297,163,1
2026-08-28T11:20:53.008833,1020.9,cam_14,ONLINE,0.22,0,191,539,1
2026-08-28T11:20:53.008833,1020.9,cam_15,ONLINE,0.41,0,449,932,1
2026-08-28T11:21:03.016698,1030.9,cam_01,ONLINE,0.31,0,418,991,1
2026-08-28T11:21:03.016698,1030.9,cam_02,ONLINE,0.22,0,440,1000,1
2026-08-28T11:21:03.016698,1030.9,cam_03,ONLINE,0.06,0,262,685,1
2026-08-28T11:21:03.016698,1030.9,cam_04,ONLINE,0.14,0,287,751,1
2026-08-28T11:21:03.016698,1030.9,cam_05,ONLINE,0.14,0,344,813,1
2026-08-28T11:21:03.016698,1030.9,cam_06,ONLINE,0.28,0,203,585,1
2026-08-28T11:21:03.016698,1030.9,cam_07,ONLINE,0.12,0,215,559,1
2026-08-28T11:21:03.016698,1030.9,cam_08,ONLINE,0.11,0,317,753,1
2026-08-28T11:21:03.016698,1030.9,cam_09,ONLINE,1.88,0,424,926,1
2026-08-28T11:21:03.016698,1030.9,cam_10,ONLINE,0.62,0,397,870,1
2026-08-28T11:21:03.016698,1030.9,cam_11,ONLINE,0.06,0,312,814,1
2026-08-28T11:21:03.016698,1030.9,cam_12,ONLINE,0.11,0,236,622,1
2026-08-28T11:21:03.016698,1030.9,cam_13,ONLINE,0.17,0,297,163,1
2026-08-28T11:21:03.016698,1030.9,cam_14,ONLINE,0.22,0,191,539,1
2026-08-28T11:21:03.016698,1030.9,cam_15,ONLINE,0.41,0,449,932,1
2026-08-28T11:21:13.022796,1040.9,cam_01,ONLINE,0.31,0,418,991,1
2026-08-28T11:21:13.022796,1040.9,cam_02,ONLINE,0.22,0,440,1000,1
2026-08-28T11:21:13.022796,1040.9,cam_03,ONLINE,0.06,0,262,685,1
2026-08-28T11:21:13.022796,1040.9,cam_04,ONLINE,0.14,0,287,751,1
2026-08-28T11:21:13.022796,1040.9,cam_05,ONLINE,0.14,0,344,813,1
2026-08-28T11:21:13.022796,1040.9,cam_06,ONLINE,0.28,0,203,585,1
2026-08-28T11:21:13.022796,1040.9,cam_07,ONLINE,0.12,0,215,559,1
2026-08-28T11:21:13.022796,1040.9,cam_08,ONLINE,0.11,0,317,753,1
2026-08-28T11:21:13.022796,1040.9,cam_09,ONLINE,1.88,0,424,926,1
2026-08-28T11:21:13.022796,1040.9,cam_10,ONLINE,0.62,0,397,870,1
2026-08-28T11:21:13.022796,1040.9,cam_11,ONLINE,0.06,0,312,814,1
2026-08-28T11:21:13.022796,1040.9,cam_12,ONLINE,0.11,0,236,622,1
2026-08-28T11:21:13.022796,1040.9,cam_13,ONLINE,0.17,0,297,163,1
2026-08-28T11:21:13.022796,1040.9,cam_14,ONLINE,0.22,0,191,539,1
2026-08-28T11:21:13.022796,1040.9,cam_15,ONLINE,0.41,0,449,932,1
2026-08-28T11:21:23.028494,1050.9,cam_01,ONLINE,0.31,0,418,991,1
2026-08-28T11:21:23.028494,1050.9,cam_02,ONLINE,0.22,0,440,1000,1
2026-08-28T11:21:23.028494,1050.9,cam_03,ONLINE,0.06,0,262,685,1
2026-08-28T11:21:23.028494,1050.9,cam_04,ONLINE,0.14,0,287,751,1
2026-08-28T11:21:23.028494,1050.9,cam_05,ONLINE,0.14,0,344,813,1
2026-08-28T11:21:23.028494,1050.9,cam_06,ONLINE,0.28,0,203,585,1
2026-08-28T11:21:23.028494,1050.9,cam_07,ONLINE,0.12,0,215,559,1
2026-08-28T11:21:23.028494,1050.9,cam_08,ONLINE,0.11,0,317,753,1
2026-08-28T11:21:23.028494,1050.9,cam_09,ONLINE,1.88,0,424,926,1
2026-08-28T11:21:23.028494,1050.9,cam_10,ONLINE,0.62,0,397,870,1
2026-08-28T11:21:23.028494,1050.9,cam_11,ONLINE,0.06,0,312,814,1
2026-08-28T11:21:23.028494,1050.9,cam_12,ONLINE,0.11,0,236,622,1
2026-08-28T11:21:23.028494,1050.9,cam_13,ONLINE,0.17,0,297,163,1
2026-08-28T11:21:23.028494,1050.9,cam_14,ONLINE,0.22,0,191,539,1
2026-08-28T11:21:23.028494,1050.9,cam_15,ONLINE,0.41,0,449,932,1
2026-08-28T11:21:33.035202,1060.9,cam_01,ONLINE,0.31,0,418,991,1
2026-08-28T11:21:33.035202,1060.9,cam_02,ONLINE,0.22,0,440,1000,1
2026-08-28T11:21:33.035202,1060.9,cam_03,ONLINE,0.06,0,262,685,1
2026-08-28T11:21:33.035202,1060.9,cam_04,ONLINE,0.14,0,287,751,1
2026-08-28T11:21:33.035202,1060.9,cam_05,ONLINE,0.14,0,344,813,1
2026-08-28T11:21:33.035202,1060.9,cam_06,ONLINE,0.28,0,203,585,1
2026-08-28T11:21:33.035202,1060.9,cam_07,ONLINE,0.12,0,215,559,1
2026-08-28T11:21:33.035202,1060.9,cam_08,ONLINE,0.11,0,317,753,1
2026-08-28T11:21:33.035202,1060.9,cam_09,ONLINE,1.88,0,424,926,1
2026-08-28T11:21:33.035202,1060.9,cam_10,ONLINE,0.62,0,397,870,1
2026-08-28T11:21:33.035202,1060.9,cam_11,ONLINE,0.06,0,312,814,1
2026-08-28T11:21:33.035202,1060.9,cam_12,ONLINE,0.11,0,236,622,1
2026-08-28T11:21:33.035202,1060.9,cam_13,ONLINE,0.17,0,297,163,1
2026-08-28T11:21:33.035202,1060.9,cam_14,ONLINE,0.22,0,191,539,1
2026-08-28T11:21:33.035202,1060.9,cam_15,ONLINE,0.41,0,449,932,1
2026-08-28T11:21:43.043231,1070.9,cam_01,ONLINE,0.31,0,418,991,1
2026-08-28T11:21:43.043231,1070.9,cam_02,ONLINE,0.22,0,440,1000,1
2026-08-28T11:21:43.043231,1070.9,cam_03,ONLINE,0.06,0,262,685,1
2026-08-28T11:21:43.043231,1070.9,cam_04,ONLINE,0.14,0,287,751,1
2026-08-28T11:21:43.043231,1070.9,cam_05,ONLINE,0.14,0,344,813,1
2026-08-28T11:21:43.043231,1070.9,cam_06,ONLINE,0.28,0,203,585,1
2026-08-28T11:21:43.043231,1070.9,cam_07,ONLINE,0.12,0,215,559,1
2026-08-28T11:21:43.043231,1070.9,cam_08,ONLINE,0.11,0,317,753,1
2026-08-28T11:21:43.043231,1070.9,cam_09,ONLINE,1.88,0,424,926,1
2026-08-28T11:21:43.043231,1070.9,cam_10,ONLINE,0.62,0,397,870,1
2026-08-28T11:21:43.043231,1070.9,cam_11,ONLINE,0.06,0,312,814,1
2026-08-28T11:21:43.043231,1070.9,cam_12,ONLINE,0.11,0,236,622,1
2026-08-28T11:21:43.043231,1070.9,cam_13,ONLINE,0.17,0,297,163,1
2026-08-28T11:21:43.043231,1070.9,cam_14,ONLINE,0.22,0,191,539,1
2026-08-28T11:21:43.043231,1070.9,cam_15,ONLINE,0.41,0,449,932,1
2026-08-28T11:21:53.051699,1080.9,cam_01,ONLINE,0.31,0,418,991,1
2026-08-28T11:21:53.051699,1080.9,cam_02,ONLINE,0.22,0,440,1000,1
2026-08-28T11:21:53.051699,1080.9,cam_03,ONLINE,0.06,0,262,685,1
2026-08-28T11:21:53.051699,1080.9,cam_04,ONLINE,0.14,0,287,751,1
2026-08-28T11:21:53.051699,1080.9,cam_05,ONLINE,0.14,0,344,813,1
2026-08-28T11:21:53.051699,1080.9,cam_06,ONLINE,0.28,0,203,585,1
2026-08-28T11:21:53.051699,1080.9,cam_07,ONLINE,0.12,0,215,559,1
2026-08-28T11:21:53.051699,1080.9,cam_08,ONLINE,0.11,0,317,753,1
2026-08-28T11:21:53.051699,1080.9,cam_09,ONLINE,1.88,0,424,926,1
2026-08-28T11:21:53.051699,1080.9,cam_10,ONLINE,0.62,0,397,870,1
2026-08-28T11:21:53.051699,1080.9,cam_11,ONLINE,0.06,0,312,814,1
2026-08-28T11:21:53.051699,1080.9,cam_12,ONLINE,0.11,0,236,622,1
2026-08-28T11:21:53.051699,1080.9,cam_13,ONLINE,0.17,0,297,163,1
2026-08-28T11:21:53.051699,1080.9,cam_14,ONLINE,0.22,0,191,539,1
2026-08-28T11:21:53.051699,1080.9,cam_15,ONLINE,0.41,0,449,932,1
2026-08-28T11:22:03.064817,1090.9,cam_01,ONLINE,0.31,0,418,991,1
2026-08-28T11:22:03.064817,1090.9,cam_02,ONLINE,0.22,0,440,1000,1
2026-08-28T11:22:03.064817,1090.9,cam_03,ONLINE,0.06,0,262,685,1
2026-08-28T11:22:03.064817,1090.9,cam_04,ONLINE,0.14,0,287,751,1
2026-08-28T11:22:03.064817,1090.9,cam_05,ONLINE,0.14,0,344,813,1
2026-08-28T11:22:03.064817,1090.9,cam_06,ONLINE,0.28,0,203,585,1
2026-08-28T11:22:03.064817,1090.9,cam_07,ONLINE,0.12,0,215,559,1
2026-08-28T11:22:03.064817,1090.9,cam_08,ONLINE,0.11,0,317,753,1
2026-08-28T11:22:03.064817,1090.9,cam_09,ONLINE,1.88,0,424,926,1
2026-08-28T11:22:03.064817,1090.9,cam_10,ONLINE,0.62,0,397,870,1
2026-08-28T11:22:03.064817,1090.9,cam_11,ONLINE,0.06,0,312,814,1
2026-08-28T11:22:03.064817,1090.9,cam_12,ONLINE,0.11,0,236,622,1
2026-08-28T11:22:03.064817,1090.9,cam_13,ONLINE,0.17,0,297,163,1
2026-08-28T11:22:03.064817,1090.9,cam_14,ONLINE,0.22,0,191,539,1
2026-08-28T11:22:03.064817,1090.9,cam_15,ONLINE,0.41,0,449,932,1
2026-08-28T11:22:13.071774,1100.9,cam_01,ONLINE,0.31,0,418,991,1
2026-08-28T11:22:13.071774,1100.9,cam_02,ONLINE,0.22,0,440,1000,1
2026-08-28T11:22:13.071774,1100.9,cam_03,ONLINE,0.06,0,262,685,1
2026-08-28T11:22:13.071774,1100.9,cam_04,ONLINE,0.14,0,287,751,1
2026-08-28T11:22:13.071774,1100.9,cam_05,ONLINE,0.14,0,344,813,1
2026-08-28T11:22:13.071774,1100.9,cam_06,ONLINE,0.28,0,203,585,1
2026-08-28T11:22:13.071774,1100.9,cam_07,ONLINE,0.12,0,215,559,1
2026-08-28T11:22:13.071774,1100.9,cam_08,ONLINE,0.11,0,317,753,1
2026-08-28T11:22:13.071774,1100.9,cam_09,ONLINE,1.88,0,424,926,1
2026-08-28T11:22:13.071774,1100.9,cam_10,ONLINE,0.62,0,397,870,1
2026-08-28T11:22:13.071774,1100.9,cam_11,ONLINE,0.06,0,312,814,1
2026-08-28T11:22:13.071774,1100.9,cam_12,ONLINE,0.11,0,236,622,1
2026-08-28T11:22:13.071774,1100.9,cam_13,ONLINE,0.17,0,297,163,1
2026-08-28T11:22:13.071774,1100.9,cam_14,ONLINE,0.22,0,191,539,1
2026-08-28T11:22:13.071774,1100.9,cam_15,ONLINE,0.41,0,449,932,1
2026-08-28T11:22:23.078732,1110.9,cam_01,ONLINE,0.31,0,418,991,1
2026-08-28T11:22:23.078732,1110.9,cam_02,ONLINE,0.22,0,440,1000,1
2026-08-28T11:22:23.078732,1110.9,cam_03,ONLINE,0.06,0,262,685,1
2026-08-28T11:22:23.078732,1110.9,cam_04,ONLINE,0.14,0,287,751,1
2026-08-28T11:22:23.078732,1110.9,cam_05,ONLINE,0.14,0,344,813,1
2026-08-28T11:22:23.078732,1110.9,cam_06,ONLINE,0.28,0,203,585,1
2026-08-28T11:22:23.078732,1110.9,cam_07,ONLINE,0.12,0,215,559,1
2026-08-28T11:22:23.078732,1110.9,cam_08,ONLINE,0.11,0,317,753,1
2026-08-28T11:22:23.078732,1110.9,cam_09,ONLINE,1.88,0,424,926,1
2026-08-28T11:22:23.078732,1110.9,cam_10,ONLINE,0.62,0,397,870,1
2026-08-28T11:22:23.078732,1110.9,cam_11,ONLINE,0.06,0,312,814,1
2026-08-28T11:22:23.078732,1110.9,cam_12,ONLINE,0.11,0,236,622,1
2026-08-28T11:22:23.078732,1110.9,cam_13,ONLINE,0.17,0,297,163,1
2026-08-28T11:22:23.078732,1110.9,cam_14,ONLINE,0.22,0,191,539,1
2026-08-28T11:22:23.078732,1110.9,cam_15,ONLINE,0.41,0,449,932,1
2026-08-28T11:22:33.087933,1120.9,cam_01,ONLINE,0.31,0,418,991,1
2026-08-28T11:22:33.087933,1120.9,cam_02,ONLINE,0.22,0,440,1000,1
2026-08-28T11:22:33.087933,1120.9,cam_03,ONLINE,0.06,0,262,685,1
2026-08-28T11:22:33.087933,1120.9,cam_04,ONLINE,0.14,0,287,751,1
2026-08-28T11:22:33.087933,1120.9,cam_05,ONLINE,0.14,0,344,813,1
2026-08-28T11:22:33.087933,1120.9,cam_06,ONLINE,0.28,0,203,585,1
2026-08-28T11:22:33.087933,1120.9,cam_07,ONLINE,0.12,0,215,559,1
2026-08-28T11:22:33.087933,1120.9,cam_08,ONLINE,0.11,0,317,753,1
2026-08-28T11:22:33.087933,1120.9,cam_09,ONLINE,1.88,0,424,926,1
2026-08-28T11:22:33.087933,1120.9,cam_10,ONLINE,0.62,0,397,870,1
2026-08-28T11:22:33.087933,1120.9,cam_11,ONLINE,0.06,0,312,814,1
2026-08-28T11:22:33.087933,1120.9,cam_12,ONLINE,0.11,0,236,622,1
2026-08-28T11:22:33.087933,1120.9,cam_13,ONLINE,0.17,0,297,163,1
2026-08-28T11:22:33.087933,1120.9,cam_14,ONLINE,0.22,0,191,539,1
2026-08-28T11:22:33.087933,1120.9,cam_15,ONLINE,0.41,0,449,932,1
2026-08-28T11:22:43.096501,1131.0,cam_01,ONLINE,0.31,0,418,991,1
2026-08-28T11:22:43.096501,1131.0,cam_02,ONLINE,0.22,0,440,1000,1
2026-08-28T11:22:43.096501,1131.0,cam_03,ONLINE,0.06,0,262,685,1
2026-08-28T11:22:43.096501,1131.0,cam_04,ONLINE,0.14,0,287,751,1
2026-08-28T11:22:43.096501,1131.0,cam_05,ONLINE,0.14,0,344,813,1
2026-08-28T11:22:43.096501,1131.0,cam_06,ONLINE,0.28,0,203,585,1
2026-08-28T11:22:43.096501,1131.0,cam_07,ONLINE,0.12,0,215,559,1
2026-08-28T11:22:43.096501,1131.0,cam_08,ONLINE,0.11,0,317,753,1
2026-08-28T11:22:43.096501,1131.0,cam_09,ONLINE,1.88,0,424,926,1
2026-08-28T11:22:43.096501,1131.0,cam_10,ONLINE,0.62,0,397,870,1
2026-08-28T11:22:43.096501,1131.0,cam_11,ONLINE,0.06,0,312,814,1
2026-08-28T11:22:43.096501,1131.0,cam_12,ONLINE,0.11,0,236,622,1
2026-08-28T11:22:43.096501,1131.0,cam_13,ONLINE,0.17,0,297,163,1
2026-08-28T11:22:43.096501,1131.0,cam_14,ONLINE,0.22,0,191,539,1
2026-08-28T11:22:43.096501,1131.0,cam_15,ONLINE,0.41,0,449,932,1
2026-08-28T11:22:53.103276,1141.0,cam_01,ONLINE,0.31,0,418,991,1
2026-08-28T11:22:53.103276,1141.0,cam_02,ONLINE,0.22,0,440,1000,1
2026-08-28T11:22:53.103276,1141.0,cam_03,ONLINE,0.06,0,262,685,1
2026-08-28T11:22:53.103276,1141.0,cam_04,ONLINE,0.14,0,287,751,1
2026-08-28T11:22:53.103276,1141.0,cam_05,ONLINE,0.14,0,344,813,1
2026-08-28T11:22:53.103276,1141.0,cam_06,ONLINE,0.28,0,203,585,1
2026-08-28T11:22:53.103276,1141.0,cam_07,ONLINE,0.12,0,215,559,1
2026-08-28T11:22:53.103276,1141.0,cam_08,ONLINE,0.11,0,317,753,1
2026-08-28T11:22:53.103276,1141.0,cam_09,ONLINE,1.88,0,424,926,1
2026-08-28T11:22:53.103276,1141.0,cam_10,ONLINE,0.62,0,397,870,1
2026-08-28T11:22:53.103276,1141.0,cam_11,ONLINE,0.06,0,312,814,1
2026-08-28T11:22:53.103276,1141.0,cam_12,ONLINE,0.11,0,236,622,1
2026-08-28T11:22:53.103276,1141.0,cam_13,ONLINE,0.17,0,297,163,1
2026-08-28T11:22:53.103276,1141.0,cam_14,ONLINE,0.22,0,191,539,1
2026-08-28T11:22:53.103276,1141.0,cam_15,ONLINE,0.41,0,449,932,1
2026-08-28T11:23:03.114737,1151.0,cam_01,ONLINE,0.31,0,418,991,1
2026-08-28T11:23:03.114737,1151.0,cam_02,ONLINE,0.22,0,440,1000,1
2026-08-28T11:23:03.114737,1151.0,cam_03,ONLINE,0.06,0,262,685,1
2026-08-28T11:23:03.114737,1151.0,cam_04,ONLINE,0.14,0,287,751,1
2026-08-28T11:23:03.114737,1151.0,cam_05,ONLINE,0.14,0,344,813,1
2026-08-28T11:23:03.114737,1151.0,cam_06,ONLINE,0.28,0,203,585,1
2026-08-28T11:23:03.114737,1151.0,cam_07,ONLINE,0.12,0,215,559,1
2026-08-28T11:23:03.114737,1151.0,cam_08,ONLINE,0.11,0,317,753,1
2026-08-28T11:23:03.114737,1151.0,cam_09,ONLINE,1.88,0,424,926,1
2026-08-28T11:23:03.114737,1151.0,cam_10,ONLINE,0.62,0,397,870,1
2026-08-28T11:23:03.114737,1151.0,cam_11,ONLINE,0.06,0,312,814,1
2026-08-28T11:23:03.114737,1151.0,cam_12,ONLINE,0.11,0,236,622,1
2026-08-28T11:23:03.114737,1151.0,cam_13,ONLINE,0.17,0,297,163,1
2026-08-28T11:23:03.114737,1151.0,cam_14,ONLINE,0.22,0,191,539,1
2026-08-28T11:23:03.114737,1151.0,cam_15,ONLINE,0.41,0,449,932,1
2026-08-28T11:23:13.122236,1161.0,cam_01,ONLINE,0.31,0,418,991,1
2026-08-28T11:23:13.122236,1161.0,cam_02,ONLINE,0.22,0,440,1000,1
2026-08-28T11:23:13.122236,1161.0,cam_03,ONLINE,0.06,0,262,685,1
2026-08-28T11:23:13.122236,1161.0,cam_04,ONLINE,0.14,0,287,751,1
2026-08-28T11:23:13.122236,1161.0,cam_05,ONLINE,0.14,0,344,813,1
2026-08-28T11:23:13.122236,1161.0,cam_06,ONLINE,0.28,0,203,585,1
2026-08-28T11:23:13.122236,1161.0,cam_07,ONLINE,0.12,0,215,559,1
2026-08-28T11:23:13.122236,1161.0,cam_08,ONLINE,0.11,0,317,753,1
2026-08-28T11:23:13.122236,1161.0,cam_09,ONLINE,1.88,0,424,926,1
2026-08-28T11:23:13.122236,1161.0,cam_10,ONLINE,0.62,0,397,870,1
2026-08-28T11:23:13.122236,1161.0,cam_11,ONLINE,0.06,0,312,814,1
2026-08-28T11:23:13.122236,1161.0,cam_12,ONLINE,0.11,0,236,622,1
2026-08-28T11:23:13.122236,1161.0,cam_13,ONLINE,0.17,0,297,163,1
2026-08-28T11:23:13.122236,1161.0,cam_14,ONLINE,0.22,0,191,539,1
2026-08-28T11:23:13.122236,1161.0,cam_15,ONLINE,0.41,0,449,932,1
2026-08-28T11:23:23.129057,1171.0,cam_01,ONLINE,0.31,0,418,991,1
2026-08-28T11:23:23.129057,1171.0,cam_02,ONLINE,0.22,0,440,1000,1
2026-08-28T11:23:23.129057,1171.0,cam_03,ONLINE,0.06,0,262,685,1
2026-08-28T11:23:23.129057,1171.0,cam_04,ONLINE,0.14,0,287,751,1
2026-08-28T11:23:23.129057,1171.0,cam_05,ONLINE,0.14,0,344,813,1
2026-08-28T11:23:23.129057,1171.0,cam_06,ONLINE,0.28,0,203,585,1
2026-08-28T11:23:23.129057,1171.0,cam_07,ONLINE,0.12,0,215,559,1
2026-08-28T11:23:23.129057,1171.0,cam_08,ONLINE,0.11,0,317,753,1
2026-08-28T11:23:23.129057,1171.0,cam_09,ONLINE,1.88,0,424,926,1
2026-08-28T11:23:23.129057,1171.0,cam_10,ONLINE,0.62,0,397,870,1
2026-08-28T11:23:23.129057,1171.0,cam_11,ONLINE,0.06,0,312,814,1
2026-08-28T11:23:23.129057,1171.0,cam_12,ONLINE,0.11,0,236,622,1
2026-08-28T11:23:23.129057,1171.0,cam_13,ONLINE,0.17,0,297,163,1
2026-08-28T11:23:23.129057,1171.0,cam_14,ONLINE,0.22,0,191,539,1
2026-08-28T11:23:23.129057,1171.0,cam_15,ONLINE,0.41,0,449,932,1
2026-08-28T11:23:33.138082,1181.0,cam_01,ONLINE,0.31,0,418,991,1
2026-08-28T11:23:33.138082,1181.0,cam_02,ONLINE,0.22,0,440,1000,1
2026-08-28T11:23:33.138082,1181.0,cam_03,ONLINE,0.06,0,262,685,1
2026-08-28T11:23:33.138082,1181.0,cam_04,ONLINE,0.14,0,287,751,1
2026-08-28T11:23:33.138082,1181.0,cam_05,ONLINE,0.14,0,344,813,1
2026-08-28T11:23:33.138082,1181.0,cam_06,ONLINE,0.28,0,203,585,1
2026-08-28T11:23:33.138082,1181.0,cam_07,ONLINE,0.12,0,215,559,1
2026-08-28T11:23:33.138082,1181.0,cam_08,ONLINE,0.11,0,317,753,1
2026-08-28T11:23:33.138082,1181.0,cam_09,ONLINE,1.88,0,424,926,1
2026-08-28T11:23:33.138082,1181.0,cam_10,ONLINE,0.62,0,397,870,1
2026-08-28T11:23:33.138082,1181.0,cam_11,ONLINE,0.06,0,312,814,1
2026-08-28T11:23:33.138082,1181.0,cam_12,ONLINE,0.11,0,236,622,1
2026-08-28T11:23:33.138082,1181.0,cam_13,ONLINE,0.17,0,297,163,1
2026-08-28T11:23:33.138082,1181.0,cam_14,ONLINE,0.22,0,191,539,1
2026-08-28T11:23:33.138082,1181.0,cam_15,ONLINE,0.41,0,449,932,1
2026-08-28T11:23:43.143409,1191.0,cam_01,ONLINE,0.31,0,418,991,1
2026-08-28T11:23:43.143409,1191.0,cam_02,ONLINE,0.22,0,440,1000,1
2026-08-28T11:23:43.143409,1191.0,cam_03,ONLINE,0.06,0,262,685,1
2026-08-28T11:23:43.143409,1191.0,cam_04,ONLINE,0.14,0,287,751,1
2026-08-28T11:23:43.143409,1191.0,cam_05,ONLINE,0.14,0,344,813,1
2026-08-28T11:23:43.143409,1191.0,cam_06,ONLINE,0.28,0,203,585,1
2026-08-28T11:23:43.143409,1191.0,cam_07,ONLINE,0.12,0,215,559,1
2026-08-28T11:23:43.143409,1191.0,cam_08,ONLINE,0.11,0,317,753,1
2026-08-28T11:23:43.143409,1191.0,cam_09,ONLINE,1.88,0,424,926,1
2026-08-28T11:23:43.143409,1191.0,cam_10,ONLINE,0.62,0,397,870,1
2026-08-28T11:23:43.143409,1191.0,cam_11,ONLINE,0.06,0,312,814,1
2026-08-28T11:23:43.143409,1191.0,cam_12,ONLINE,0.11,0,236,622,1
2026-08-28T11:23:43.143409,1191.0,cam_13,ONLINE,0.17,0,297,163,1
2026-08-28T11:23:43.143409,1191.0,cam_14,ONLINE,0.22,0,191,539,1
2026-08-28T11:23:43.143409,1191.0,cam_15,ONLINE,0.41,0,449,932,1
2026-08-28T11:23:53.150591,1201.0,cam_01,ONLINE,0.31,0,418,991,1
2026-08-28T11:23:53.150591,1201.0,cam_02,ONLINE,0.22,0,440,1000,1
2026-08-28T11:23:53.150591,1201.0,cam_03,ONLINE,0.06,0,262,685,1
2026-08-28T11:23:53.150591,1201.0,cam_04,ONLINE,0.14,0,287,751,1
2026-08-28T11:23:53.150591,1201.0,cam_05,ONLINE,0.14,0,344,813,1
2026-08-28T11:23:53.150591,1201.0,cam_06,ONLINE,0.28,0,203,585,1
2026-08-28T11:23:53.150591,1201.0,cam_07,ONLINE,0.12,0,215,559,1
2026-08-28T11:23:53.150591,1201.0,cam_08,ONLINE,0.11,0,317,753,1
2026-08-28T11:23:53.150591,1201.0,cam_09,ONLINE,1.88,0,424,926,1
2026-08-28T11:23:53.150591,1201.0,cam_10,ONLINE,0.62,0,397,870,1
2026-08-28T11:23:53.150591,1201.0,cam_11,ONLINE,0.06,0,312,814,1
2026-08-28T11:23:53.150591,1201.0,cam_12,ONLINE,0.11,0,236,622,1
2026-08-28T11:23:53.150591,1201.0,cam_13,ONLINE,0.17,0,297,163,1
2026-08-28T11:23:53.150591,1201.0,cam_14,ONLINE,0.22,0,191,539,1
2026-08-28T11:23:53.150591,1201.0,cam_15,ONLINE,0.41,0,449,932,1
2026-08-28T11:24:03.162430,1211.0,cam_01,ONLINE,0.31,0,418,991,1
2026-08-28T11:24:03.162430,1211.0,cam_02,ONLINE,0.22,0,440,1000,1
2026-08-28T11:24:03.162430,1211.0,cam_03,ONLINE,0.06,0,262,685,1
2026-08-28T11:24:03.162430,1211.0,cam_04,ONLINE,0.14,0,287,751,1
2026-08-28T11:24:03.162430,1211.0,cam_05,ONLINE,0.14,0,344,813,1
2026-08-28T11:24:03.162430,1211.0,cam_06,ONLINE,0.28,0,203,585,1
2026-08-28T11:24:03.162430,1211.0,cam_07,ONLINE,0.12,0,215,559,1
2026-08-28T11:24:03.162430,1211.0,cam_08,ONLINE,0.11,0,317,753,1
2026-08-28T11:24:03.162430,1211.0,cam_09,ONLINE,1.88,0,424,926,1
2026-08-28T11:24:03.162430,1211.0,cam_10,ONLINE,0.62,0,397,870,1
2026-08-28T11:24:03.162430,1211.0,cam_11,ONLINE,0.06,0,312,814,1
2026-08-28T11:24:03.162430,1211.0,cam_12,ONLINE,0.11,0,236,622,1
2026-08-28T11:24:03.162430,1211.0,cam_13,ONLINE,0.17,0,297,163,1
2026-08-28T11:24:03.162430,1211.0,cam_14,ONLINE,0.22,0,191,539,1
2026-08-28T11:24:03.162430,1211.0,cam_15,ONLINE,0.41,0,449,932,1
2026-08-28T11:24:13.170340,1221.0,cam_01,ONLINE,0.31,0,418,991,1
2026-08-28T11:24:13.170340,1221.0,cam_02,ONLINE,0.22,0,440,1000,1
2026-08-28T11:24:13.170340,1221.0,cam_03,ONLINE,0.06,0,262,685,1
2026-08-28T11:24:13.170340,1221.0,cam_04,ONLINE,0.14,0,287,751,1
2026-08-28T11:24:13.170340,1221.0,cam_05,ONLINE,0.14,0,344,813,1
2026-08-28T11:24:13.170340,1221.0,cam_06,ONLINE,0.28,0,203,585,1
2026-08-28T11:24:13.170340,1221.0,cam_07,ONLINE,0.12,0,215,559,1
2026-08-28T11:24:13.170340,1221.0,cam_08,ONLINE,0.11,0,317,753,1
2026-08-28T11:24:13.170340,1221.0,cam_09,ONLINE,1.88,0,424,926,1
2026-08-28T11:24:13.170340,1221.0,cam_10,ONLINE,0.62,0,397,870,1
2026-08-28T11:24:13.170340,1221.0,cam_11,ONLINE,0.06,0,312,814,1
2026-08-28T11:24:13.170340,1221.0,cam_12,ONLINE,0.11,0,236,622,1
2026-08-28T11:24:13.170340,1221.0,cam_13,ONLINE,0.17,0,297,163,1
2026-08-28T11:24:13.170340,1221.0,cam_14,ONLINE,0.22,0,191,539,1
2026-08-28T11:24:13.170340,1221.0,cam_15,ONLINE,0.41,0,449,932,1
2026-08-28T11:24:23.179011,1231.0,cam_01,ONLINE,0.31,0,418,991,1
2026-08-28T11:24:23.179011,1231.0,cam_02,ONLINE,0.22,0,440,1000,1
2026-08-28T11:24:23.179011,1231.0,cam_03,ONLINE,0.06,0,262,685,1
2026-08-28T11:24:23.179011,1231.0,cam_04,ONLINE,0.14,0,287,751,1
2026-08-28T11:24:23.179011,1231.0,cam_05,ONLINE,0.14,0,344,813,1
2026-08-28T11:24:23.179011,1231.0,cam_06,ONLINE,0.28,0,203,585,1
2026-08-28T11:24:23.179011,1231.0,cam_07,ONLINE,0.12,0,215,559,1
2026-08-28T11:24:23.179011,1231.0,cam_08,ONLINE,0.11,0,317,753,1
2026-08-28T11:24:23.179011,1231.0,cam_09,ONLINE,1.88,0,424,926,1
2026-08-28T11:24:23.179011,1231.0,cam_10,ONLINE,0.62,0,397,870,1
2026-08-28T11:24:23.179011,1231.0,cam_11,ONLINE,0.06,0,312,814,1
2026-08-28T11:24:23.179011,1231.0,cam_12,ONLINE,0.11,0,236,622,1
2026-08-28T11:24:23.179011,1231.0,cam_13,ONLINE,0.17,0,297,163,1
2026-08-28T11:24:23.179011,1231.0,cam_14,ONLINE,0.22,0,191,539,1
2026-08-28T11:24:23.179011,1231.0,cam_15,ONLINE,0.41,0,449,932,1
2026-08-28T11:24:33.185396,1241.0,cam_01,ONLINE,0.31,0,418,991,1
2026-08-28T11:24:33.185396,1241.0,cam_02,ONLINE,0.22,0,440,1000,1
2026-08-28T11:24:33.185396,1241.0,cam_03,ONLINE,0.06,0,262,685,1
2026-08-28T11:24:33.185396,1241.0,cam_04,ONLINE,0.14,0,287,751,1
2026-08-28T11:24:33.185396,1241.0,cam_05,ONLINE,0.14,0,344,813,1
2026-08-28T11:24:33.185396,1241.0,cam_06,ONLINE,0.28,0,203,585,1
2026-08-28T11:24:33.185396,1241.0,cam_07,ONLINE,0.12,0,215,559,1
2026-08-28T11:24:33.185396,1241.0,cam_08,ONLINE,0.11,0,317,753,1
2026-08-28T11:24:33.185396,1241.0,cam_09,ONLINE,1.88,0,424,926,1
2026-08-28T11:24:33.185396,1241.0,cam_10,ONLINE,0.62,0,397,870,1
2026-08-28T11:24:33.185396,1241.0,cam_11,ONLINE,0.06,0,312,814,1
2026-08-28T11:24:33.185396,1241.0,cam_12,ONLINE,0.11,0,236,622,1
2026-08-28T11:24:33.185396,1241.0,cam_13,ONLINE,0.17,0,297,163,1
2026-08-28T11:24:33.185396,1241.0,cam_14,ONLINE,0.22,0,191,539,1
2026-08-28T11:24:33.185396,1241.0,cam_15,ONLINE,0.41,0,449,932,1
2026-08-28T11:24:43.189687,1251.0,cam_01,ONLINE,0.31,0,418,991,1
2026-08-28T11:24:43.189687,1251.0,cam_02,ONLINE,0.22,0,440,1000,1
2026-08-28T11:24:43.189687,1251.0,cam_03,ONLINE,0.06,0,262,685,1
2026-08-28T11:24:43.189687,1251.0,cam_04,ONLINE,0.14,0,287,751,1
2026-08-28T11:24:43.189687,1251.0,cam_05,ONLINE,0.14,0,344,813,1
2026-08-28T11:24:43.189687,1251.0,cam_06,ONLINE,0.28,0,203,585,1
2026-08-28T11:24:43.189687,1251.0,cam_07,ONLINE,0.12,0,215,559,1
2026-08-28T11:24:43.189687,1251.0,cam_08,ONLINE,0.11,0,317,753,1
2026-08-28T11:24:43.189687,1251.0,cam_09,ONLINE,1.88,0,424,926,1
2026-08-28T11:24:43.189687,1251.0,cam_10,ONLINE,0.62,0,397,870,1
2026-08-28T11:24:43.189687,1251.0,cam_11,ONLINE,0.06,0,312,814,1
2026-08-28T11:24:43.189687,1251.0,cam_12,ONLINE,0.11,0,236,622,1
2026-08-28T11:24:43.189687,1251.0,cam_13,ONLINE,0.17,0,297,163,1
2026-08-28T11:24:43.189687,1251.0,cam_14,ONLINE,0.22,0,191,539,1
2026-08-28T11:24:43.189687,1251.0,cam_15,ONLINE,0.41,0,449,932,1
2026-08-28T11:24:53.196883,1261.0,cam_01,ONLINE,0.31,0,418,991,1
2026-08-28T11:24:53.196883,1261.0,cam_02,ONLINE,0.22,0,440,1000,1
2026-08-28T11:24:53.196883,1261.0,cam_03,ONLINE,0.06,0,262,685,1
2026-08-28T11:24:53.196883,1261.0,cam_04,ONLINE,0.14,0,287,751,1
2026-08-28T11:24:53.196883,1261.0,cam_05,ONLINE,0.14,0,344,813,1
2026-08-28T11:24:53.196883,1261.0,cam_06,ONLINE,0.28,0,203,585,1
2026-08-28T11:24:53.196883,1261.0,cam_07,ONLINE,0.12,0,215,559,1
2026-08-28T11:24:53.196883,1261.0,cam_08,ONLINE,0.11,0,317,753,1
2026-08-28T11:24:53.196883,1261.0,cam_09,ONLINE,1.88,0,424,926,1
2026-08-28T11:24:53.196883,1261.0,cam_10,ONLINE,0.62,0,397,870,1
2026-08-28T11:24:53.196883,1261.0,cam_11,ONLINE,0.06,0,312,814,1
2026-08-28T11:24:53.196883,1261.0,cam_12,ONLINE,0.11,0,236,622,1
2026-08-28T11:24:53.196883,1261.0,cam_13,ONLINE,0.17,0,297,163,1
2026-08-28T11:24:53.196883,1261.0,cam_14,ONLINE,0.22,0,191,539,1
2026-08-28T11:24:53.196883,1261.0,cam_15,ONLINE,0.41,0,449,932,1
2026-08-28T11:25:03.208764,1271.1,cam_01,ONLINE,0.31,0,418,991,1
2026-08-28T11:25:03.208764,1271.1,cam_02,ONLINE,0.22,0,440,1000,1
2026-08-28T11:25:03.208764,1271.1,cam_03,ONLINE,0.06,0,262,685,1
2026-08-28T11:25:03.208764,1271.1,cam_04,ONLINE,0.14,0,287,751,1
2026-08-28T11:25:03.208764,1271.1,cam_05,ONLINE,0.14,0,344,813,1
2026-08-28T11:25:03.208764,1271.1,cam_06,ONLINE,0.28,0,203,585,1
2026-08-28T11:25:03.208764,1271.1,cam_07,ONLINE,0.12,0,215,559,1
2026-08-28T11:25:03.208764,1271.1,cam_08,ONLINE,0.11,0,317,753,1
2026-08-28T11:25:03.208764,1271.1,cam_09,ONLINE,1.88,0,424,926,1
2026-08-28T11:25:03.208764,1271.1,cam_10,ONLINE,0.62,0,397,870,1
2026-08-28T11:25:03.208764,1271.1,cam_11,ONLINE,0.06,0,312,814,1
2026-08-28T11:25:03.208764,1271.1,cam_12,ONLINE,0.11,0,236,622,1
2026-08-28T11:25:03.208764,1271.1,cam_13,ONLINE,0.17,0,297,163,1
2026-08-28T11:25:03.208764,1271.1,cam_14,ONLINE,0.22,0,191,539,1
2026-08-28T11:25:03.208764,1271.1,cam_15,ONLINE,0.41,0,449,932,1
2026-08-28T11:25:13.214102,1281.1,cam_01,ONLINE,0.31,0,418,991,1
2026-08-28T11:25:13.214102,1281.1,cam_02,ONLINE,0.22,0,440,1000,1
2026-08-28T11:25:13.214102,1281.1,cam_03,ONLINE,0.06,0,262,685,1
2026-08-28T11:25:13.214102,1281.1,cam_04,ONLINE,0.14,0,287,751,1
2026-08-28T11:25:13.214102,1281.1,cam_05,ONLINE,0.14,0,344,813,1
2026-08-28T11:25:13.214102,1281.1,cam_06,ONLINE,0.28,0,203,585,1
2026-08-28T11:25:13.214102,1281.1,cam_07,ONLINE,0.12,0,215,559,1
2026-08-28T11:25:13.214102,1281.1,cam_08,ONLINE,0.11,0,317,753,1
2026-08-28T11:25:13.214102,1281.1,cam_09,ONLINE,1.88,0,424,926,1
2026-08-28T11:25:13.214102,1281.1,cam_10,ONLINE,0.62,0,397,870,1
2026-08-28T11:25:13.214102,1281.1,cam_11,ONLINE,0.06,0,312,814,1
2026-08-28T11:25:13.214102,1281.1,cam_12,ONLINE,0.11,0,236,622,1
2026-08-28T11:25:13.214102,1281.1,cam_13,ONLINE,0.17,0,297,163,1
2026-08-28T11:25:13.214102,1281.1,cam_14,ONLINE,0.22,0,191,539,1
2026-08-28T11:25:13.214102,1281.1,cam_15,ONLINE,0.41,0,449,932,1
2026-08-28T11:25:23.220552,1291.1,cam_01,ONLINE,0.31,0,418,991,1
2026-08-28T11:25:23.220552,1291.1,cam_02,ONLINE,0.22,0,440,1000,1
2026-08-28T11:25:23.220552,1291.1,cam_03,ONLINE,0.06,0,262,685,1
2026-08-28T11:25:23.220552,1291.1,cam_04,ONLINE,0.14,0,287,751,1
2026-08-28T11:25:23.220552,1291.1,cam_05,ONLINE,0.14,0,344,813,1
2026-08-28T11:25:23.220552,1291.1,cam_06,ONLINE,0.28,0,203,585,1
2026-08-28T11:25:23.220552,1291.1,cam_07,ONLINE,0.12,0,215,559,1
2026-08-28T11:25:23.220552,1291.1,cam_08,ONLINE,0.11,0,317,753,1
2026-08-28T11:25:23.220552,1291.1,cam_09,ONLINE,1.88,0,424,926,1
2026-08-28T11:25:23.220552,1291.1,cam_10,ONLINE,0.62,0,397,870,1
2026-08-28T11:25:23.220552,1291.1,cam_11,ONLINE,0.06,0,312,814,1
2026-08-28T11:25:23.220552,1291.1,cam_12,ONLINE,0.11,0,236,622,1
2026-08-28T11:25:23.220552,1291.1,cam_13,ONLINE,0.17,0,297,163,1
2026-08-28T11:25:23.220552,1291.1,cam_14,ONLINE,0.22,0,191,539,1
2026-08-28T11:25:23.220552,1291.1,cam_15,ONLINE,0.41,0,449,932,1
2026-08-28T11:25:33.226483,1301.1,cam_01,ONLINE,0.31,0,418,991,1
2026-08-28T11:25:33.226483,1301.1,cam_02,ONLINE,0.22,0,440,1000,1
2026-08-28T11:25:33.226483,1301.1,cam_03,ONLINE,0.06,0,262,685,1
2026-08-28T11:25:33.226483,1301.1,cam_04,ONLINE,0.14,0,287,751,1
2026-08-28T11:25:33.226483,1301.1,cam_05,ONLINE,0.14,0,344,813,1
2026-08-28T11:25:33.226483,1301.1,cam_06,ONLINE,0.28,0,203,585,1
2026-08-28T11:25:33.226483,1301.1,cam_07,ONLINE,0.12,0,215,559,1
2026-08-28T11:25:33.226483,1301.1,cam_08,ONLINE,0.11,0,317,753,1
2026-08-28T11:25:33.226483,1301.1,cam_09,ONLINE,1.88,0,424,926,1
2026-08-28T11:25:33.226483,1301.1,cam_10,ONLINE,0.62,0,397,870,1
2026-08-28T11:25:33.226483,1301.1,cam_11,ONLINE,0.06,0,312,814,1
2026-08-28T11:25:33.226483,1301.1,cam_12,ONLINE,0.11,0,236,622,1
2026-08-28T11:25:33.226483,1301.1,cam_13,ONLINE,0.17,0,297,163,1
2026-08-28T11:25:33.226483,1301.1,cam_14,ONLINE,0.22,0,191,539,1
2026-08-28T11:25:33.226483,1301.1,cam_15,ONLINE,0.41,0,449,932,1
2026-08-28T11:25:43.233304,1311.1,cam_01,ONLINE,0.31,0,418,991,1
2026-08-28T11:25:43.233304,1311.1,cam_02,ONLINE,0.22,0,440,1000,1
2026-08-28T11:25:43.233304,1311.1,cam_03,ONLINE,0.06,0,262,685,1
2026-08-28T11:25:43.233304,1311.1,cam_04,ONLINE,0.14,0,287,751,1
2026-08-28T11:25:43.233304,1311.1,cam_05,ONLINE,0.14,0,344,813,1
2026-08-28T11:25:43.233304,1311.1,cam_06,ONLINE,0.28,0,203,585,1
2026-08-28T11:25:43.233304,1311.1,cam_07,ONLINE,0.12,0,215,559,1
2026-08-28T11:25:43.233304,1311.1,cam_08,ONLINE,0.11,0,317,753,1
2026-08-28T11:25:43.233304,1311.1,cam_09,ONLINE,1.88,0,424,926,1
2026-08-28T11:25:43.233304,1311.1,cam_10,ONLINE,0.62,0,397,870,1
2026-08-28T11:25:43.233304,1311.1,cam_11,ONLINE,0.06,0,312,814,1
2026-08-28T11:25:43.233304,1311.1,cam_12,ONLINE,0.11,0,236,622,1
2026-08-28T11:25:43.233304,1311.1,cam_13,ONLINE,0.17,0,297,163,1
2026-08-28T11:25:43.233304,1311.1,cam_14,ONLINE,0.22,0,191,539,1
2026-08-28T11:25:43.233304,1311.1,cam_15,ONLINE,0.41,0,449,932,1
2026-08-28T11:25:53.241016,1321.1,cam_01,ONLINE,0.31,0,418,991,1
2026-08-28T11:25:53.241016,1321.1,cam_02,ONLINE,0.22,0,440,1000,1
2026-08-28T11:25:53.241016,1321.1,cam_03,ONLINE,0.06,0,262,685,1
2026-08-28T11:25:53.241016,1321.1,cam_04,ONLINE,0.14,0,287,751,1
2026-08-28T11:25:53.241016,1321.1,cam_05,ONLINE,0.14,0,344,813,1
2026-08-28T11:25:53.241016,1321.1,cam_06,ONLINE,0.28,0,203,585,1
2026-08-28T11:25:53.241016,1321.1,cam_07,ONLINE,0.12,0,215,559,1
2026-08-28T11:25:53.241016,1321.1,cam_08,ONLINE,0.11,0,317,753,1
2026-08-28T11:25:53.241016,1321.1,cam_09,ONLINE,1.88,0,424,926,1
2026-08-28T11:25:53.241016,1321.1,cam_10,ONLINE,0.62,0,397,870,1
2026-08-28T11:25:53.241016,1321.1,cam_11,ONLINE,0.06,0,312,814,1
2026-08-28T11:25:53.241016,1321.1,cam_12,ONLINE,0.11,0,236,622,1
2026-08-28T11:25:53.241016,1321.1,cam_13,ONLINE,0.17,0,297,163,1
2026-08-28T11:25:53.241016,1321.1,cam_14,ONLINE,0.22,0,191,539,1
2026-08-28T11:25:53.241016,1321.1,cam_15,ONLINE,0.41,0,449,932,1
2026-08-28T11:26:03.252088,1331.1,cam_01,ONLINE,0.31,0,418,991,1
2026-08-28T11:26:03.252088,1331.1,cam_02,ONLINE,0.22,0,440,1000,1
2026-08-28T11:26:03.252088,1331.1,cam_03,ONLINE,0.06,0,262,685,1
2026-08-28T11:26:03.252088,1331.1,cam_04,ONLINE,0.14,0,287,751,1
2026-08-28T11:26:03.252088,1331.1,cam_05,ONLINE,0.14,0,344,813,1
2026-08-28T11:26:03.252088,1331.1,cam_06,ONLINE,0.28,0,203,585,1
2026-08-28T11:26:03.252088,1331.1,cam_07,ONLINE,0.12,0,215,559,1
2026-08-28T11:26:03.252088,1331.1,cam_08,ONLINE,0.11,0,317,753,1
2026-08-28T11:26:03.252088,1331.1,cam_09,ONLINE,1.88,0,424,926,1
2026-08-28T11:26:03.252088,1331.1,cam_10,ONLINE,0.62,0,397,870,1
2026-08-28T11:26:03.252088,1331.1,cam_11,ONLINE,0.06,0,312,814,1
2026-08-28T11:26:03.252088,1331.1,cam_12,ONLINE,0.11,0,236,622,1
2026-08-28T11:26:03.252088,1331.1,cam_13,ONLINE,0.17,0,297,163,1
2026-08-28T11:26:03.252088,1331.1,cam_14,ONLINE,0.22,0,191,539,1
2026-08-28T11:26:03.252088,1331.1,cam_15,ONLINE,0.41,0,449,932,1
2026-08-28T11:26:13.258627,1341.1,cam_01,ONLINE,0.31,0,418,991,1
2026-08-28T11:26:13.258627,1341.1,cam_02,ONLINE,0.22,0,440,1000,1
2026-08-28T11:26:13.258627,1341.1,cam_03,ONLINE,0.06,0,262,685,1
2026-08-28T11:26:13.258627,1341.1,cam_04,ONLINE,0.14,0,287,751,1
2026-08-28T11:26:13.258627,1341.1,cam_05,ONLINE,0.14,0,344,813,1
2026-08-28T11:26:13.258627,1341.1,cam_06,ONLINE,0.28,0,203,585,1
2026-08-28T11:26:13.258627,1341.1,cam_07,ONLINE,0.12,0,215,559,1
2026-08-28T11:26:13.258627,1341.1,cam_08,ONLINE,0.11,0,317,753,1
2026-08-28T11:26:13.258627,1341.1,cam_09,ONLINE,1.88,0,424,926,1
2026-08-28T11:26:13.258627,1341.1,cam_10,ONLINE,0.62,0,397,870,1
2026-08-28T11:26:13.258627,1341.1,cam_11,ONLINE,0.06,0,312,814,1
2026-08-28T11:26:13.258627,1341.1,cam_12,ONLINE,0.11,0,236,622,1
2026-08-28T11:26:13.258627,1341.1,cam_13,ONLINE,0.17,0,297,163,1
2026-08-28T11:26:13.258627,1341.1,cam_14,ONLINE,0.22,0,191,539,1
2026-08-28T11:26:13.258627,1341.1,cam_15,ONLINE,0.41,0,449,932,1
2026-08-28T11:26:23.265779,1351.1,cam_01,ONLINE,0.31,0,418,991,1
2026-08-28T11:26:23.265779,1351.1,cam_02,ONLINE,0.22,0,440,1000,1
2026-08-28T11:26:23.265779,1351.1,cam_03,ONLINE,0.06,0,262,685,1
2026-08-28T11:26:23.265779,1351.1,cam_04,ONLINE,0.14,0,287,751,1
2026-08-28T11:26:23.265779,1351.1,cam_05,ONLINE,0.14,0,344,813,1
2026-08-28T11:26:23.265779,1351.1,cam_06,ONLINE,0.28,0,203,585,1
2026-08-28T11:26:23.265779,1351.1,cam_07,ONLINE,0.12,0,215,559,1
2026-08-28T11:26:23.265779,1351.1,cam_08,ONLINE,0.11,0,317,753,1
2026-08-28T11:26:23.265779,1351.1,cam_09,ONLINE,1.88,0,424,926,1
2026-08-28T11:26:23.265779,1351.1,cam_10,ONLINE,0.62,0,397,870,1
2026-08-28T11:26:23.265779,1351.1,cam_11,ONLINE,0.06,0,312,814,1
2026-08-28T11:26:23.265779,1351.1,cam_12,ONLINE,0.11,0,236,622,1
2026-08-28T11:26:23.265779,1351.1,cam_13,ONLINE,0.17,0,297,163,1
2026-08-28T11:26:23.265779,1351.1,cam_14,ONLINE,0.22,0,191,539,1
2026-08-28T11:26:23.265779,1351.1,cam_15,ONLINE,0.41,0,449,932,1
2026-08-28T11:26:33.272815,1361.1,cam_01,ONLINE,0.31,0,418,991,1
2026-08-28T11:26:33.272815,1361.1,cam_02,ONLINE,0.22,0,440,1000,1
2026-08-28T11:26:33.272815,1361.1,cam_03,ONLINE,0.06,0,262,685,1
2026-08-28T11:26:33.272815,1361.1,cam_04,ONLINE,0.14,0,287,751,1
2026-08-28T11:26:33.272815,1361.1,cam_05,ONLINE,0.14,0,344,813,1
2026-08-28T11:26:33.272815,1361.1,cam_06,ONLINE,0.28,0,203,585,1
2026-08-28T11:26:33.272815,1361.1,cam_07,ONLINE,0.12,0,215,559,1
2026-08-28T11:26:33.272815,1361.1,cam_08,ONLINE,0.11,0,317,753,1
2026-08-28T11:26:33.272815,1361.1,cam_09,ONLINE,1.88,0,424,926,1
2026-08-28T11:26:33.272815,1361.1,cam_10,ONLINE,0.62,0,397,870,1
2026-08-28T11:26:33.272815,1361.1,cam_11,ONLINE,0.06,0,312,814,1
2026-08-28T11:26:33.272815,1361.1,cam_12,ONLINE,0.11,0,236,622,1
2026-08-28T11:26:33.272815,1361.1,cam_13,ONLINE,0.17,0,297,163,1
2026-08-28T11:26:33.272815,1361.1,cam_14,ONLINE,0.22,0,191,539,1
2026-08-28T11:26:33.272815,1361.1,cam_15,ONLINE,0.41,0,449,932,1
2026-08-28T11:26:43.278629,1371.1,cam_01,ONLINE,0.31,0,418,991,1
2026-08-28T11:26:43.278629,1371.1,cam_02,ONLINE,0.22,0,440,1000,1
2026-08-28T11:26:43.278629,1371.1,cam_03,ONLINE,0.06,0,262,685,1
2026-08-28T11:26:43.278629,1371.1,cam_04,ONLINE,0.14,0,287,751,1
2026-08-28T11:26:43.278629,1371.1,cam_05,ONLINE,0.14,0,344,813,1
2026-08-28T11:26:43.278629,1371.1,cam_06,ONLINE,0.28,0,203,585,1
2026-08-28T11:26:43.278629,1371.1,cam_07,ONLINE,0.12,0,215,559,1
2026-08-28T11:26:43.278629,1371.1,cam_08,ONLINE,0.11,0,317,753,1
2026-08-28T11:26:43.278629,1371.1,cam_09,ONLINE,1.88,0,424,926,1
2026-08-28T11:26:43.278629,1371.1,cam_10,ONLINE,0.62,0,397,870,1
2026-08-28T11:26:43.278629,1371.1,cam_11,ONLINE,0.06,0,312,814,1
2026-08-28T11:26:43.278629,1371.1,cam_12,ONLINE,0.11,0,236,622,1
2026-08-28T11:26:43.278629,1371.1,cam_13,ONLINE,0.17,0,297,163,1
2026-08-28T11:26:43.278629,1371.1,cam_14,ONLINE,0.22,0,191,539,1
2026-08-28T11:26:43.278629,1371.1,cam_15,ONLINE,0.41,0,449,932,1
2026-08-28T11:26:53.286287,1381.1,cam_01,ONLINE,0.31,0,418,991,1
2026-08-28T11:26:53.286287,1381.1,cam_02,ONLINE,0.22,0,440,1000,1
2026-08-28T11:26:53.286287,1381.1,cam_03,ONLINE,0.06,0,262,685,1
2026-08-28T11:26:53.286287,1381.1,cam_04,ONLINE,0.14,0,287,751,1
2026-08-28T11:26:53.286287,1381.1,cam_05,ONLINE,0.14,0,344,813,1
2026-08-28T11:26:53.286287,1381.1,cam_06,ONLINE,0.28,0,203,585,1
2026-08-28T11:26:53.286287,1381.1,cam_07,ONLINE,0.12,0,215,559,1
2026-08-28T11:26:53.286287,1381.1,cam_08,ONLINE,0.11,0,317,753,1
2026-08-28T11:26:53.286287,1381.1,cam_09,ONLINE,1.88,0,424,926,1
2026-08-28T11:26:53.286287,1381.1,cam_10,ONLINE,0.62,0,397,870,1
2026-08-28T11:26:53.286287,1381.1,cam_11,ONLINE,0.06,0,312,814,1
2026-08-28T11:26:53.286287,1381.1,cam_12,ONLINE,0.11,0,236,622,1
2026-08-28T11:26:53.286287,1381.1,cam_13,ONLINE,0.17,0,297,163,1
2026-08-28T11:26:53.286287,1381.1,cam_14,ONLINE,0.22,0,191,539,1
2026-08-28T11:26:53.286287,1381.1,cam_15,ONLINE,0.41,0,449,932,1
2026-08-28T11:27:03.296636,1391.2,cam_01,ONLINE,0.31,0,418,991,1
2026-08-28T11:27:03.296636,1391.2,cam_02,ONLINE,0.22,0,440,1000,1
2026-08-28T11:27:03.296636,1391.2,cam_03,ONLINE,0.06,0,262,685,1
2026-08-28T11:27:03.296636,1391.2,cam_04,ONLINE,0.14,0,287,751,1
2026-08-28T11:27:03.296636,1391.2,cam_05,ONLINE,0.14,0,344,813,1
2026-08-28T11:27:03.296636,1391.2,cam_06,ONLINE,0.28,0,203,585,1
2026-08-28T11:27:03.296636,1391.2,cam_07,ONLINE,0.12,0,215,559,1
2026-08-28T11:27:03.296636,1391.2,cam_08,ONLINE,0.11,0,317,753,1
2026-08-28T11:27:03.296636,1391.2,cam_09,ONLINE,1.88,0,424,926,1
2026-08-28T11:27:03.296636,1391.2,cam_10,ONLINE,0.62,0,397,870,1
2026-08-28T11:27:03.296636,1391.2,cam_11,ONLINE,0.06,0,312,814,1
2026-08-28T11:27:03.296636,1391.2,cam_12,ONLINE,0.11,0,236,622,1
2026-08-28T11:27:03.296636,1391.2,cam_13,ONLINE,0.17,0,297,163,1
2026-08-28T11:27:03.296636,1391.2,cam_14,ONLINE,0.22,0,191,539,1
2026-08-28T11:27:03.296636,1391.2,cam_15,ONLINE,0.41,0,449,932,1
2026-08-28T11:27:13.303302,1401.2,cam_01,ONLINE,0.31,0,418,991,1
2026-08-28T11:27:13.303302,1401.2,cam_02,ONLINE,0.22,0,440,1000,1
2026-08-28T11:27:13.303302,1401.2,cam_03,ONLINE,0.06,0,262,685,1
2026-08-28T11:27:13.303302,1401.2,cam_04,ONLINE,0.14,0,287,751,1
2026-08-28T11:27:13.303302,1401.2,cam_05,ONLINE,0.14,0,344,813,1
2026-08-28T11:27:13.303302,1401.2,cam_06,ONLINE,0.28,0,203,585,1
2026-08-28T11:27:13.303302,1401.2,cam_07,ONLINE,0.12,0,215,559,1
2026-08-28T11:27:13.303302,1401.2,cam_08,ONLINE,0.11,0,317,753,1
2026-08-28T11:27:13.303302,1401.2,cam_09,ONLINE,1.88,0,424,926,1
2026-08-28T11:27:13.303302,1401.2,cam_10,ONLINE,0.62,0,397,870,1
2026-08-28T11:27:13.303302,1401.2,cam_11,ONLINE,0.06,0,312,814,1
2026-08-28T11:27:13.303302,1401.2,cam_12,ONLINE,0.11,0,236,622,1
2026-08-28T11:27:13.303302,1401.2,cam_13,ONLINE,0.17,0,297,163,1
2026-08-28T11:27:13.303302,1401.2,cam_14,ONLINE,0.22,0,191,539,1
2026-08-28T11:27:13.303302,1401.2,cam_15,ONLINE,0.41,0,449,932,1
2026-08-28T11:27:23.308425,1411.2,cam_01,ONLINE,0.31,0,418,991,1
2026-08-28T11:27:23.308425,1411.2,cam_02,ONLINE,0.22,0,440,1000,1
2026-08-28T11:27:23.308425,1411.2,cam_03,ONLINE,0.06,0,262,685,1
2026-08-28T11:27:23.308425,1411.2,cam_04,ONLINE,0.14,0,287,751,1
2026-08-28T11:27:23.308425,1411.2,cam_05,ONLINE,0.14,0,344,813,1
2026-08-28T11:27:23.308425,1411.2,cam_06,ONLINE,0.28,0,203,585,1
2026-08-28T11:27:23.308425,1411.2,cam_07,ONLINE,0.12,0,215,559,1
2026-08-28T11:27:23.308425,1411.2,cam_08,ONLINE,0.11,0,317,753,1
2026-08-28T11:27:23.308425,1411.2,cam_09,ONLINE,1.88,0,424,926,1
2026-08-28T11:27:23.308425,1411.2,cam_10,ONLINE,0.62,0,397,870,1
2026-08-28T11:27:23.308425,1411.2,cam_11,ONLINE,0.06,0,312,814,1
2026-08-28T11:27:23.308425,1411.2,cam_12,ONLINE,0.11,0,236,622,1
2026-08-28T11:27:23.308425,1411.2,cam_13,ONLINE,0.17,0,297,163,1
2026-08-28T11:27:23.308425,1411.2,cam_14,ONLINE,0.22,0,191,539,1
2026-08-28T11:27:23.308425,1411.2,cam_15,ONLINE,0.41,0,449,932,1
2026-08-28T11:27:33.315120,1421.2,cam_01,ONLINE,0.31,0,418,991,1
2026-08-28T11:27:33.315120,1421.2,cam_02,ONLINE,0.22,0,440,1000,1
2026-08-28T11:27:33.315120,1421.2,cam_03,ONLINE,0.06,0,262,685,1
2026-08-28T11:27:33.315120,1421.2,cam_04,ONLINE,0.14,0,287,751,1
2026-08-28T11:27:33.315120,1421.2,cam_05,ONLINE,0.14,0,344,813,1
2026-08-28T11:27:33.315120,1421.2,cam_06,ONLINE,0.28,0,203,585,1
2026-08-28T11:27:33.315120,1421.2,cam_07,ONLINE,0.12,0,215,559,1
2026-08-28T11:27:33.315120,1421.2,cam_08,ONLINE,0.11,0,317,753,1
2026-08-28T11:27:33.315120,1421.2,cam_09,ONLINE,1.88,0,424,926,1
2026-08-28T11:27:33.315120,1421.2,cam_10,ONLINE,0.62,0,397,870,1
2026-08-28T11:27:33.315120,1421.2,cam_11,ONLINE,0.06,0,312,814,1
2026-08-28T11:27:33.315120,1421.2,cam_12,ONLINE,0.11,0,236,622,1
2026-08-28T11:27:33.315120,1421.2,cam_13,ONLINE,0.17,0,297,163,1
2026-08-28T11:27:33.315120,1421.2,cam_14,ONLINE,0.22,0,191,539,1
2026-08-28T11:27:33.315120,1421.2,cam_15,ONLINE,0.41,0,449,932,1
2026-08-28T11:27:43.321873,1431.2,cam_01,ONLINE,0.31,0,418,991,1
2026-08-28T11:27:43.321873,1431.2,cam_02,ONLINE,0.22,0,440,1000,1
2026-08-28T11:27:43.321873,1431.2,cam_03,ONLINE,0.06,0,262,685,1
2026-08-28T11:27:43.321873,1431.2,cam_04,ONLINE,0.14,0,287,751,1
2026-08-28T11:27:43.321873,1431.2,cam_05,ONLINE,0.14,0,344,813,1
2026-08-28T11:27:43.321873,1431.2,cam_06,ONLINE,0.28,0,203,585,1
2026-08-28T11:27:43.321873,1431.2,cam_07,ONLINE,0.12,0,215,559,1
2026-08-28T11:27:43.321873,1431.2,cam_08,ONLINE,0.11,0,317,753,1
2026-08-28T11:27:43.321873,1431.2,cam_09,ONLINE,1.88,0,424,926,1
2026-08-28T11:27:43.321873,1431.2,cam_10,ONLINE,0.62,0,397,870,1
2026-08-28T11:27:43.321873,1431.2,cam_11,ONLINE,0.06,0,312,814,1
2026-08-28T11:27:43.321873,1431.2,cam_12,ONLINE,0.11,0,236,622,1
2026-08-28T11:27:43.321873,1431.2,cam_13,ONLINE,0.17,0,297,163,1
2026-08-28T11:27:43.321873,1431.2,cam_14,ONLINE,0.22,0,191,539,1
2026-08-28T11:27:43.321873,1431.2,cam_15,ONLINE,0.41,0,449,932,1
2026-08-28T11:27:53.328914,1441.2,cam_01,ONLINE,0.31,0,418,991,1
2026-08-28T11:27:53.328914,1441.2,cam_02,ONLINE,0.22,0,440,1000,1
2026-08-28T11:27:53.328914,1441.2,cam_03,ONLINE,0.06,0,262,685,1
2026-08-28T11:27:53.328914,1441.2,cam_04,ONLINE,0.14,0,287,751,1
2026-08-28T11:27:53.328914,1441.2,cam_05,ONLINE,0.14,0,344,813,1
2026-08-28T11:27:53.328914,1441.2,cam_06,ONLINE,0.28,0,203,585,1
2026-08-28T11:27:53.328914,1441.2,cam_07,ONLINE,0.12,0,215,559,1
2026-08-28T11:27:53.328914,1441.2,cam_08,ONLINE,0.11,0,317,753,1
2026-08-28T11:27:53.328914,1441.2,cam_09,ONLINE,1.88,0,424,926,1
2026-08-28T11:27:53.328914,1441.2,cam_10,ONLINE,0.62,0,397,870,1
2026-08-28T11:27:53.328914,1441.2,cam_11,ONLINE,0.06,0,312,814,1
2026-08-28T11:27:53.328914,1441.2,cam_12,ONLINE,0.11,0,236,622,1
2026-08-28T11:27:53.328914,1441.2,cam_13,ONLINE,0.17,0,297,163,1
2026-08-28T11:27:53.328914,1441.2,cam_14,ONLINE,0.22,0,191,539,1
2026-08-28T11:27:53.328914,1441.2,cam_15,ONLINE,0.41,0,449,932,1
2026-08-28T11:28:03.340807,1451.2,cam_01,ONLINE,0.31,0,418,991,1
2026-08-28T11:28:03.340807,1451.2,cam_02,ONLINE,0.22,0,440,1000,1
2026-08-28T11:28:03.340807,1451.2,cam_03,ONLINE,0.06,0,262,685,1
2026-08-28T11:28:03.340807,1451.2,cam_04,ONLINE,0.14,0,287,751,1
2026-08-28T11:28:03.340807,1451.2,cam_05,ONLINE,0.14,0,344,813,1
2026-08-28T11:28:03.340807,1451.2,cam_06,ONLINE,0.28,0,203,585,1
2026-08-28T11:28:03.340807,1451.2,cam_07,ONLINE,0.12,0,215,559,1
2026-08-28T11:28:03.340807,1451.2,cam_08,ONLINE,0.11,0,317,753,1
2026-08-28T11:28:03.340807,1451.2,cam_09,ONLINE,1.88,0,424,926,1
2026-08-28T11:28:03.340807,1451.2,cam_10,ONLINE,0.62,0,397,870,1
2026-08-28T11:28:03.340807,1451.2,cam_11,ONLINE,0.06,0,312,814,1
2026-08-28T11:28:03.340807,1451.2,cam_12,ONLINE,0.11,0,236,622,1
2026-08-28T11:28:03.340807,1451.2,cam_13,ONLINE,0.17,0,297,163,1
2026-08-28T11:28:03.340807,1451.2,cam_14,ONLINE,0.22,0,191,539,1
2026-08-28T11:28:03.340807,1451.2,cam_15,ONLINE,0.41,0,449,932,1
2026-08-28T11:28:13.348354,1461.2,cam_01,ONLINE,0.31,0,418,991,1
2026-08-28T11:28:13.348354,1461.2,cam_02,ONLINE,0.22,0,440,1000,1
2026-08-28T11:28:13.348354,1461.2,cam_03,ONLINE,0.06,0,262,685,1
2026-08-28T11:28:13.348354,1461.2,cam_04,ONLINE,0.14,0,287,751,1
2026-08-28T11:28:13.348354,1461.2,cam_05,ONLINE,0.14,0,344,813,1
2026-08-28T11:28:13.348354,1461.2,cam_06,ONLINE,0.28,0,203,585,1
2026-08-28T11:28:13.348354,1461.2,cam_07,ONLINE,0.12,0,215,559,1
2026-08-28T11:28:13.348354,1461.2,cam_08,ONLINE,0.11,0,317,753,1
2026-08-28T11:28:13.348354,1461.2,cam_09,ONLINE,1.88,0,424,926,1
2026-08-28T11:28:13.348354,1461.2,cam_10,ONLINE,0.62,0,397,870,1
2026-08-28T11:28:13.348354,1461.2,cam_11,ONLINE,0.06,0,312,814,1
2026-08-28T11:28:13.348354,1461.2,cam_12,ONLINE,0.11,0,236,622,1
2026-08-28T11:28:13.348354,1461.2,cam_13,ONLINE,0.17,0,297,163,1
2026-08-28T11:28:13.348354,1461.2,cam_14,ONLINE,0.22,0,191,539,1
2026-08-28T11:28:13.348354,1461.2,cam_15,ONLINE,0.41,0,449,932,1
2026-08-28T11:28:23.353305,1471.2,cam_01,ONLINE,0.31,0,418,991,1
2026-08-28T11:28:23.353305,1471.2,cam_02,ONLINE,0.22,0,440,1000,1
2026-08-28T11:28:23.353305,1471.2,cam_03,ONLINE,0.06,0,262,685,1
2026-08-28T11:28:23.353305,1471.2,cam_04,ONLINE,0.14,0,287,751,1
2026-08-28T11:28:23.353305,1471.2,cam_05,ONLINE,0.14,0,344,813,1
2026-08-28T11:28:23.353305,1471.2,cam_06,ONLINE,0.28,0,203,585,1
2026-08-28T11:28:23.353305,1471.2,cam_07,ONLINE,0.12,0,215,559,1
2026-08-28T11:28:23.353305,1471.2,cam_08,ONLINE,0.11,0,317,753,1
2026-08-28T11:28:23.353305,1471.2,cam_09,ONLINE,1.88,0,424,926,1
2026-08-28T11:28:23.353305,1471.2,cam_10,ONLINE,0.62,0,397,870,1
2026-08-28T11:28:23.353305,1471.2,cam_11,ONLINE,0.06,0,312,814,1
2026-08-28T11:28:23.353305,1471.2,cam_12,ONLINE,0.11,0,236,622,1
2026-08-28T11:28:23.353305,1471.2,cam_13,ONLINE,0.17,0,297,163,1
2026-08-28T11:28:23.353305,1471.2,cam_14,ONLINE,0.22,0,191,539,1
2026-08-28T11:28:23.353305,1471.2,cam_15,ONLINE,0.41,0,449,932,1
2026-08-28T11:28:33.360428,1481.2,cam_01,ONLINE,0.31,0,418,991,1
2026-08-28T11:28:33.360428,1481.2,cam_02,ONLINE,0.22,0,440,1000,1
2026-08-28T11:28:33.360428,1481.2,cam_03,ONLINE,0.06,0,262,685,1
2026-08-28T11:28:33.360428,1481.2,cam_04,ONLINE,0.14,0,287,751,1
2026-08-28T11:28:33.360428,1481.2,cam_05,ONLINE,0.14,0,344,813,1
2026-08-28T11:28:33.360428,1481.2,cam_06,ONLINE,0.28,0,203,585,1
2026-08-28T11:28:33.360428,1481.2,cam_07,ONLINE,0.12,0,215,559,1
2026-08-28T11:28:33.360428,1481.2,cam_08,ONLINE,0.11,0,317,753,1
2026-08-28T11:28:33.360428,1481.2,cam_09,ONLINE,1.88,0,424,926,1
2026-08-28T11:28:33.360428,1481.2,cam_10,ONLINE,0.62,0,397,870,1
2026-08-28T11:28:33.360428,1481.2,cam_11,ONLINE,0.06,0,312,814,1
2026-08-28T11:28:33.360428,1481.2,cam_12,ONLINE,0.11,0,236,622,1
2026-08-28T11:28:33.360428,1481.2,cam_13,ONLINE,0.17,0,297,163,1
2026-08-28T11:28:33.360428,1481.2,cam_14,ONLINE,0.22,0,191,539,1
2026-08-28T11:28:33.360428,1481.2,cam_15,ONLINE,0.41,0,449,932,1
2026-08-28T11:28:43.368435,1491.2,cam_01,ONLINE,0.31,0,418,991,1
2026-08-28T11:28:43.368435,1491.2,cam_02,ONLINE,0.22,0,440,1000,1
2026-08-28T11:28:43.368435,1491.2,cam_03,ONLINE,0.06,0,262,685,1
2026-08-28T11:28:43.368435,1491.2,cam_04,ONLINE,0.14,0,287,751,1
2026-08-28T11:28:43.368435,1491.2,cam_05,ONLINE,0.14,0,344,813,1
2026-08-28T11:28:43.368435,1491.2,cam_06,ONLINE,0.28,0,203,585,1
2026-08-28T11:28:43.368435,1491.2,cam_07,ONLINE,0.12,0,215,559,1
2026-08-28T11:28:43.368435,1491.2,cam_08,ONLINE,0.11,0,317,753,1
2026-08-28T11:28:43.368435,1491.2,cam_09,ONLINE,1.88,0,424,926,1
2026-08-28T11:28:43.368435,1491.2,cam_10,ONLINE,0.62,0,397,870,1
2026-08-28T11:28:43.368435,1491.2,cam_11,ONLINE,0.06,0,312,814,1
2026-08-28T11:28:43.368435,1491.2,cam_12,ONLINE,0.11,0,236,622,1
2026-08-28T11:28:43.368435,1491.2,cam_13,ONLINE,0.17,0,297,163,1
2026-08-28T11:28:43.368435,1491.2,cam_14,ONLINE,0.22,0,191,539,1
2026-08-28T11:28:43.368435,1491.2,cam_15,ONLINE,0.41,0,449,932,1
2026-08-28T11:28:53.382823,1501.2,cam_01,ONLINE,0.31,0,418,991,1
2026-08-28T11:28:53.382823,1501.2,cam_02,ONLINE,0.22,0,440,1000,1
2026-08-28T11:28:53.382823,1501.2,cam_03,ONLINE,0.06,0,262,685,1
2026-08-28T11:28:53.382823,1501.2,cam_04,ONLINE,0.14,0,287,751,1
2026-08-28T11:28:53.382823,1501.2,cam_05,ONLINE,0.14,0,344,813,1
2026-08-28T11:28:53.382823,1501.2,cam_06,ONLINE,0.28,0,203,585,1
2026-08-28T11:28:53.382823,1501.2,cam_07,ONLINE,0.12,0,215,559,1
2026-08-28T11:28:53.382823,1501.2,cam_08,ONLINE,0.11,0,317,753,1
2026-08-28T11:28:53.382823,1501.2,cam_09,ONLINE,1.88,0,424,926,1
2026-08-28T11:28:53.382823,1501.2,cam_10,ONLINE,0.62,0,397,870,1
2026-08-28T11:28:53.382823,1501.2,cam_11,ONLINE,0.06,0,312,814,1
2026-08-28T11:28:53.382823,1501.2,cam_12,ONLINE,0.11,0,236,622,1
2026-08-28T11:28:53.382823,1501.2,cam_13,ONLINE,0.17,0,297,163,1
2026-08-28T11:28:53.382823,1501.2,cam_14,ONLINE,0.22,0,191,539,1
2026-08-28T11:28:53.382823,1501.2,cam_15,ONLINE,0.41,0,449,932,1
2026-08-28T11:29:03.393391,1511.2,cam_01,ONLINE,0.31,0,418,991,1
2026-08-28T11:29:03.393391,1511.2,cam_02,ONLINE,0.22,0,440,1000,1
2026-08-28T11:29:03.393391,1511.2,cam_03,ONLINE,0.06,0,262,685,1
2026-08-28T11:29:03.393391,1511.2,cam_04,ONLINE,0.14,0,287,751,1
2026-08-28T11:29:03.393391,1511.2,cam_05,ONLINE,0.14,0,344,813,1
2026-08-28T11:29:03.393391,1511.2,cam_06,ONLINE,0.28,0,203,585,1
2026-08-28T11:29:03.393391,1511.2,cam_07,ONLINE,0.12,0,215,559,1
2026-08-28T11:29:03.393391,1511.2,cam_08,ONLINE,0.11,0,317,753,1
2026-08-28T11:29:03.393391,1511.2,cam_09,ONLINE,1.88,0,424,926,1
2026-08-28T11:29:03.393391,1511.2,cam_10,ONLINE,0.62,0,397,870,1
2026-08-28T11:29:03.393391,1511.2,cam_11,ONLINE,0.06,0,312,814,1
2026-08-28T11:29:03.393391,1511.2,cam_12,ONLINE,0.11,0,236,622,1
2026-08-28T11:29:03.393391,1511.2,cam_13,ONLINE,0.17,0,297,163,1
2026-08-28T11:29:03.393391,1511.2,cam_14,ONLINE,0.22,0,191,539,1
2026-08-28T11:29:03.393391,1511.2,cam_15,ONLINE,0.41,0,449,932,1
2026-08-28T11:29:13.400183,1521.2,cam_01,ONLINE,0.31,0,418,991,1
2026-08-28T11:29:13.400183,1521.2,cam_02,ONLINE,0.22,0,440,1000,1
2026-08-28T11:29:13.400183,1521.2,cam_03,ONLINE,0.06,0,262,685,1
2026-08-28T11:29:13.400183,1521.2,cam_04,ONLINE,0.14,0,287,751,1
2026-08-28T11:29:13.400183,1521.2,cam_05,ONLINE,0.14,0,344,813,1
2026-08-28T11:29:13.400183,1521.2,cam_06,ONLINE,0.28,0,203,585,1
2026-08-28T11:29:13.400183,1521.2,cam_07,ONLINE,0.12,0,215,559,1
2026-08-28T11:29:13.400183,1521.2,cam_08,ONLINE,0.11,0,317,753,1
2026-08-28T11:29:13.400183,1521.2,cam_09,ONLINE,1.88,0,424,926,1
2026-08-28T11:29:13.400183,1521.2,cam_10,ONLINE,0.62,0,397,870,1
2026-08-28T11:29:13.400183,1521.2,cam_11,ONLINE,0.06,0,312,814,1
2026-08-28T11:29:13.400183,1521.2,cam_12,ONLINE,0.11,0,236,622,1
2026-08-28T11:29:13.400183,1521.2,cam_13,ONLINE,0.17,0,297,163,1
2026-08-28T11:29:13.400183,1521.2,cam_14,ONLINE,0.22,0,191,539,1
2026-08-28T11:29:13.400183,1521.2,cam_15,ONLINE,0.41,0,449,932,1
2026-08-28T11:29:23.407039,1531.3,cam_01,ONLINE,0.31,0,418,991,1
2026-08-28T11:29:23.407039,1531.3,cam_02,ONLINE,0.22,0,440,1000,1
2026-08-28T11:29:23.407039,1531.3,cam_03,ONLINE,0.06,0,262,685,1
2026-08-28T11:29:23.407039,1531.3,cam_04,ONLINE,0.14,0,287,751,1
2026-08-28T11:29:23.407039,1531.3,cam_05,ONLINE,0.14,0,344,813,1
2026-08-28T11:29:23.407039,1531.3,cam_06,ONLINE,0.28,0,203,585,1
2026-08-28T11:29:23.407039,1531.3,cam_07,ONLINE,0.12,0,215,559,1
2026-08-28T11:29:23.407039,1531.3,cam_08,ONLINE,0.11,0,317,753,1
2026-08-28T11:29:23.407039,1531.3,cam_09,ONLINE,1.88,0,424,926,1
2026-08-28T11:29:23.407039,1531.3,cam_10,ONLINE,0.62,0,397,870,1
2026-08-28T11:29:23.407039,1531.3,cam_11,ONLINE,0.06,0,312,814,1
2026-08-28T11:29:23.407039,1531.3,cam_12,ONLINE,0.11,0,236,622,1
2026-08-28T11:29:23.407039,1531.3,cam_13,ONLINE,0.17,0,297,163,1
2026-08-28T11:29:23.407039,1531.3,cam_14,ONLINE,0.22,0,191,539,1
2026-08-28T11:29:23.407039,1531.3,cam_15,ONLINE,0.41,0,449,932,1
2026-08-28T11:29:33.412979,1541.3,cam_01,ONLINE,0.31,0,418,991,1
2026-08-28T11:29:33.412979,1541.3,cam_02,ONLINE,0.22,0,440,1000,1
2026-08-28T11:29:33.412979,1541.3,cam_03,ONLINE,0.06,0,262,685,1
2026-08-28T11:29:33.412979,1541.3,cam_04,ONLINE,0.14,0,287,751,1
2026-08-28T11:29:33.412979,1541.3,cam_05,ONLINE,0.14,0,344,813,1
2026-08-28T11:29:33.412979,1541.3,cam_06,ONLINE,0.28,0,203,585,1
2026-08-28T11:29:33.412979,1541.3,cam_07,ONLINE,0.12,0,215,559,1
2026-08-28T11:29:33.412979,1541.3,cam_08,ONLINE,0.11,0,317,753,1
2026-08-28T11:29:33.412979,1541.3,cam_09,ONLINE,1.88,0,424,926,1
2026-08-28T11:29:33.412979,1541.3,cam_10,ONLINE,0.62,0,397,870,1
2026-08-28T11:29:33.412979,1541.3,cam_11,ONLINE,0.06,0,312,814,1
2026-08-28T11:29:33.412979,1541.3,cam_12,ONLINE,0.11,0,236,622,1
2026-08-28T11:29:33.412979,1541.3,cam_13,ONLINE,0.17,0,297,163,1
2026-08-28T11:29:33.412979,1541.3,cam_14,ONLINE,0.22,0,191,539,1
2026-08-28T11:29:33.412979,1541.3,cam_15,ONLINE,0.41,0,449,932,1
2026-08-28T11:29:43.417898,1551.3,cam_01,ONLINE,0.31,0,418,991,1
2026-08-28T11:29:43.417898,1551.3,cam_02,ONLINE,0.22,0,440,1000,1
2026-08-28T11:29:43.417898,1551.3,cam_03,ONLINE,0.06,0,262,685,1
2026-08-28T11:29:43.417898,1551.3,cam_04,ONLINE,0.14,0,287,751,1
2026-08-28T11:29:43.417898,1551.3,cam_05,ONLINE,0.14,0,344,813,1
2026-08-28T11:29:43.417898,1551.3,cam_06,ONLINE,0.28,0,203,585,1
2026-08-28T11:29:43.417898,1551.3,cam_07,ONLINE,0.12,0,215,559,1
2026-08-28T11:29:43.417898,1551.3,cam_08,ONLINE,0.11,0,317,753,1
2026-08-28T11:29:43.417898,1551.3,cam_09,ONLINE,1.88,0,424,926,1
2026-08-28T11:29:43.417898,1551.3,cam_10,ONLINE,0.62,0,397,870,1
2026-08-28T11:29:43.417898,1551.3,cam_11,ONLINE,0.06,0,312,814,1
2026-08-28T11:29:43.417898,1551.3,cam_12,ONLINE,0.11,0,236,622,1
2026-08-28T11:29:43.417898,1551.3,cam_13,ONLINE,0.17,0,297,163,1
2026-08-28T11:29:43.417898,1551.3,cam_14,ONLINE,0.22,0,191,539,1
2026-08-28T11:29:43.417898,1551.3,cam_15,ONLINE,0.41,0,449,932,1
2026-08-28T11:29:53.424190,1561.3,cam_01,ONLINE,0.31,0,418,991,1
2026-08-28T11:29:53.424190,1561.3,cam_02,ONLINE,0.22,0,440,1000,1
2026-08-28T11:29:53.424190,1561.3,cam_03,ONLINE,0.06,0,262,685,1
2026-08-28T11:29:53.424190,1561.3,cam_04,ONLINE,0.14,0,287,751,1
2026-08-28T11:29:53.424190,1561.3,cam_05,ONLINE,0.14,0,344,813,1
2026-08-28T11:29:53.424190,1561.3,cam_06,ONLINE,0.28,0,203,585,1
2026-08-28T11:29:53.424190,1561.3,cam_07,ONLINE,0.12,0,215,559,1
2026-08-28T11:29:53.424190,1561.3,cam_08,ONLINE,0.11,0,317,753,1
2026-08-28T11:29:53.424190,1561.3,cam_09,ONLINE,1.88,0,424,926,1
2026-08-28T11:29:53.424190,1561.3,cam_10,ONLINE,0.62,0,397,870,1
2026-08-28T11:29:53.424190,1561.3,cam_11,ONLINE,0.06,0,312,814,1
2026-08-28T11:29:53.424190,1561.3,cam_12,ONLINE,0.11,0,236,622,1
2026-08-28T11:29:53.424190,1561.3,cam_13,ONLINE,0.17,0,297,163,1
2026-08-28T11:29:53.424190,1561.3,cam_14,ONLINE,0.22,0,191,539,1
2026-08-28T11:29:53.424190,1561.3,cam_15,ONLINE,0.41,0,449,932,1
2026-08-28T11:30:03.431325,1571.3,cam_01,ONLINE,0.31,0,418,991,1
2026-08-28T11:30:03.431325,1571.3,cam_02,ONLINE,0.22,0,440,1000,1
2026-08-28T11:30:03.431325,1571.3,cam_03,ONLINE,0.06,0,262,685,1
2026-08-28T11:30:03.431325,1571.3,cam_04,ONLINE,0.14,0,287,751,1
2026-08-28T11:30:03.431325,1571.3,cam_05,ONLINE,0.14,0,344,813,1
2026-08-28T11:30:03.431325,1571.3,cam_06,ONLINE,0.28,0,203,585,1
2026-08-28T11:30:03.431325,1571.3,cam_07,ONLINE,0.12,0,215,559,1
2026-08-28T11:30:03.431325,1571.3,cam_08,ONLINE,0.11,0,317,753,1
2026-08-28T11:30:03.431325,1571.3,cam_09,ONLINE,1.88,0,424,926,1
2026-08-28T11:30:03.431325,1571.3,cam_10,ONLINE,0.62,0,397,870,1
2026-08-28T11:30:03.431325,1571.3,cam_11,ONLINE,0.06,0,312,814,1
2026-08-28T11:30:03.431325,1571.3,cam_12,ONLINE,0.11,0,236,622,1
2026-08-28T11:30:03.431325,1571.3,cam_13,ONLINE,0.17,0,297,163,1
2026-08-28T11:30:03.431325,1571.3,cam_14,ONLINE,0.22,0,191,539,1
2026-08-28T11:30:03.431325,1571.3,cam_15,ONLINE,0.41,0,449,932,1
2026-08-28T11:30:13.437355,1581.3,cam_01,ONLINE,0.31,0,418,991,1
2026-08-28T11:30:13.437355,1581.3,cam_02,ONLINE,0.22,0,440,1000,1
2026-08-28T11:30:13.437355,1581.3,cam_03,ONLINE,0.06,0,262,685,1
2026-08-28T11:30:13.437355,1581.3,cam_04,ONLINE,0.14,0,287,751,1
2026-08-28T11:30:13.437355,1581.3,cam_05,ONLINE,0.14,0,344,813,1
2026-08-28T11:30:13.437355,1581.3,cam_06,ONLINE,0.28,0,203,585,1
2026-08-28T11:30:13.437355,1581.3,cam_07,ONLINE,0.12,0,215,559,1
2026-08-28T11:30:13.437355,1581.3,cam_08,ONLINE,0.11,0,317,753,1
2026-08-28T11:30:13.437355,1581.3,cam_09,ONLINE,1.88,0,424,926,1
2026-08-28T11:30:13.437355,1581.3,cam_10,ONLINE,0.62,0,397,870,1
2026-08-28T11:30:13.437355,1581.3,cam_11,ONLINE,0.06,0,312,814,1
2026-08-28T11:30:13.437355,1581.3,cam_12,ONLINE,0.11,0,236,622,1
2026-08-28T11:30:13.437355,1581.3,cam_13,ONLINE,0.17,0,297,163,1
2026-08-28T11:30:13.437355,1581.3,cam_14,ONLINE,0.22,0,191,539,1
2026-08-28T11:30:13.437355,1581.3,cam_15,ONLINE,0.41,0,449,932,1
2026-08-28T11:30:23.442320,1591.3,cam_01,ONLINE,0.31,0,418,991,1
2026-08-28T11:30:23.442320,1591.3,cam_02,ONLINE,0.22,0,440,1000,1
2026-08-28T11:30:23.442320,1591.3,cam_03,ONLINE,0.06,0,262,685,1
2026-08-28T11:30:23.442320,1591.3,cam_04,ONLINE,0.14,0,287,751,1
2026-08-28T11:30:23.442320,1591.3,cam_05,ONLINE,0.14,0,344,813,1
2026-08-28T11:30:23.442320,1591.3,cam_06,ONLINE,0.28,0,203,585,1
2026-08-28T11:30:23.442320,1591.3,cam_07,ONLINE,0.12,0,215,559,1
2026-08-28T11:30:23.442320,1591.3,cam_08,ONLINE,0.11,0,317,753,1
2026-08-28T11:30:23.442320,1591.3,cam_09,ONLINE,1.88,0,424,926,1
2026-08-28T11:30:23.442320,1591.3,cam_10,ONLINE,0.62,0,397,870,1
2026-08-28T11:30:23.442320,1591.3,cam_11,ONLINE,0.06,0,312,814,1
2026-08-28T11:30:23.442320,1591.3,cam_12,ONLINE,0.11,0,236,622,1
2026-08-28T11:30:23.442320,1591.3,cam_13,ONLINE,0.17,0,297,163,1
2026-08-28T11:30:23.442320,1591.3,cam_14,ONLINE,0.22,0,191,539,1
2026-08-28T11:30:23.442320,1591.3,cam_15,ONLINE,0.41,0,449,932,1
2026-08-28T11:30:33.447498,1601.3,cam_01,ONLINE,0.31,0,418,991,1
2026-08-28T11:30:33.447498,1601.3,cam_02,ONLINE,0.22,0,440,1000,1
2026-08-28T11:30:33.447498,1601.3,cam_03,ONLINE,0.06,0,262,685,1
2026-08-28T11:30:33.447498,1601.3,cam_04,ONLINE,0.14,0,287,751,1
2026-08-28T11:30:33.447498,1601.3,cam_05,ONLINE,0.14,0,344,813,1
2026-08-28T11:30:33.447498,1601.3,cam_06,ONLINE,0.28,0,203,585,1
2026-08-28T11:30:33.447498,1601.3,cam_07,ONLINE,0.12,0,215,559,1
2026-08-28T11:30:33.447498,1601.3,cam_08,ONLINE,0.11,0,317,753,1
2026-08-28T11:30:33.447498,1601.3,cam_09,ONLINE,1.88,0,424,926,1
2026-08-28T11:30:33.447498,1601.3,cam_10,ONLINE,0.62,0,397,870,1
2026-08-28T11:30:33.447498,1601.3,cam_11,ONLINE,0.06,0,312,814,1
2026-08-28T11:30:33.447498,1601.3,cam_12,ONLINE,0.11,0,236,622,1
2026-08-28T11:30:33.447498,1601.3,cam_13,ONLINE,0.17,0,297,163,1
2026-08-28T11:30:33.447498,1601.3,cam_14,ONLINE,0.22,0,191,539,1
2026-08-28T11:30:33.447498,1601.3,cam_15,ONLINE,0.41,0,449,932,1
2026-08-28T11:30:43.453983,1611.3,cam_01,ONLINE,0.31,0,418,991,1
2026-08-28T11:30:43.453983,1611.3,cam_02,ONLINE,0.22,0,440,1000,1
2026-08-28T11:30:43.453983,1611.3,cam_03,ONLINE,0.06,0,262,685,1
2026-08-28T11:30:43.453983,1611.3,cam_04,ONLINE,0.14,0,287,751,1
2026-08-28T11:30:43.453983,1611.3,cam_05,ONLINE,0.14,0,344,813,1
2026-08-28T11:30:43.453983,1611.3,cam_06,ONLINE,0.28,0,203,585,1
2026-08-28T11:30:43.453983,1611.3,cam_07,ONLINE,0.12,0,215,559,1
2026-08-28T11:30:43.453983,1611.3,cam_08,ONLINE,0.11,0,317,753,1
2026-08-28T11:30:43.453983,1611.3,cam_09,ONLINE,1.88,0,424,926,1
2026-08-28T11:30:43.453983,1611.3,cam_10,ONLINE,0.62,0,397,870,1
2026-08-28T11:30:43.453983,1611.3,cam_11,ONLINE,0.06,0,312,814,1
2026-08-28T11:30:43.453983,1611.3,cam_12,ONLINE,0.11,0,236,622,1
2026-08-28T11:30:43.453983,1611.3,cam_13,ONLINE,0.17,0,297,163,1
2026-08-28T11:30:43.453983,1611.3,cam_14,ONLINE,0.22,0,191,539,1
2026-08-28T11:30:43.453983,1611.3,cam_15,ONLINE,0.41,0,449,932,1
2026-08-28T11:30:53.459638,1621.3,cam_01,ONLINE,0.31,0,418,991,1
2026-08-28T11:30:53.459638,1621.3,cam_02,ONLINE,0.22,0,440,1000,1
2026-08-28T11:30:53.459638,1621.3,cam_03,ONLINE,0.06,0,262,685,1
2026-08-28T11:30:53.459638,1621.3,cam_04,ONLINE,0.14,0,287,751,1
2026-08-28T11:30:53.459638,1621.3,cam_05,ONLINE,0.14,0,344,813,1
2026-08-28T11:30:53.459638,1621.3,cam_06,ONLINE,0.28,0,203,585,1
2026-08-28T11:30:53.459638,1621.3,cam_07,ONLINE,0.12,0,215,559,1
2026-08-28T11:30:53.459638,1621.3,cam_08,ONLINE,0.11,0,317,753,1
2026-08-28T11:30:53.459638,1621.3,cam_09,ONLINE,1.88,0,424,926,1
2026-08-28T11:30:53.459638,1621.3,cam_10,ONLINE,0.62,0,397,870,1
2026-08-28T11:30:53.459638,1621.3,cam_11,ONLINE,0.06,0,312,814,1
2026-08-28T11:30:53.459638,1621.3,cam_12,ONLINE,0.11,0,236,622,1
2026-08-28T11:30:53.459638,1621.3,cam_13,ONLINE,0.17,0,297,163,1
2026-08-28T11:30:53.459638,1621.3,cam_14,ONLINE,0.22,0,191,539,1
2026-08-28T11:30:53.459638,1621.3,cam_15,ONLINE,0.41,0,449,932,1
2026-08-28T11:31:03.468831,1631.3,cam_01,ONLINE,0.31,0,418,991,1
2026-08-28T11:31:03.468831,1631.3,cam_02,ONLINE,0.22,0,440,1000,1
2026-08-28T11:31:03.468831,1631.3,cam_03,ONLINE,0.06,0,262,685,1
2026-08-28T11:31:03.468831,1631.3,cam_04,ONLINE,0.14,0,287,751,1
2026-08-28T11:31:03.468831,1631.3,cam_05,ONLINE,0.14,0,344,813,1
2026-08-28T11:31:03.468831,1631.3,cam_06,ONLINE,0.28,0,203,585,1
2026-08-28T11:31:03.468831,1631.3,cam_07,ONLINE,0.12,0,215,559,1
2026-08-28T11:31:03.468831,1631.3,cam_08,ONLINE,0.11,0,317,753,1
2026-08-28T11:31:03.468831,1631.3,cam_09,ONLINE,1.88,0,424,926,1
2026-08-28T11:31:03.468831,1631.3,cam_10,ONLINE,0.62,0,397,870,1
2026-08-28T11:31:03.468831,1631.3,cam_11,ONLINE,0.06,0,312,814,1
2026-08-28T11:31:03.468831,1631.3,cam_12,ONLINE,0.11,0,236,622,1
2026-08-28T11:31:03.468831,1631.3,cam_13,ONLINE,0.17,0,297,163,1
2026-08-28T11:31:03.468831,1631.3,cam_14,ONLINE,0.22,0,191,539,1
2026-08-28T11:31:03.468831,1631.3,cam_15,ONLINE,0.41,0,449,932,1
2026-08-28T11:31:13.474917,1641.3,cam_01,ONLINE,0.31,0,418,991,1
2026-08-28T11:31:13.474917,1641.3,cam_02,ONLINE,0.22,0,440,1000,1
2026-08-28T11:31:13.474917,1641.3,cam_03,ONLINE,0.06,0,262,685,1
2026-08-28T11:31:13.474917,1641.3,cam_04,ONLINE,0.14,0,287,751,1
2026-08-28T11:31:13.474917,1641.3,cam_05,ONLINE,0.14,0,344,813,1
2026-08-28T11:31:13.474917,1641.3,cam_06,ONLINE,0.28,0,203,585,1
2026-08-28T11:31:13.474917,1641.3,cam_07,ONLINE,0.12,0,215,559,1
2026-08-28T11:31:13.474917,1641.3,cam_08,ONLINE,0.11,0,317,753,1
2026-08-28T11:31:13.474917,1641.3,cam_09,ONLINE,1.88,0,424,926,1
2026-08-28T11:31:13.474917,1641.3,cam_10,ONLINE,0.62,0,397,870,1
2026-08-28T11:31:13.474917,1641.3,cam_11,ONLINE,0.06,0,312,814,1
2026-08-28T11:31:13.474917,1641.3,cam_12,ONLINE,0.11,0,236,622,1
2026-08-28T11:31:13.474917,1641.3,cam_13,ONLINE,0.17,0,297,163,1
2026-08-28T11:31:13.474917,1641.3,cam_14,ONLINE,0.22,0,191,539,1
2026-08-28T11:31:13.474917,1641.3,cam_15,ONLINE,0.41,0,449,932,1
2026-08-28T11:31:23.482119,1651.3,cam_01,ONLINE,0.31,0,418,991,1
2026-08-28T11:31:23.482119,1651.3,cam_02,ONLINE,0.22,0,440,1000,1
2026-08-28T11:31:23.482119,1651.3,cam_03,ONLINE,0.06,0,262,685,1
2026-08-28T11:31:23.482119,1651.3,cam_04,ONLINE,0.14,0,287,751,1
2026-08-28T11:31:23.482119,1651.3,cam_05,ONLINE,0.14,0,344,813,1
2026-08-28T11:31:23.482119,1651.3,cam_06,ONLINE,0.28,0,203,585,1
2026-08-28T11:31:23.482119,1651.3,cam_07,ONLINE,0.12,0,215,559,1
2026-08-28T11:31:23.482119,1651.3,cam_08,ONLINE,0.11,0,317,753,1
2026-08-28T11:31:23.482119,1651.3,cam_09,ONLINE,1.88,0,424,926,1
2026-08-28T11:31:23.482119,1651.3,cam_10,ONLINE,0.62,0,397,870,1
2026-08-28T11:31:23.482119,1651.3,cam_11,ONLINE,0.06,0,312,814,1
2026-08-28T11:31:23.482119,1651.3,cam_12,ONLINE,0.11,0,236,622,1
2026-08-28T11:31:23.482119,1651.3,cam_13,ONLINE,0.17,0,297,163,1
2026-08-28T11:31:23.482119,1651.3,cam_14,ONLINE,0.22,0,191,539,1
2026-08-28T11:31:23.482119,1651.3,cam_15,ONLINE,0.41,0,449,932,1
2026-08-28T11:31:33.487526,1661.3,cam_01,ONLINE,0.31,0,418,991,1
2026-08-28T11:31:33.487526,1661.3,cam_02,ONLINE,0.22,0,440,1000,1
2026-08-28T11:31:33.487526,1661.3,cam_03,ONLINE,0.06,0,262,685,1
2026-08-28T11:31:33.487526,1661.3,cam_04,ONLINE,0.14,0,287,751,1
2026-08-28T11:31:33.487526,1661.3,cam_05,ONLINE,0.14,0,344,813,1
2026-08-28T11:31:33.487526,1661.3,cam_06,ONLINE,0.28,0,203,585,1
2026-08-28T11:31:33.487526,1661.3,cam_07,ONLINE,0.12,0,215,559,1
2026-08-28T11:31:33.487526,1661.3,cam_08,ONLINE,0.11,0,317,753,1
2026-08-28T11:31:33.487526,1661.3,cam_09,ONLINE,1.88,0,424,926,1
2026-08-28T11:31:33.487526,1661.3,cam_10,ONLINE,0.62,0,397,870,1
2026-08-28T11:31:33.487526,1661.3,cam_11,ONLINE,0.06,0,312,814,1
2026-08-28T11:31:33.487526,1661.3,cam_12,ONLINE,0.11,0,236,622,1
2026-08-28T11:31:33.487526,1661.3,cam_13,ONLINE,0.17,0,297,163,1
2026-08-28T11:31:33.487526,1661.3,cam_14,ONLINE,0.22,0,191,539,1
2026-08-28T11:31:33.487526,1661.3,cam_15,ONLINE,0.41,0,449,932,1
2026-08-28T11:31:43.493760,1671.3,cam_01,ONLINE,0.31,0,418,991,1
2026-08-28T11:31:43.493760,1671.3,cam_02,ONLINE,0.22,0,440,1000,1
2026-08-28T11:31:43.493760,1671.3,cam_03,ONLINE,0.06,0,262,685,1
2026-08-28T11:31:43.493760,1671.3,cam_04,ONLINE,0.14,0,287,751,1
2026-08-28T11:31:43.493760,1671.3,cam_05,ONLINE,0.14,0,344,813,1
2026-08-28T11:31:43.493760,1671.3,cam_06,ONLINE,0.28,0,203,585,1
2026-08-28T11:31:43.493760,1671.3,cam_07,ONLINE,0.12,0,215,559,1
2026-08-28T11:31:43.493760,1671.3,cam_08,ONLINE,0.11,0,317,753,1
2026-08-28T11:31:43.493760,1671.3,cam_09,ONLINE,1.88,0,424,926,1
2026-08-28T11:31:43.493760,1671.3,cam_10,ONLINE,0.62,0,397,870,1
2026-08-28T11:31:43.493760,1671.3,cam_11,ONLINE,0.06,0,312,814,1
2026-08-28T11:31:43.493760,1671.3,cam_12,ONLINE,0.11,0,236,622,1
2026-08-28T11:31:43.493760,1671.3,cam_13,ONLINE,0.17,0,297,163,1
2026-08-28T11:31:43.493760,1671.3,cam_14,ONLINE,0.22,0,191,539,1
2026-08-28T11:31:43.493760,1671.3,cam_15,ONLINE,0.41,0,449,932,1
2026-08-28T11:31:53.499036,1681.4,cam_01,ONLINE,0.31,0,418,991,1
2026-08-28T11:31:53.499036,1681.4,cam_02,ONLINE,0.22,0,440,1000,1
2026-08-28T11:31:53.499036,1681.4,cam_03,ONLINE,0.06,0,262,685,1
2026-08-28T11:31:53.499036,1681.4,cam_04,ONLINE,0.14,0,287,751,1
2026-08-28T11:31:53.499036,1681.4,cam_05,ONLINE,0.14,0,344,813,1
2026-08-28T11:31:53.499036,1681.4,cam_06,ONLINE,0.28,0,203,585,1
2026-08-28T11:31:53.499036,1681.4,cam_07,ONLINE,0.12,0,215,559,1
2026-08-28T11:31:53.499036,1681.4,cam_08,ONLINE,0.11,0,317,753,1
2026-08-28T11:31:53.499036,1681.4,cam_09,ONLINE,1.88,0,424,926,1
2026-08-28T11:31:53.499036,1681.4,cam_10,ONLINE,0.62,0,397,870,1
2026-08-28T11:31:53.499036,1681.4,cam_11,ONLINE,0.06,0,312,814,1
2026-08-28T11:31:53.499036,1681.4,cam_12,ONLINE,0.11,0,236,622,1
2026-08-28T11:31:53.499036,1681.4,cam_13,ONLINE,0.17,0,297,163,1
2026-08-28T11:31:53.499036,1681.4,cam_14,ONLINE,0.22,0,191,539,1
2026-08-28T11:31:53.499036,1681.4,cam_15,ONLINE,0.41,0,449,932,1
2026-08-28T11:32:03.507548,1691.4,cam_01,ONLINE,0.31,0,418,991,1
2026-08-28T11:32:03.507548,1691.4,cam_02,ONLINE,0.22,0,440,1000,1
2026-08-28T11:32:03.507548,1691.4,cam_03,ONLINE,0.06,0,262,685,1
2026-08-28T11:32:03.507548,1691.4,cam_04,ONLINE,0.14,0,287,751,1
2026-08-28T11:32:03.507548,1691.4,cam_05,ONLINE,0.14,0,344,813,1
2026-08-28T11:32:03.507548,1691.4,cam_06,ONLINE,0.28,0,203,585,1
2026-08-28T11:32:03.507548,1691.4,cam_07,ONLINE,0.12,0,215,559,1
2026-08-28T11:32:03.507548,1691.4,cam_08,ONLINE,0.11,0,317,753,1
2026-08-28T11:32:03.507548,1691.4,cam_09,ONLINE,1.88,0,424,926,1
2026-08-28T11:32:03.507548,1691.4,cam_10,ONLINE,0.62,0,397,870,1
2026-08-28T11:32:03.507548,1691.4,cam_11,ONLINE,0.06,0,312,814,1
2026-08-28T11:32:03.507548,1691.4,cam_12,ONLINE,0.11,0,236,622,1
2026-08-28T11:32:03.507548,1691.4,cam_13,ONLINE,0.17,0,297,163,1
2026-08-28T11:32:03.507548,1691.4,cam_14,ONLINE,0.22,0,191,539,1
2026-08-28T11:32:03.507548,1691.4,cam_15,ONLINE,0.41,0,449,932,1
2026-08-28T11:32:13.513323,1701.4,cam_01,ONLINE,0.31,0,418,991,1
2026-08-28T11:32:13.513323,1701.4,cam_02,ONLINE,0.22,0,440,1000,1
2026-08-28T11:32:13.513323,1701.4,cam_03,ONLINE,0.06,0,262,685,1
2026-08-28T11:32:13.513323,1701.4,cam_04,ONLINE,0.14,0,287,751,1
2026-08-28T11:32:13.513323,1701.4,cam_05,ONLINE,0.14,0,344,813,1
2026-08-28T11:32:13.513323,1701.4,cam_06,ONLINE,0.28,0,203,585,1
2026-08-28T11:32:13.513323,1701.4,cam_07,ONLINE,0.12,0,215,559,1
2026-08-28T11:32:13.513323,1701.4,cam_08,ONLINE,0.11,0,317,753,1
2026-08-28T11:32:13.513323,1701.4,cam_09,ONLINE,1.88,0,424,926,1
2026-08-28T11:32:13.513323,1701.4,cam_10,ONLINE,0.62,0,397,870,1
2026-08-28T11:32:13.513323,1701.4,cam_11,ONLINE,0.06,0,312,814,1
2026-08-28T11:32:13.513323,1701.4,cam_12,ONLINE,0.11,0,236,622,1
2026-08-28T11:32:13.513323,1701.4,cam_13,ONLINE,0.17,0,297,163,1
2026-08-28T11:32:13.513323,1701.4,cam_14,ONLINE,0.22,0,191,539,1
2026-08-28T11:32:13.513323,1701.4,cam_15,ONLINE,0.41,0,449,932,1
2026-08-28T11:32:23.517776,1711.4,cam_01,ONLINE,0.31,0,418,991,1
2026-08-28T11:32:23.517776,1711.4,cam_02,ONLINE,0.22,0,440,1000,1
2026-08-28T11:32:23.517776,1711.4,cam_03,ONLINE,0.06,0,262,685,1
2026-08-28T11:32:23.517776,1711.4,cam_04,ONLINE,0.14,0,287,751,1
2026-08-28T11:32:23.517776,1711.4,cam_05,ONLINE,0.14,0,344,813,1
2026-08-28T11:32:23.517776,1711.4,cam_06,ONLINE,0.28,0,203,585,1
2026-08-28T11:32:23.517776,1711.4,cam_07,ONLINE,0.12,0,215,559,1
2026-08-28T11:32:23.517776,1711.4,cam_08,ONLINE,0.11,0,317,753,1
2026-08-28T11:32:23.517776,1711.4,cam_09,ONLINE,1.88,0,424,926,1
2026-08-28T11:32:23.517776,1711.4,cam_10,ONLINE,0.62,0,397,870,1
2026-08-28T11:32:23.517776,1711.4,cam_11,ONLINE,0.06,0,312,814,1
2026-08-28T11:32:23.517776,1711.4,cam_12,ONLINE,0.11,0,236,622,1
2026-08-28T11:32:23.517776,1711.4,cam_13,ONLINE,0.17,0,297,163,1
2026-08-28T11:32:23.517776,1711.4,cam_14,ONLINE,0.22,0,191,539,1
2026-08-28T11:32:23.517776,1711.4,cam_15,ONLINE,0.41,0,449,932,1
2026-08-28T11:32:33.521972,1721.4,cam_01,ONLINE,0.31,0,418,991,1
2026-08-28T11:32:33.521972,1721.4,cam_02,ONLINE,0.22,0,440,1000,1
2026-08-28T11:32:33.521972,1721.4,cam_03,ONLINE,0.06,0,262,685,1
2026-08-28T11:32:33.521972,1721.4,cam_04,ONLINE,0.14,0,287,751,1
2026-08-28T11:32:33.521972,1721.4,cam_05,ONLINE,0.14,0,344,813,1
2026-08-28T11:32:33.521972,1721.4,cam_06,ONLINE,0.28,0,203,585,1
2026-08-28T11:32:33.521972,1721.4,cam_07,ONLINE,0.12,0,215,559,1
2026-08-28T11:32:33.521972,1721.4,cam_08,ONLINE,0.11,0,317,753,1
2026-08-28T11:32:33.521972,1721.4,cam_09,ONLINE,1.88,0,424,926,1
2026-08-28T11:32:33.521972,1721.4,cam_10,ONLINE,0.62,0,397,870,1
2026-08-28T11:32:33.521972,1721.4,cam_11,ONLINE,0.06,0,312,814,1
2026-08-28T11:32:33.521972,1721.4,cam_12,ONLINE,0.11,0,236,622,1
2026-08-28T11:32:33.521972,1721.4,cam_13,ONLINE,0.17,0,297,163,1
2026-08-28T11:32:33.521972,1721.4,cam_14,ONLINE,0.22,0,191,539,1
2026-08-28T11:32:33.521972,1721.4,cam_15,ONLINE,0.41,0,449,932,1
2026-08-28T11:32:43.526218,1731.4,cam_01,ONLINE,0.31,0,418,991,1
2026-08-28T11:32:43.526218,1731.4,cam_02,ONLINE,0.22,0,440,1000,1
2026-08-28T11:32:43.526218,1731.4,cam_03,ONLINE,0.06,0,262,685,1
2026-08-28T11:32:43.526218,1731.4,cam_04,ONLINE,0.14,0,287,751,1
2026-08-28T11:32:43.526218,1731.4,cam_05,ONLINE,0.14,0,344,813,1
2026-08-28T11:32:43.526218,1731.4,cam_06,ONLINE,0.28,0,203,585,1
2026-08-28T11:32:43.526218,1731.4,cam_07,ONLINE,0.12,0,215,559,1
2026-08-28T11:32:43.526218,1731.4,cam_08,ONLINE,0.11,0,317,753,1
2026-08-28T11:32:43.526218,1731.4,cam_09,ONLINE,1.88,0,424,926,1
2026-08-28T11:32:43.526218,1731.4,cam_10,ONLINE,0.62,0,397,870,1
2026-08-28T11:32:43.526218,1731.4,cam_11,ONLINE,0.06,0,312,814,1
2026-08-28T11:32:43.526218,1731.4,cam_12,ONLINE,0.11,0,236,622,1
2026-08-28T11:32:43.526218,1731.4,cam_13,ONLINE,0.17,0,297,163,1
2026-08-28T11:32:43.526218,1731.4,cam_14,ONLINE,0.22,0,191,539,1
2026-08-28T11:32:43.526218,1731.4,cam_15,ONLINE,0.41,0,449,932,1
2026-08-28T11:32:53.532252,1741.4,cam_01,ONLINE,0.31,0,418,991,1
2026-08-28T11:32:53.532252,1741.4,cam_02,ONLINE,0.22,0,440,1000,1
2026-08-28T11:32:53.532252,1741.4,cam_03,ONLINE,0.06,0,262,685,1
2026-08-28T11:32:53.532252,1741.4,cam_04,ONLINE,0.14,0,287,751,1
2026-08-28T11:32:53.532252,1741.4,cam_05,ONLINE,0.14,0,344,813,1
2026-08-28T11:32:53.532252,1741.4,cam_06,ONLINE,0.28,0,203,585,1
2026-08-28T11:32:53.532252,1741.4,cam_07,ONLINE,0.12,0,215,559,1
2026-08-28T11:32:53.532252,1741.4,cam_08,ONLINE,0.11,0,317,753,1
2026-08-28T11:32:53.532252,1741.4,cam_09,ONLINE,1.88,0,424,926,1
2026-08-28T11:32:53.532252,1741.4,cam_10,ONLINE,0.62,0,397,870,1
2026-08-28T11:32:53.532252,1741.4,cam_11,ONLINE,0.06,0,312,814,1
2026-08-28T11:32:53.532252,1741.4,cam_12,ONLINE,0.11,0,236,622,1
2026-08-28T11:32:53.532252,1741.4,cam_13,ONLINE,0.17,0,297,163,1
2026-08-28T11:32:53.532252,1741.4,cam_14,ONLINE,0.22,0,191,539,1
2026-08-28T11:32:53.532252,1741.4,cam_15,ONLINE,0.41,0,449,932,1
2026-08-28T11:33:03.543684,1751.4,cam_01,ONLINE,0.31,0,418,991,1
2026-08-28T11:33:03.543684,1751.4,cam_02,ONLINE,0.22,0,440,1000,1
2026-08-28T11:33:03.543684,1751.4,cam_03,ONLINE,0.06,0,262,685,1
2026-08-28T11:33:03.543684,1751.4,cam_04,ONLINE,0.14,0,287,751,1
2026-08-28T11:33:03.543684,1751.4,cam_05,ONLINE,0.14,0,344,813,1
2026-08-28T11:33:03.543684,1751.4,cam_06,ONLINE,0.28,0,203,585,1
2026-08-28T11:33:03.543684,1751.4,cam_07,ONLINE,0.12,0,215,559,1
2026-08-28T11:33:03.543684,1751.4,cam_08,ONLINE,0.11,0,317,753,1
2026-08-28T11:33:03.543684,1751.4,cam_09,ONLINE,1.88,0,424,926,1
2026-08-28T11:33:03.543684,1751.4,cam_10,ONLINE,0.62,0,397,870,1
2026-08-28T11:33:03.543684,1751.4,cam_11,ONLINE,0.06,0,312,814,1
2026-08-28T11:33:03.543684,1751.4,cam_12,ONLINE,0.11,0,236,622,1
2026-08-28T11:33:03.543684,1751.4,cam_13,ONLINE,0.17,0,297,163,1
2026-08-28T11:33:03.543684,1751.4,cam_14,ONLINE,0.22,0,191,539,1
2026-08-28T11:33:03.543684,1751.4,cam_15,ONLINE,0.41,0,449,932,1
2026-08-28T11:33:13.549042,1761.4,cam_01,ONLINE,0.31,0,418,991,1
2026-08-28T11:33:13.549042,1761.4,cam_02,ONLINE,0.22,0,440,1000,1
2026-08-28T11:33:13.549042,1761.4,cam_03,ONLINE,0.06,0,262,685,1
2026-08-28T11:33:13.549042,1761.4,cam_04,ONLINE,0.14,0,287,751,1
2026-08-28T11:33:13.549042,1761.4,cam_05,ONLINE,0.14,0,344,813,1
2026-08-28T11:33:13.549042,1761.4,cam_06,ONLINE,0.28,0,203,585,1
2026-08-28T11:33:13.549042,1761.4,cam_07,ONLINE,0.12,0,215,559,1
2026-08-28T11:33:13.549042,1761.4,cam_08,ONLINE,0.11,0,317,753,1
2026-08-28T11:33:13.549042,1761.4,cam_09,ONLINE,1.88,0,424,926,1
2026-08-28T11:33:13.549042,1761.4,cam_10,ONLINE,0.62,0,397,870,1
2026-08-28T11:33:13.549042,1761.4,cam_11,ONLINE,0.06,0,312,814,1
2026-08-28T11:33:13.549042,1761.4,cam_12,ONLINE,0.11,0,236,622,1
2026-08-28T11:33:13.549042,1761.4,cam_13,ONLINE,0.17,0,297,163,1
2026-08-28T11:33:13.549042,1761.4,cam_14,ONLINE,0.22,0,191,539,1
2026-08-28T11:33:13.549042,1761.4,cam_15,ONLINE,0.41,0,449,932,1
2026-08-28T11:33:23.555022,1771.4,cam_01,ONLINE,0.31,0,418,991,1
2026-08-28T11:33:23.555022,1771.4,cam_02,ONLINE,0.22,0,440,1000,1
2026-08-28T11:33:23.555022,1771.4,cam_03,ONLINE,0.06,0,262,685,1
2026-08-28T11:33:23.555022,1771.4,cam_04,ONLINE,0.14,0,287,751,1
2026-08-28T11:33:23.555022,1771.4,cam_05,ONLINE,0.14,0,344,813,1
2026-08-28T11:33:23.555022,1771.4,cam_06,ONLINE,0.28,0,203,585,1
2026-08-28T11:33:23.555022,1771.4,cam_07,ONLINE,0.12,0,215,559,1
2026-08-28T11:33:23.555022,1771.4,cam_08,ONLINE,0.11,0,317,753,1
2026-08-28T11:33:23.555022,1771.4,cam_09,ONLINE,1.88,0,424,926,1
2026-08-28T11:33:23.555022,1771.4,cam_10,ONLINE,0.62,0,397,870,1
2026-08-28T11:33:23.555022,1771.4,cam_11,ONLINE,0.06,0,312,814,1
2026-08-28T11:33:23.555022,1771.4,cam_12,ONLINE,0.11,0,236,622,1
2026-08-28T11:33:23.555022,1771.4,cam_13,ONLINE,0.17,0,297,163,1
2026-08-28T11:33:23.555022,1771.4,cam_14,ONLINE,0.22,0,191,539,1
2026-08-28T11:33:23.555022,1771.4,cam_15,ONLINE,0.41,0,449,932,1
2026-08-28T11:33:33.559775,1781.4,cam_01,ONLINE,0.31,0,418,991,1
2026-08-28T11:33:33.559775,1781.4,cam_02,ONLINE,0.22,0,440,1000,1
2026-08-28T11:33:33.559775,1781.4,cam_03,ONLINE,0.06,0,262,685,1
2026-08-28T11:33:33.559775,1781.4,cam_04,ONLINE,0.14,0,287,751,1
2026-08-28T11:33:33.559775,1781.4,cam_05,ONLINE,0.14,0,344,813,1
2026-08-28T11:33:33.559775,1781.4,cam_06,ONLINE,0.28,0,203,585,1
2026-08-28T11:33:33.559775,1781.4,cam_07,ONLINE,0.12,0,215,559,1
2026-08-28T11:33:33.559775,1781.4,cam_08,ONLINE,0.11,0,317,753,1
2026-08-28T11:33:33.559775,1781.4,cam_09,ONLINE,1.88,0,424,926,1
2026-08-28T11:33:33.559775,1781.4,cam_10,ONLINE,0.62,0,397,870,1
2026-08-28T11:33:33.559775,1781.4,cam_11,ONLINE,0.06,0,312,814,1
2026-08-28T11:33:33.559775,1781.4,cam_12,ONLINE,0.11,0,236,622,1
2026-08-28T11:33:33.559775,1781.4,cam_13,ONLINE,0.17,0,297,163,1
2026-08-28T11:33:33.559775,1781.4,cam_14,ONLINE,0.22,0,191,539,1
2026-08-28T11:33:33.559775,1781.4,cam_15,ONLINE,0.41,0,449,932,1
2026-08-28T11:33:43.565618,1791.4,cam_01,ONLINE,0.31,0,418,991,1
2026-08-28T11:33:43.565618,1791.4,cam_02,ONLINE,0.22,0,440,1000,1
2026-08-28T11:33:43.565618,1791.4,cam_03,ONLINE,0.06,0,262,685,1
2026-08-28T11:33:43.565618,1791.4,cam_04,ONLINE,0.14,0,287,751,1
2026-08-28T11:33:43.565618,1791.4,cam_05,ONLINE,0.14,0,344,813,1
2026-08-28T11:33:43.565618,1791.4,cam_06,ONLINE,0.28,0,203,585,1
2026-08-28T11:33:43.565618,1791.4,cam_07,ONLINE,0.12,0,215,559,1
2026-08-28T11:33:43.565618,1791.4,cam_08,ONLINE,0.11,0,317,753,1
2026-08-28T11:33:43.565618,1791.4,cam_09,ONLINE,1.88,0,424,926,1
2026-08-28T11:33:43.565618,1791.4,cam_10,ONLINE,0.62,0,397,870,1
2026-08-28T11:33:43.565618,1791.4,cam_11,ONLINE,0.06,0,312,814,1
2026-08-28T11:33:43.565618,1791.4,cam_12,ONLINE,0.11,0,236,622,1
2026-08-28T11:33:43.565618,1791.4,cam_13,ONLINE,0.17,0,297,163,1
2026-08-28T11:33:43.565618,1791.4,cam_14,ONLINE,0.22,0,191,539,1
2026-08-28T11:33:43.565618,1791.4,cam_15,ONLINE,0.41,0,449,932,1
2026-08-28T11:33:53.570866,1801.4,cam_01,ONLINE,0.31,0,418,991,1
2026-08-28T11:33:53.570866,1801.4,cam_02,ONLINE,0.22,0,440,1000,1
2026-08-28T11:33:53.570866,1801.4,cam_03,ONLINE,0.06,0,262,685,1
2026-08-28T11:33:53.570866,1801.4,cam_04,ONLINE,0.14,0,287,751,1
2026-08-28T11:33:53.570866,1801.4,cam_05,ONLINE,0.14,0,344,813,1
2026-08-28T11:33:53.570866,1801.4,cam_06,ONLINE,0.28,0,203,585,1
2026-08-28T11:33:53.570866,1801.4,cam_07,ONLINE,0.12,0,215,559,1
2026-08-28T11:33:53.570866,1801.4,cam_08,ONLINE,0.11,0,317,753,1
2026-08-28T11:33:53.570866,1801.4,cam_09,ONLINE,1.88,0,424,926,1
2026-08-28T11:33:53.570866,1801.4,cam_10,ONLINE,0.62,0,397,870,1
2026-08-28T11:33:53.570866,1801.4,cam_11,ONLINE,0.06,0,312,814,1
2026-08-28T11:33:53.570866,1801.4,cam_12,ONLINE,0.11,0,236,622,1
2026-08-28T11:33:53.570866,1801.4,cam_13,ONLINE,0.17,0,297,163,1
2026-08-28T11:33:53.570866,1801.4,cam_14,ONLINE,0.22,0,191,539,1
2026-08-28T11:33:53.570866,1801.4,cam_15,ONLINE,0.41,0,449,932,1
2026-08-28T11:34:03.585563,1811.4,cam_01,ONLINE,0.31,0,418,991,1
2026-08-28T11:34:03.585563,1811.4,cam_02,ONLINE,0.22,0,440,1000,1
2026-08-28T11:34:03.585563,1811.4,cam_03,ONLINE,0.06,0,262,685,1
2026-08-28T11:34:03.585563,1811.4,cam_04,ONLINE,0.14,0,287,751,1
2026-08-28T11:34:03.585563,1811.4,cam_05,ONLINE,0.14,0,344,813,1
2026-08-28T11:34:03.585563,1811.4,cam_06,ONLINE,0.28,0,203,585,1
2026-08-28T11:34:03.585563,1811.4,cam_07,ONLINE,0.12,0,215,559,1
2026-08-28T11:34:03.585563,1811.4,cam_08,ONLINE,0.11,0,317,753,1
2026-08-28T11:34:03.585563,1811.4,cam_09,ONLINE,1.88,0,424,926,1
2026-08-28T11:34:03.585563,1811.4,cam_10,ONLINE,0.62,0,397,870,1
2026-08-28T11:34:03.585563,1811.4,cam_11,ONLINE,0.06,0,312,814,1
2026-08-28T11:34:03.585563,1811.4,cam_12,ONLINE,0.11,0,236,622,1
2026-08-28T11:34:03.585563,1811.4,cam_13,ONLINE,0.17,0,297,163,1
2026-08-28T11:34:03.585563,1811.4,cam_14,ONLINE,0.22,0,191,539,1
2026-08-28T11:34:03.585563,1811.4,cam_15,ONLINE,0.41,0,449,932,1
2026-08-28T11:34:13.592743,1821.5,cam_01,ONLINE,0.31,0,418,991,1
2026-08-28T11:34:13.592743,1821.5,cam_02,ONLINE,0.22,0,440,1000,1
2026-08-28T11:34:13.592743,1821.5,cam_03,ONLINE,0.06,0,262,685,1
2026-08-28T11:34:13.592743,1821.5,cam_04,ONLINE,0.14,0,287,751,1
2026-08-28T11:34:13.592743,1821.5,cam_05,ONLINE,0.14,0,344,813,1
2026-08-28T11:34:13.592743,1821.5,cam_06,ONLINE,0.28,0,203,585,1
2026-08-28T11:34:13.592743,1821.5,cam_07,ONLINE,0.12,0,215,559,1
2026-08-28T11:34:13.592743,1821.5,cam_08,ONLINE,0.11,0,317,753,1
2026-08-28T11:34:13.592743,1821.5,cam_09,ONLINE,1.88,0,424,926,1
2026-08-28T11:34:13.592743,1821.5,cam_10,ONLINE,0.62,0,397,870,1
2026-08-28T11:34:13.592743,1821.5,cam_11,ONLINE,0.06,0,312,814,1
2026-08-28T11:34:13.592743,1821.5,cam_12,ONLINE,0.11,0,236,622,1
2026-08-28T11:34:13.592743,1821.5,cam_13,ONLINE,0.17,0,297,163,1
2026-08-28T11:34:13.592743,1821.5,cam_14,ONLINE,0.22,0,191,539,1
2026-08-28T11:34:13.592743,1821.5,cam_15,ONLINE,0.41,0,449,932,1
2026-08-28T11:34:23.599534,1831.5,cam_01,ONLINE,0.31,0,418,991,1
2026-08-28T11:34:23.599534,1831.5,cam_02,ONLINE,0.22,0,440,1000,1
2026-08-28T11:34:23.599534,1831.5,cam_03,ONLINE,0.06,0,262,685,1
2026-08-28T11:34:23.599534,1831.5,cam_04,ONLINE,0.14,0,287,751,1
2026-08-28T11:34:23.599534,1831.5,cam_05,ONLINE,0.14,0,344,813,1
2026-08-28T11:34:23.599534,1831.5,cam_06,ONLINE,0.28,0,203,585,1
2026-08-28T11:34:23.599534,1831.5,cam_07,ONLINE,0.12,0,215,559,1
2026-08-28T11:34:23.599534,1831.5,cam_08,ONLINE,0.11,0,317,753,1
2026-08-28T11:34:23.599534,1831.5,cam_09,ONLINE,1.88,0,424,926,1
2026-08-28T11:34:23.599534,1831.5,cam_10,ONLINE,0.62,0,397,870,1
2026-08-28T11:34:23.599534,1831.5,cam_11,ONLINE,0.06,0,312,814,1
2026-08-28T11:34:23.599534,1831.5,cam_12,ONLINE,0.11,0,236,622,1
2026-08-28T11:34:23.599534,1831.5,cam_13,ONLINE,0.17,0,297,163,1
2026-08-28T11:34:23.599534,1831.5,cam_14,ONLINE,0.22,0,191,539,1
2026-08-28T11:34:23.599534,1831.5,cam_15,ONLINE,0.41,0,449,932,1
2026-08-28T11:34:33.617266,1841.5,cam_01,ONLINE,0.31,0,418,991,1
2026-08-28T11:34:33.617266,1841.5,cam_02,ONLINE,0.22,0,440,1000,1
2026-08-28T11:34:33.617266,1841.5,cam_03,ONLINE,0.06,0,262,685,1
2026-08-28T11:34:33.617266,1841.5,cam_04,ONLINE,0.14,0,287,751,1
2026-08-28T11:34:33.617266,1841.5,cam_05,ONLINE,0.14,0,344,813,1
2026-08-28T11:34:33.617266,1841.5,cam_06,ONLINE,0.28,0,203,585,1
2026-08-28T11:34:33.617266,1841.5,cam_07,ONLINE,0.12,0,215,559,1
2026-08-28T11:34:33.617266,1841.5,cam_08,ONLINE,0.11,0,317,753,1
2026-08-28T11:34:33.617266,1841.5,cam_09,ONLINE,1.88,0,424,926,1
2026-08-28T11:34:33.617266,1841.5,cam_10,ONLINE,0.62,0,397,870,1
2026-08-28T11:34:33.617266,1841.5,cam_11,ONLINE,0.06,0,312,814,1
2026-08-28T11:34:33.617266,1841.5,cam_12,ONLINE,0.11,0,236,622,1
2026-08-28T11:34:33.617266,1841.5,cam_13,ONLINE,0.17,0,297,163,1
2026-08-28T11:34:33.617266,1841.5,cam_14,ONLINE,0.22,0,191,539,1
2026-08-28T11:34:33.617266,1841.5,cam_15,ONLINE,0.41,0,449,932,1
2026-08-28T15:09:49.981263,0.0,cam_01,ONLINE,0.31,0,418,991,1
2026-08-28T15:09:49.981263,0.0,cam_02,ONLINE,0.22,0,440,1000,1
2026-08-28T15:09:49.981263,0.0,cam_03,ONLINE,0.06,0,262,685,1
2026-08-28T15:09:49.981263,0.0,cam_04,ONLINE,0.14,0,287,751,1
2026-08-28T15:09:49.981263,0.0,cam_05,ONLINE,0.14,0,344,813,1
2026-08-28T15:09:49.981263,0.0,cam_06,ONLINE,0.28,0,203,585,1
2026-08-28T15:09:49.981263,0.0,cam_07,ONLINE,0.12,0,215,559,1
2026-08-28T15:09:49.981263,0.0,cam_08,ONLINE,0.11,0,317,753,1
2026-08-28T15:09:49.981263,0.0,cam_09,ONLINE,1.88,0,424,926,1
2026-08-28T15:09:49.981263,0.0,cam_10,ONLINE,0.62,0,397,870,1
2026-08-28T15:09:49.981263,0.0,cam_11,ONLINE,0.06,0,312,814,1
2026-08-28T15:09:49.981263,0.0,cam_12,ONLINE,0.11,0,236,622,1
2026-08-28T15:09:49.981263,0.0,cam_13,ONLINE,0.17,0,297,163,1
2026-08-28T15:09:49.981263,0.0,cam_14,ONLINE,0.22,0,191,539,1
2026-08-28T15:09:49.981263,0.0,cam_15,ONLINE,0.41,0,449,932,1
2026-08-28T15:10:00.001095,10.0,cam_01,ONLINE,0.31,0,418,991,1
2026-08-28T15:10:00.001095,10.0,cam_02,ONLINE,0.22,0,440,1000,1
2026-08-28T15:10:00.001095,10.0,cam_03,ONLINE,0.06,0,262,685,1
2026-08-28T15:10:00.001095,10.0,cam_04,ONLINE,0.14,0,287,751,1
2026-08-28T15:10:00.001095,10.0,cam_05,ONLINE,0.14,0,344,813,1
2026-08-28T15:10:00.001095,10.0,cam_06,ONLINE,0.28,0,203,585,1
2026-08-28T15:10:00.001095,10.0,cam_07,ONLINE,0.12,0,215,559,1
2026-08-28T15:10:00.001095,10.0,cam_08,ONLINE,0.11,0,317,753,1
2026-08-28T15:10:00.001095,10.0,cam_09,ONLINE,1.88,0,424,926,1
2026-08-28T15:10:00.001095,10.0,cam_10,ONLINE,0.62,0,397,870,1
2026-08-28T15:10:00.001095,10.0,cam_11,ONLINE,0.06,0,312,814,1
2026-08-28T15:10:00.001095,10.0,cam_12,ONLINE,0.11,0,236,622,1
2026-08-28T15:10:00.001095,10.0,cam_13,ONLINE,0.17,0,297,163,1
2026-08-28T15:10:00.001095,10.0,cam_14,ONLINE,0.22,0,191,539,1
2026-08-28T15:10:00.001095,10.0,cam_15,ONLINE,0.41,0,449,932,1
2026-08-28T15:10:10.008257,20.0,cam_01,ONLINE,0.31,0,418,991,1
2026-08-28T15:10:10.008257,20.0,cam_02,ONLINE,0.22,0,440,1000,1
2026-08-28T15:10:10.008257,20.0,cam_03,ONLINE,0.06,0,262,685,1
2026-08-28T15:10:10.008257,20.0,cam_04,ONLINE,0.14,0,287,751,1
2026-08-28T15:10:10.008257,20.0,cam_05,ONLINE,0.14,0,344,813,1
2026-08-28T15:10:10.008257,20.0,cam_06,ONLINE,0.28,0,203,585,1
2026-08-28T15:10:10.008257,20.0,cam_07,ONLINE,0.12,0,215,559,1
2026-08-28T15:10:10.008257,20.0,cam_08,ONLINE,0.11,0,317,753,1
2026-08-28T15:10:10.008257,20.0,cam_09,ONLINE,1.88,0,424,926,1
2026-08-28T15:10:10.008257,20.0,cam_10,ONLINE,0.62,0,397,870,1
2026-08-28T15:10:10.008257,20.0,cam_11,ONLINE,0.06,0,312,814,1
2026-08-28T15:10:10.008257,20.0,cam_12,ONLINE,0.11,0,236,622,1
2026-08-28T15:10:10.008257,20.0,cam_13,ONLINE,0.17,0,297,163,1
2026-08-28T15:10:10.008257,20.0,cam_14,ONLINE,0.22,0,191,539,1
2026-08-28T15:10:10.008257,20.0,cam_15,ONLINE,0.41,0,449,932,1
2026-08-28T15:10:20.016099,30.0,cam_01,ONLINE,0.31,0,418,991,1
2026-08-28T15:10:20.016099,30.0,cam_02,ONLINE,0.22,0,440,1000,1
2026-08-28T15:10:20.016099,30.0,cam_03,ONLINE,0.06,0,262,685,1
2026-08-28T15:10:20.016099,30.0,cam_04,ONLINE,0.14,0,287,751,1
2026-08-28T15:10:20.016099,30.0,cam_05,ONLINE,0.14,0,344,813,1
2026-08-28T15:10:20.016099,30.0,cam_06,ONLINE,0.28,0,203,585,1
2026-08-28T15:10:20.016099,30.0,cam_07,ONLINE,0.12,0,215,559,1
2026-08-28T15:10:20.016099,30.0,cam_08,ONLINE,0.11,0,317,753,1
2026-08-28T15:10:20.016099,30.0,cam_09,ONLINE,1.88,0,424,926,1
2026-08-28T15:10:20.016099,30.0,cam_10,ONLINE,0.62,0,397,870,1
2026-08-28T15:10:20.016099,30.0,cam_11,ONLINE,0.06,0,312,814,1
2026-08-28T15:10:20.016099,30.0,cam_12,ONLINE,0.11,0,236,622,1
2026-08-28T15:10:20.016099,30.0,cam_13,ONLINE,0.17,0,297,163,1
2026-08-28T15:10:20.016099,30.0,cam_14,ONLINE,0.22,0,191,539,1
2026-08-28T15:10:20.016099,30.0,cam_15,ONLINE,0.41,0,449,932,1
2026-08-28T15:10:30.024187,40.0,cam_01,ONLINE,0.31,0,418,991,1
2026-08-28T15:10:30.024187,40.0,cam_02,ONLINE,0.22,0,440,1000,1
2026-08-28T15:10:30.024187,40.0,cam_03,ONLINE,0.06,0,262,685,1
2026-08-28T15:10:30.024187,40.0,cam_04,ONLINE,0.14,0,287,751,1
2026-08-28T15:10:30.024187,40.0,cam_05,ONLINE,0.14,0,344,813,1
2026-08-28T15:10:30.024187,40.0,cam_06,ONLINE,0.28,0,203,585,1
2026-08-28T15:10:30.024187,40.0,cam_07,ONLINE,0.12,0,215,559,1
2026-08-28T15:10:30.024187,40.0,cam_08,ONLINE,0.11,0,317,753,1
2026-08-28T15:10:30.024187,40.0,cam_09,ONLINE,1.88,0,424,926,1
2026-08-28T15:10:30.024187,40.0,cam_10,ONLINE,0.62,0,397,870,1
2026-08-28T15:10:30.024187,40.0,cam_11,ONLINE,0.06,0,312,814,1
2026-08-28T15:10:30.024187,40.0,cam_12,ONLINE,0.11,0,236,622,1
2026-08-28T15:10:30.024187,40.0,cam_13,ONLINE,0.17,0,297,163,1
2026-08-28T15:10:30.024187,40.0,cam_14,ONLINE,0.22,0,191,539,1
2026-08-28T15:10:30.024187,40.0,cam_15,ONLINE,0.41,0,449,932,1
2026-08-28T15:10:40.032373,50.1,cam_01,ONLINE,0.31,0,418,991,1
2026-08-28T15:10:40.032373,50.1,cam_02,ONLINE,0.22,0,440,1000,1
2026-08-28T15:10:40.032373,50.1,cam_03,ONLINE,0.06,0,262,685,1
2026-08-28T15:10:40.032373,50.1,cam_04,ONLINE,0.14,0,287,751,1
2026-08-28T15:10:40.032373,50.1,cam_05,ONLINE,0.14,0,344,813,1
2026-08-28T15:10:40.032373,50.1,cam_06,ONLINE,0.28,0,203,585,1
2026-08-28T15:10:40.032373,50.1,cam_07,ONLINE,0.12,0,215,559,1
2026-08-28T15:10:40.032373,50.1,cam_08,ONLINE,0.11,0,317,753,1
2026-08-28T15:10:40.032373,50.1,cam_09,ONLINE,1.88,0,424,926,1
2026-08-28T15:10:40.032373,50.1,cam_10,ONLINE,0.62,0,397,870,1
2026-08-28T15:10:40.032373,50.1,cam_11,ONLINE,0.06,0,312,814,1
2026-08-28T15:10:40.032373,50.1,cam_12,ONLINE,0.11,0,236,622,1
2026-08-28T15:10:40.032373,50.1,cam_13,ONLINE,0.17,0,297,163,1
2026-08-28T15:10:40.032373,50.1,cam_14,ONLINE,0.22,0,191,539,1
2026-08-28T15:10:40.032373,50.1,cam_15,ONLINE,0.41,0,449,932,1
2026-08-28T15:10:50.041272,60.1,cam_01,ONLINE,0.31,0,418,991,1
2026-08-28T15:10:50.041272,60.1,cam_02,ONLINE,0.22,0,440,1000,1
2026-08-28T15:10:50.041272,60.1,cam_03,ONLINE,0.06,0,262,685,1
2026-08-28T15:10:50.041272,60.1,cam_04,ONLINE,0.14,0,287,751,1
2026-08-28T15:10:50.041272,60.1,cam_05,ONLINE,0.14,0,344,813,1
2026-08-28T15:10:50.041272,60.1,cam_06,ONLINE,0.28,0,203,585,1
2026-08-28T15:10:50.041272,60.1,cam_07,ONLINE,0.12,0,215,559,1
2026-08-28T15:10:50.041272,60.1,cam_08,ONLINE,0.11,0,317,753,1
2026-08-28T15:10:50.041272,60.1,cam_09,ONLINE,1.88,0,424,926,1
2026-08-28T15:10:50.041272,60.1,cam_10,ONLINE,0.62,0,397,870,1
2026-08-28T15:10:50.041272,60.1,cam_11,ONLINE,0.06,0,312,814,1
2026-08-28T15:10:50.041272,60.1,cam_12,ONLINE,0.11,0,236,622,1
2026-08-28T15:10:50.041272,60.1,cam_13,ONLINE,0.17,0,297,163,1
2026-08-28T15:10:50.041272,60.1,cam_14,ONLINE,0.22,0,191,539,1
2026-08-28T15:10:50.041272,60.1,cam_15,ONLINE,0.41,0,449,932,1
2026-08-28T15:11:00.053383,70.1,cam_01,ONLINE,0.31,0,418,991,1
2026-08-28T15:11:00.053383,70.1,cam_02,ONLINE,0.22,0,440,1000,1
2026-08-28T15:11:00.053383,70.1,cam_03,ONLINE,0.06,0,262,685,1
2026-08-28T15:11:00.053383,70.1,cam_04,ONLINE,0.14,0,287,751,1
2026-08-28T15:11:00.053383,70.1,cam_05,ONLINE,0.14,0,344,813,1
2026-08-28T15:11:00.053383,70.1,cam_06,ONLINE,0.28,0,203,585,1
2026-08-28T15:11:00.053383,70.1,cam_07,ONLINE,0.12,0,215,559,1
2026-08-28T15:11:00.053383,70.1,cam_08,ONLINE,0.11,0,317,753,1
2026-08-28T15:11:00.053383,70.1,cam_09,ONLINE,1.88,0,424,926,1
2026-08-28T15:11:00.053383,70.1,cam_10,ONLINE,0.62,0,397,870,1
2026-08-28T15:11:00.053383,70.1,cam_11,ONLINE,0.06,0,312,814,1
2026-08-28T15:11:00.053383,70.1,cam_12,ONLINE,0.11,0,236,622,1
2026-08-28T15:11:00.053383,70.1,cam_13,ONLINE,0.17,0,297,163,1
2026-08-28T15:11:00.053383,70.1,cam_14,ONLINE,0.22,0,191,539,1
2026-08-28T15:11:00.053383,70.1,cam_15,ONLINE,0.41,0,449,932,1
2026-08-28T15:11:10.062369,80.1,cam_01,ONLINE,0.31,0,418,991,1
2026-08-28T15:11:10.062369,80.1,cam_02,ONLINE,0.22,0,440,1000,1
2026-08-28T15:11:10.062369,80.1,cam_03,ONLINE,0.06,0,262,685,1
2026-08-28T15:11:10.062369,80.1,cam_04,ONLINE,0.14,0,287,751,1
2026-08-28T15:11:10.062369,80.1,cam_05,ONLINE,0.14,0,344,813,1
2026-08-28T15:11:10.062369,80.1,cam_06,ONLINE,0.28,0,203,585,1
2026-08-28T15:11:10.062369,80.1,cam_07,ONLINE,0.12,0,215,559,1
2026-08-28T15:11:10.062369,80.1,cam_08,ONLINE,0.11,0,317,753,1
2026-08-28T15:11:10.062369,80.1,cam_09,ONLINE,1.88,0,424,926,1
2026-08-28T15:11:10.062369,80.1,cam_10,ONLINE,0.62,0,397,870,1
2026-08-28T15:11:10.062369,80.1,cam_11,ONLINE,0.06,0,312,814,1
2026-08-28T15:11:10.062369,80.1,cam_12,ONLINE,0.11,0,236,622,1
2026-08-28T15:11:10.062369,80.1,cam_13,ONLINE,0.17,0,297,163,1
2026-08-28T15:11:10.062369,80.1,cam_14,ONLINE,0.22,0,191,539,1
2026-08-28T15:11:10.062369,80.1,cam_15,ONLINE,0.41,0,449,932,1
2026-08-28T15:11:20.068687,90.1,cam_01,ONLINE,0.31,0,418,991,1
2026-08-28T15:11:20.068687,90.1,cam_02,ONLINE,0.22,0,440,1000,1
2026-08-28T15:11:20.068687,90.1,cam_03,ONLINE,0.06,0,262,685,1
2026-08-28T15:11:20.068687,90.1,cam_04,ONLINE,0.14,0,287,751,1
2026-08-28T15:11:20.068687,90.1,cam_05,ONLINE,0.14,0,344,813,1
2026-08-28T15:11:20.068687,90.1,cam_06,ONLINE,0.28,0,203,585,1
2026-08-28T15:11:20.068687,90.1,cam_07,ONLINE,0.12,0,215,559,1
2026-08-28T15:11:20.068687,90.1,cam_08,ONLINE,0.11,0,317,753,1
2026-08-28T15:11:20.068687,90.1,cam_09,ONLINE,1.88,0,424,926,1
2026-08-28T15:11:20.068687,90.1,cam_10,ONLINE,0.62,0,397,870,1
2026-08-28T15:11:20.068687,90.1,cam_11,ONLINE,0.06,0,312,814,1
2026-08-28T15:11:20.068687,90.1,cam_12,ONLINE,0.11,0,236,622,1
2026-08-28T15:11:20.068687,90.1,cam_13,ONLINE,0.17,0,297,163,1
2026-08-28T15:11:20.068687,90.1,cam_14,ONLINE,0.22,0,191,539,1
2026-08-28T15:11:20.068687,90.1,cam_15,ONLINE,0.41,0,449,932,1
2026-08-28T15:11:30.076325,100.1,cam_01,ONLINE,0.31,0,418,991,1
2026-08-28T15:11:30.076325,100.1,cam_02,ONLINE,0.22,0,440,1000,1
2026-08-28T15:11:30.076325,100.1,cam_03,ONLINE,0.06,0,262,685,1
2026-08-28T15:11:30.076325,100.1,cam_04,ONLINE,0.14,0,287,751,1
2026-08-28T15:11:30.076325,100.1,cam_05,ONLINE,0.14,0,344,813,1
2026-08-28T15:11:30.076325,100.1,cam_06,ONLINE,0.28,0,203,585,1
2026-08-28T15:11:30.076325,100.1,cam_07,ONLINE,0.12,0,215,559,1
2026-08-28T15:11:30.076325,100.1,cam_08,ONLINE,0.11,0,317,753,1
2026-08-28T15:11:30.076325,100.1,cam_09,ONLINE,1.88,0,424,926,1
2026-08-28T15:11:30.076325,100.1,cam_10,ONLINE,0.62,0,397,870,1
2026-08-28T15:11:30.076325,100.1,cam_11,ONLINE,0.06,0,312,814,1
2026-08-28T15:11:30.076325,100.1,cam_12,ONLINE,0.11,0,236,622,1
2026-08-28T15:11:30.076325,100.1,cam_13,ONLINE,0.17,0,297,163,1
2026-08-28T15:11:30.076325,100.1,cam_14,ONLINE,0.22,0,191,539,1
2026-08-28T15:11:30.076325,100.1,cam_15,ONLINE,0.41,0,449,932,1
2026-08-28T15:11:40.084981,110.1,cam_01,ONLINE,0.31,0,418,991,1
2026-08-28T15:11:40.084981,110.1,cam_02,ONLINE,0.22,0,440,1000,1
2026-08-28T15:11:40.084981,110.1,cam_03,ONLINE,0.06,0,262,685,1
2026-08-28T15:11:40.084981,110.1,cam_04,ONLINE,0.14,0,287,751,1
2026-08-28T15:11:40.084981,110.1,cam_05,ONLINE,0.14,0,344,813,1
2026-08-28T15:11:40.084981,110.1,cam_06,ONLINE,0.28,0,203,585,1
2026-08-28T15:11:40.084981,110.1,cam_07,ONLINE,0.12,0,215,559,1
2026-08-28T15:11:40.084981,110.1,cam_08,ONLINE,0.11,0,317,753,1
2026-08-28T15:11:40.084981,110.1,cam_09,ONLINE,1.88,0,424,926,1
2026-08-28T15:11:40.084981,110.1,cam_10,ONLINE,0.62,0,397,870,1
2026-08-28T15:11:40.084981,110.1,cam_11,ONLINE,0.06,0,312,814,1
2026-08-28T15:11:40.084981,110.1,cam_12,ONLINE,0.11,0,236,622,1
2026-08-28T15:11:40.084981,110.1,cam_13,ONLINE,0.17,0,297,163,1
2026-08-28T15:11:40.084981,110.1,cam_14,ONLINE,0.22,0,191,539,1
2026-08-28T15:11:40.084981,110.1,cam_15,ONLINE,0.41,0,449,932,1
2026-08-28T15:11:50.091555,120.1,cam_01,ONLINE,0.31,0,418,991,1
2026-08-28T15:11:50.091555,120.1,cam_02,ONLINE,0.22,0,440,1000,1
2026-08-28T15:11:50.091555,120.1,cam_03,ONLINE,0.06,0,262,685,1
2026-08-28T15:11:50.091555,120.1,cam_04,ONLINE,0.14,0,287,751,1
2026-08-28T15:11:50.091555,120.1,cam_05,ONLINE,0.14,0,344,813,1
2026-08-28T15:11:50.091555,120.1,cam_06,ONLINE,0.28,0,203,585,1
2026-08-28T15:11:50.091555,120.1,cam_07,ONLINE,0.12,0,215,559,1
2026-08-28T15:11:50.091555,120.1,cam_08,ONLINE,0.11,0,317,753,1
2026-08-28T15:11:50.091555,120.1,cam_09,ONLINE,1.88,0,424,926,1
2026-08-28T15:11:50.091555,120.1,cam_10,ONLINE,0.62,0,397,870,1
2026-08-28T15:11:50.091555,120.1,cam_11,ONLINE,0.06,0,312,814,1
2026-08-28T15:11:50.091555,120.1,cam_12,ONLINE,0.11,0,236,622,1
2026-08-28T15:11:50.091555,120.1,cam_13,ONLINE,0.17,0,297,163,1
2026-08-28T15:11:50.091555,120.1,cam_14,ONLINE,0.22,0,191,539,1
2026-08-28T15:11:50.091555,120.1,cam_15,ONLINE,0.41,0,449,932,1
2026-08-28T15:12:00.102383,130.1,cam_01,ONLINE,0.31,0,418,991,1
2026-08-28T15:12:00.102383,130.1,cam_02,ONLINE,0.22,0,440,1000,1
2026-08-28T15:12:00.102383,130.1,cam_03,ONLINE,0.06,0,262,685,1
2026-08-28T15:12:00.102383,130.1,cam_04,ONLINE,0.14,0,287,751,1
2026-08-28T15:12:00.102383,130.1,cam_05,ONLINE,0.14,0,344,813,1
2026-08-28T15:12:00.102383,130.1,cam_06,ONLINE,0.28,0,203,585,1
2026-08-28T15:12:00.102383,130.1,cam_07,ONLINE,0.12,0,215,559,1
2026-08-28T15:12:00.102383,130.1,cam_08,ONLINE,0.11,0,317,753,1
2026-08-28T15:12:00.102383,130.1,cam_09,ONLINE,1.88,0,424,926,1
2026-08-28T15:12:00.102383,130.1,cam_10,ONLINE,0.62,0,397,870,1
2026-08-28T15:12:00.102383,130.1,cam_11,ONLINE,0.06,0,312,814,1
2026-08-28T15:12:00.102383,130.1,cam_12,ONLINE,0.11,0,236,622,1
2026-08-28T15:12:00.102383,130.1,cam_13,ONLINE,0.17,0,297,163,1
2026-08-28T15:12:00.102383,130.1,cam_14,ONLINE,0.22,0,191,539,1
2026-08-28T15:12:00.102383,130.1,cam_15,ONLINE,0.41,0,449,932,1
2026-08-28T15:12:10.109073,140.1,cam_01,ONLINE,0.31,0,418,991,1
2026-08-28T15:12:10.109073,140.1,cam_02,ONLINE,0.22,0,440,1000,1
2026-08-28T15:12:10.109073,140.1,cam_03,ONLINE,0.06,0,262,685,1
2026-08-28T15:12:10.109073,140.1,cam_04,ONLINE,0.14,0,287,751,1
2026-08-28T15:12:10.109073,140.1,cam_05,ONLINE,0.14,0,344,813,1
2026-08-28T15:12:10.109073,140.1,cam_06,ONLINE,0.28,0,203,585,1
2026-08-28T15:12:10.109073,140.1,cam_07,ONLINE,0.12,0,215,559,1
2026-08-28T15:12:10.109073,140.1,cam_08,ONLINE,0.11,0,317,753,1
2026-08-28T15:12:10.109073,140.1,cam_09,ONLINE,1.88,0,424,926,1
2026-08-28T15:12:10.109073,140.1,cam_10,ONLINE,0.62,0,397,870,1
2026-08-28T15:12:10.109073,140.1,cam_11,ONLINE,0.06,0,312,814,1
2026-08-28T15:12:10.109073,140.1,cam_12,ONLINE,0.11,0,236,622,1
2026-08-28T15:12:10.109073,140.1,cam_13,ONLINE,0.17,0,297,163,1
2026-08-28T15:12:10.109073,140.1,cam_14,ONLINE,0.22,0,191,539,1
2026-08-28T15:12:10.109073,140.1,cam_15,ONLINE,0.41,0,449,932,1
2026-08-28T15:12:20.117004,150.1,cam_01,ONLINE,0.31,0,418,991,1
2026-08-28T15:12:20.117004,150.1,cam_02,ONLINE,0.22,0,440,1000,1
2026-08-28T15:12:20.117004,150.1,cam_03,ONLINE,0.06,0,262,685,1
2026-08-28T15:12:20.117004,150.1,cam_04,ONLINE,0.14,0,287,751,1
2026-08-28T15:12:20.117004,150.1,cam_05,ONLINE,0.14,0,344,813,1
2026-08-28T15:12:20.117004,150.1,cam_06,ONLINE,0.28,0,203,585,1
2026-08-28T15:12:20.117004,150.1,cam_07,ONLINE,0.12,0,215,559,1
2026-08-28T15:12:20.117004,150.1,cam_08,ONLINE,0.11,0,317,753,1
2026-08-28T15:12:20.117004,150.1,cam_09,ONLINE,1.88,0,424,926,1
2026-08-28T15:12:20.117004,150.1,cam_10,ONLINE,0.62,0,397,870,1
2026-08-28T15:12:20.117004,150.1,cam_11,ONLINE,0.06,0,312,814,1
2026-08-28T15:12:20.117004,150.1,cam_12,ONLINE,0.11,0,236,622,1
2026-08-28T15:12:20.117004,150.1,cam_13,ONLINE,0.17,0,297,163,1
2026-08-28T15:12:20.117004,150.1,cam_14,ONLINE,0.22,0,191,539,1
2026-08-28T15:12:20.117004,150.1,cam_15,ONLINE,0.41,0,449,932,1
2026-08-28T15:12:30.124272,160.2,cam_01,ONLINE,0.31,0,418,991,1
2026-08-28T15:12:30.124272,160.2,cam_02,ONLINE,0.22,0,440,1000,1
2026-08-28T15:12:30.124272,160.2,cam_03,ONLINE,0.06,0,262,685,1
2026-08-28T15:12:30.124272,160.2,cam_04,ONLINE,0.14,0,287,751,1
2026-08-28T15:12:30.124272,160.2,cam_05,ONLINE,0.14,0,344,813,1
2026-08-28T15:12:30.124272,160.2,cam_06,ONLINE,0.28,0,203,585,1
2026-08-28T15:12:30.124272,160.2,cam_07,ONLINE,0.12,0,215,559,1
2026-08-28T15:12:30.124272,160.2,cam_08,ONLINE,0.11,0,317,753,1
2026-08-28T15:12:30.124272,160.2,cam_09,ONLINE,1.88,0,424,926,1
2026-08-28T15:12:30.124272,160.2,cam_10,ONLINE,0.62,0,397,870,1
2026-08-28T15:12:30.124272,160.2,cam_11,ONLINE,0.06,0,312,814,1
2026-08-28T15:12:30.124272,160.2,cam_12,ONLINE,0.11,0,236,622,1
2026-08-28T15:12:30.124272,160.2,cam_13,ONLINE,0.17,0,297,163,1
2026-08-28T15:12:30.124272,160.2,cam_14,ONLINE,0.22,0,191,539,1
2026-08-28T15:12:30.124272,160.2,cam_15,ONLINE,0.41,0,449,932,1
2026-08-28T15:12:40.131550,170.2,cam_01,ONLINE,0.31,0,418,991,1
2026-08-28T15:12:40.131550,170.2,cam_02,ONLINE,0.22,0,440,1000,1
2026-08-28T15:12:40.131550,170.2,cam_03,ONLINE,0.06,0,262,685,1
2026-08-28T15:12:40.131550,170.2,cam_04,ONLINE,0.14,0,287,751,1
2026-08-28T15:12:40.131550,170.2,cam_05,ONLINE,0.14,0,344,813,1
2026-08-28T15:12:40.131550,170.2,cam_06,ONLINE,0.28,0,203,585,1
2026-08-28T15:12:40.131550,170.2,cam_07,ONLINE,0.12,0,215,559,1
2026-08-28T15:12:40.131550,170.2,cam_08,ONLINE,0.11,0,317,753,1
2026-08-28T15:12:40.131550,170.2,cam_09,ONLINE,1.88,0,424,926,1
2026-08-28T15:12:40.131550,170.2,cam_10,ONLINE,0.62,0,397,870,1
2026-08-28T15:12:40.131550,170.2,cam_11,ONLINE,0.06,0,312,814,1
2026-08-28T15:12:40.131550,170.2,cam_12,ONLINE,0.11,0,236,622,1
2026-08-28T15:12:40.131550,170.2,cam_13,ONLINE,0.17,0,297,163,1
2026-08-28T15:12:40.131550,170.2,cam_14,ONLINE,0.22,0,191,539,1
2026-08-28T15:12:40.131550,170.2,cam_15,ONLINE,0.41,0,449,932,1
2026-08-28T15:12:50.136624,180.2,cam_01,ONLINE,0.31,0,418,991,1
2026-08-28T15:12:50.136624,180.2,cam_02,ONLINE,0.22,0,440,1000,1
2026-08-28T15:12:50.136624,180.2,cam_03,ONLINE,0.06,0,262,685,1
2026-08-28T15:12:50.136624,180.2,cam_04,ONLINE,0.14,0,287,751,1
2026-08-28T15:12:50.136624,180.2,cam_05,ONLINE,0.14,0,344,813,1
2026-08-28T15:12:50.136624,180.2,cam_06,ONLINE,0.28,0,203,585,1
2026-08-28T15:12:50.136624,180.2,cam_07,ONLINE,0.12,0,215,559,1
2026-08-28T15:12:50.136624,180.2,cam_08,ONLINE,0.11,0,317,753,1
2026-08-28T15:12:50.136624,180.2,cam_09,ONLINE,1.88,0,424,926,1
2026-08-28T15:12:50.136624,180.2,cam_10,ONLINE,0.62,0,397,870,1
2026-08-28T15:12:50.136624,180.2,cam_11,ONLINE,0.06,0,312,814,1
2026-08-28T15:12:50.136624,180.2,cam_12,ONLINE,0.11,0,236,622,1
2026-08-28T15:12:50.136624,180.2,cam_13,ONLINE,0.17,0,297,163,1
2026-08-28T15:12:50.136624,180.2,cam_14,ONLINE,0.22,0,191,539,1
2026-08-28T15:12:50.136624,180.2,cam_15,ONLINE,0.41,0,449,932,1
2026-08-28T15:13:00.148167,190.2,cam_01,ONLINE,0.31,0,418,991,1
2026-08-28T15:13:00.148167,190.2,cam_02,ONLINE,0.22,0,440,1000,1
2026-08-28T15:13:00.148167,190.2,cam_03,ONLINE,0.06,0,262,685,1
2026-08-28T15:13:00.148167,190.2,cam_04,ONLINE,0.14,0,287,751,1
2026-08-28T15:13:00.148167,190.2,cam_05,ONLINE,0.14,0,344,813,1
2026-08-28T15:13:00.148167,190.2,cam_06,ONLINE,0.28,0,203,585,1
2026-08-28T15:13:00.148167,190.2,cam_07,ONLINE,0.12,0,215,559,1
2026-08-28T15:13:00.148167,190.2,cam_08,ONLINE,0.11,0,317,753,1
2026-08-28T15:13:00.148167,190.2,cam_09,ONLINE,1.88,0,424,926,1
2026-08-28T15:13:00.148167,190.2,cam_10,ONLINE,0.62,0,397,870,1
2026-08-28T15:13:00.148167,190.2,cam_11,ONLINE,0.06,0,312,814,1
2026-08-28T15:13:00.148167,190.2,cam_12,ONLINE,0.11,0,236,622,1
2026-08-28T15:13:00.148167,190.2,cam_13,ONLINE,0.17,0,297,163,1
2026-08-28T15:13:00.148167,190.2,cam_14,ONLINE,0.22,0,191,539,1
2026-08-28T15:13:00.148167,190.2,cam_15,ONLINE,0.41,0,449,932,1
2026-08-28T15:13:10.154671,200.2,cam_01,ONLINE,0.31,0,418,991,1
2026-08-28T15:13:10.154671,200.2,cam_02,ONLINE,0.22,0,440,1000,1
2026-08-28T15:13:10.154671,200.2,cam_03,ONLINE,0.06,0,262,685,1
2026-08-28T15:13:10.154671,200.2,cam_04,ONLINE,0.14,0,287,751,1
2026-08-28T15:13:10.154671,200.2,cam_05,ONLINE,0.14,0,344,813,1
2026-08-28T15:13:10.154671,200.2,cam_06,ONLINE,0.28,0,203,585,1
2026-08-28T15:13:10.154671,200.2,cam_07,ONLINE,0.12,0,215,559,1
2026-08-28T15:13:10.154671,200.2,cam_08,ONLINE,0.11,0,317,753,1
2026-08-28T15:13:10.154671,200.2,cam_09,ONLINE,1.88,0,424,926,1
2026-08-28T15:13:10.154671,200.2,cam_10,ONLINE,0.62,0,397,870,1
2026-08-28T15:13:10.154671,200.2,cam_11,ONLINE,0.06,0,312,814,1
2026-08-28T15:13:10.154671,200.2,cam_12,ONLINE,0.11,0,236,622,1
2026-08-28T15:13:10.154671,200.2,cam_13,ONLINE,0.17,0,297,163,1
2026-08-28T15:13:10.154671,200.2,cam_14,ONLINE,0.22,0,191,539,1
2026-08-28T15:13:10.154671,200.2,cam_15,ONLINE,0.41,0,449,932,1
2026-08-28T15:13:20.162852,210.2,cam_01,ONLINE,0.31,0,418,991,1
2026-08-28T15:13:20.162852,210.2,cam_02,ONLINE,0.22,0,440,1000,1
2026-08-28T15:13:20.162852,210.2,cam_03,ONLINE,0.06,0,262,685,1
2026-08-28T15:13:20.162852,210.2,cam_04,ONLINE,0.14,0,287,751,1
2026-08-28T15:13:20.162852,210.2,cam_05,ONLINE,0.14,0,344,813,1
2026-08-28T15:13:20.162852,210.2,cam_06,ONLINE,0.28,0,203,585,1
2026-08-28T15:13:20.162852,210.2,cam_07,ONLINE,0.12,0,215,559,1
2026-08-28T15:13:20.162852,210.2,cam_08,ONLINE,0.11,0,317,753,1
2026-08-28T15:13:20.162852,210.2,cam_09,ONLINE,1.88,0,424,926,1
2026-08-28T15:13:20.162852,210.2,cam_10,ONLINE,0.62,0,397,870,1
2026-08-28T15:13:20.162852,210.2,cam_11,ONLINE,0.06,0,312,814,1
2026-08-28T15:13:20.162852,210.2,cam_12,ONLINE,0.11,0,236,622,1
2026-08-28T15:13:20.162852,210.2,cam_13,ONLINE,0.17,0,297,163,1
2026-08-28T15:13:20.162852,210.2,cam_14,ONLINE,0.22,0,191,539,1
2026-08-28T15:13:20.162852,210.2,cam_15,ONLINE,0.41,0,449,932,1
2026-08-28T15:13:30.170345,220.2,cam_01,ONLINE,0.31,0,418,991,1
2026-08-28T15:13:30.170345,220.2,cam_02,ONLINE,0.22,0,440,1000,1
2026-08-28T15:13:30.170345,220.2,cam_03,ONLINE,0.06,0,262,685,1
2026-08-28T15:13:30.170345,220.2,cam_04,ONLINE,0.14,0,287,751,1
2026-08-28T15:13:30.170345,220.2,cam_05,ONLINE,0.14,0,344,813,1
2026-08-28T15:13:30.170345,220.2,cam_06,ONLINE,0.28,0,203,585,1
2026-08-28T15:13:30.170345,220.2,cam_07,ONLINE,0.12,0,215,559,1
2026-08-28T15:13:30.170345,220.2,cam_08,ONLINE,0.11,0,317,753,1
2026-08-28T15:13:30.170345,220.2,cam_09,ONLINE,1.88,0,424,926,1
2026-08-28T15:13:30.170345,220.2,cam_10,ONLINE,0.62,0,397,870,1
2026-08-28T15:13:30.170345,220.2,cam_11,ONLINE,0.06,0,312,814,1
2026-08-28T15:13:30.170345,220.2,cam_12,ONLINE,0.11,0,236,622,1
2026-08-28T15:13:30.170345,220.2,cam_13,ONLINE,0.17,0,297,163,1
2026-08-28T15:13:30.170345,220.2,cam_14,ONLINE,0.22,0,191,539,1
2026-08-28T15:13:30.170345,220.2,cam_15,ONLINE,0.41,0,449,932,1
2026-08-28T15:13:40.176911,230.2,cam_01,ONLINE,0.31,0,418,991,1
2026-08-28T15:13:40.176911,230.2,cam_02,ONLINE,0.22,0,440,1000,1
2026-08-28T15:13:40.176911,230.2,cam_03,ONLINE,0.06,0,262,685,1
2026-08-28T15:13:40.176911,230.2,cam_04,ONLINE,0.14,0,287,751,1
2026-08-28T15:13:40.176911,230.2,cam_05,ONLINE,0.14,0,344,813,1
2026-08-28T15:13:40.176911,230.2,cam_06,ONLINE,0.28,0,203,585,1
2026-08-28T15:13:40.176911,230.2,cam_07,ONLINE,0.12,0,215,559,1
2026-08-28T15:13:40.176911,230.2,cam_08,ONLINE,0.11,0,317,753,1
2026-08-28T15:13:40.176911,230.2,cam_09,ONLINE,1.88,0,424,926,1
2026-08-28T15:13:40.176911,230.2,cam_10,ONLINE,0.62,0,397,870,1
2026-08-28T15:13:40.176911,230.2,cam_11,ONLINE,0.06,0,312,814,1
2026-08-28T15:13:40.176911,230.2,cam_12,ONLINE,0.11,0,236,622,1
2026-08-28T15:13:40.176911,230.2,cam_13,ONLINE,0.17,0,297,163,1
2026-08-28T15:13:40.176911,230.2,cam_14,ONLINE,0.22,0,191,539,1
2026-08-28T15:13:40.176911,230.2,cam_15,ONLINE,0.41,0,449,932,1
2026-08-28T15:13:50.185346,240.2,cam_01,ONLINE,0.31,0,418,991,1
2026-08-28T15:13:50.185346,240.2,cam_02,ONLINE,0.22,0,440,1000,1
2026-08-28T15:13:50.185346,240.2,cam_03,ONLINE,0.06,0,262,685,1
2026-08-28T15:13:50.185346,240.2,cam_04,ONLINE,0.14,0,287,751,1
2026-08-28T15:13:50.185346,240.2,cam_05,ONLINE,0.14,0,344,813,1
2026-08-28T15:13:50.185346,240.2,cam_06,ONLINE,0.28,0,203,585,1
2026-08-28T15:13:50.185346,240.2,cam_07,ONLINE,0.12,0,215,559,1
2026-08-28T15:13:50.185346,240.2,cam_08,ONLINE,0.11,0,317,753,1
2026-08-28T15:13:50.185346,240.2,cam_09,ONLINE,1.88,0,424,926,1
2026-08-28T15:13:50.185346,240.2,cam_10,ONLINE,0.62,0,397,870,1
2026-08-28T15:13:50.185346,240.2,cam_11,ONLINE,0.06,0,312,814,1
2026-08-28T15:13:50.185346,240.2,cam_12,ONLINE,0.11,0,236,622,1
2026-08-28T15:13:50.185346,240.2,cam_13,ONLINE,0.17,0,297,163,1
2026-08-28T15:13:50.185346,240.2,cam_14,ONLINE,0.22,0,191,539,1
2026-08-28T15:13:50.185346,240.2,cam_15,ONLINE,0.41,0,449,932,1
2026-08-28T15:14:00.197406,250.2,cam_01,ONLINE,0.31,0,418,991,1
2026-08-28T15:14:00.197406,250.2,cam_02,ONLINE,0.22,0,440,1000,1
2026-08-28T15:14:00.197406,250.2,cam_03,ONLINE,0.06,0,262,685,1
2026-08-28T15:14:00.197406,250.2,cam_04,ONLINE,0.14,0,287,751,1
2026-08-28T15:14:00.197406,250.2,cam_05,ONLINE,0.14,0,344,813,1
2026-08-28T15:14:00.197406,250.2,cam_06,ONLINE,0.28,0,203,585,1
2026-08-28T15:14:00.197406,250.2,cam_07,ONLINE,0.12,0,215,559,1
2026-08-28T15:14:00.197406,250.2,cam_08,ONLINE,0.11,0,317,753,1
2026-08-28T15:14:00.197406,250.2,cam_09,ONLINE,1.88,0,424,926,1
2026-08-28T15:14:00.197406,250.2,cam_10,ONLINE,0.62,0,397,870,1
2026-08-28T15:14:00.197406,250.2,cam_11,ONLINE,0.06,0,312,814,1
2026-08-28T15:14:00.197406,250.2,cam_12,ONLINE,0.11,0,236,622,1
2026-08-28T15:14:00.197406,250.2,cam_13,ONLINE,0.17,0,297,163,1
2026-08-28T15:14:00.197406,250.2,cam_14,ONLINE,0.22,0,191,539,1
2026-08-28T15:14:00.197406,250.2,cam_15,ONLINE,0.41,0,449,932,1
2026-08-28T15:14:10.204257,260.2,cam_01,ONLINE,0.31,0,418,991,1
2026-08-28T15:14:10.204257,260.2,cam_02,ONLINE,0.22,0,440,1000,1
2026-08-28T15:14:10.204257,260.2,cam_03,ONLINE,0.06,0,262,685,1
2026-08-28T15:14:10.204257,260.2,cam_04,ONLINE,0.14,0,287,751,1
2026-08-28T15:14:10.204257,260.2,cam_05,ONLINE,0.14,0,344,813,1
2026-08-28T15:14:10.204257,260.2,cam_06,ONLINE,0.28,0,203,585,1
2026-08-28T15:14:10.204257,260.2,cam_07,ONLINE,0.12,0,215,559,1
2026-08-28T15:14:10.204257,260.2,cam_08,ONLINE,0.11,0,317,753,1
2026-08-28T15:14:10.204257,260.2,cam_09,ONLINE,1.88,0,424,926,1
2026-08-28T15:14:10.204257,260.2,cam_10,ONLINE,0.62,0,397,870,1
2026-08-28T15:14:10.204257,260.2,cam_11,ONLINE,0.06,0,312,814,1
2026-08-28T15:14:10.204257,260.2,cam_12,ONLINE,0.11,0,236,622,1
2026-08-28T15:14:10.204257,260.2,cam_13,ONLINE,0.17,0,297,163,1
2026-08-28T15:14:10.204257,260.2,cam_14,ONLINE,0.22,0,191,539,1
2026-08-28T15:14:10.204257,260.2,cam_15,ONLINE,0.41,0,449,932,1
2026-08-28T15:14:20.209228,270.2,cam_01,ONLINE,0.31,0,418,991,1
2026-08-28T15:14:20.209228,270.2,cam_02,ONLINE,0.22,0,440,1000,1
2026-08-28T15:14:20.209228,270.2,cam_03,ONLINE,0.06,0,262,685,1
2026-08-28T15:14:20.209228,270.2,cam_04,ONLINE,0.14,0,287,751,1
2026-08-28T15:14:20.209228,270.2,cam_05,ONLINE,0.14,0,344,813,1
2026-08-28T15:14:20.209228,270.2,cam_06,ONLINE,0.28,0,203,585,1
2026-08-28T15:14:20.209228,270.2,cam_07,ONLINE,0.12,0,215,559,1
2026-08-28T15:14:20.209228,270.2,cam_08,ONLINE,0.11,0,317,753,1
2026-08-28T15:14:20.209228,270.2,cam_09,ONLINE,1.88,0,424,926,1
2026-08-28T15:14:20.209228,270.2,cam_10,ONLINE,0.62,0,397,870,1
2026-08-28T15:14:20.209228,270.2,cam_11,ONLINE,0.06,0,312,814,1
2026-08-28T15:14:20.209228,270.2,cam_12,ONLINE,0.11,0,236,622,1
2026-08-28T15:14:20.209228,270.2,cam_13,ONLINE,0.17,0,297,163,1
2026-08-28T15:14:20.209228,270.2,cam_14,ONLINE,0.22,0,191,539,1
2026-08-28T15:14:20.209228,270.2,cam_15,ONLINE,0.41,0,449,932,1
2026-08-28T15:14:30.214832,280.2,cam_01,ONLINE,0.31,0,418,991,1
2026-08-28T15:14:30.214832,280.2,cam_02,ONLINE,0.22,0,440,1000,1
2026-08-28T15:14:30.214832,280.2,cam_03,ONLINE,0.06,0,262,685,1
2026-08-28T15:14:30.214832,280.2,cam_04,ONLINE,0.14,0,287,751,1
2026-08-28T15:14:30.214832,280.2,cam_05,ONLINE,0.14,0,344,813,1
2026-08-28T15:14:30.214832,280.2,cam_06,ONLINE,0.28,0,203,585,1
2026-08-28T15:14:30.214832,280.2,cam_07,ONLINE,0.12,0,215,559,1
2026-08-28T15:14:30.214832,280.2,cam_08,ONLINE,0.11,0,317,753,1
2026-08-28T15:14:30.214832,280.2,cam_09,ONLINE,1.88,0,424,926,1
2026-08-28T15:14:30.214832,280.2,cam_10,ONLINE,0.62,0,397,870,1
2026-08-28T15:14:30.214832,280.2,cam_11,ONLINE,0.06,0,312,814,1
2026-08-28T15:14:30.214832,280.2,cam_12,ONLINE,0.11,0,236,622,1
2026-08-28T15:14:30.214832,280.2,cam_13,ONLINE,0.17,0,297,163,1
2026-08-28T15:14:30.214832,280.2,cam_14,ONLINE,0.22,0,191,539,1
2026-08-28T15:14:30.214832,280.2,cam_15,ONLINE,0.41,0,449,932,1
2026-08-28T15:14:40.219703,290.2,cam_01,ONLINE,0.31,0,418,991,1
2026-08-28T15:14:40.219703,290.2,cam_02,ONLINE,0.22,0,440,1000,1
2026-08-28T15:14:40.219703,290.2,cam_03,ONLINE,0.06,0,262,685,1
2026-08-28T15:14:40.219703,290.2,cam_04,ONLINE,0.14,0,287,751,1
2026-08-28T15:14:40.219703,290.2,cam_05,ONLINE,0.14,0,344,813,1
2026-08-28T15:14:40.219703,290.2,cam_06,ONLINE,0.28,0,203,585,1
2026-08-28T15:14:40.219703,290.2,cam_07,ONLINE,0.12,0,215,559,1
2026-08-28T15:14:40.219703,290.2,cam_08,ONLINE,0.11,0,317,753,1
2026-08-28T15:14:40.219703,290.2,cam_09,ONLINE,1.88,0,424,926,1
2026-08-28T15:14:40.219703,290.2,cam_10,ONLINE,0.62,0,397,870,1
2026-08-28T15:14:40.219703,290.2,cam_11,ONLINE,0.06,0,312,814,1
2026-08-28T15:14:40.219703,290.2,cam_12,ONLINE,0.11,0,236,622,1
2026-08-28T15:14:40.219703,290.2,cam_13,ONLINE,0.17,0,297,163,1
2026-08-28T15:14:40.219703,290.2,cam_14,ONLINE,0.22,0,191,539,1
2026-08-28T15:14:40.219703,290.2,cam_15,ONLINE,0.41,0,449,932,1
2026-08-28T15:14:50.226562,300.2,cam_01,ONLINE,0.31,0,418,991,1
2026-08-28T15:14:50.226562,300.2,cam_02,ONLINE,0.22,0,440,1000,1
2026-08-28T15:14:50.226562,300.2,cam_03,ONLINE,0.06,0,262,685,1
2026-08-28T15:14:50.226562,300.2,cam_04,ONLINE,0.14,0,287,751,1
2026-08-28T15:14:50.226562,300.2,cam_05,ONLINE,0.14,0,344,813,1
2026-08-28T15:14:50.226562,300.2,cam_06,ONLINE,0.28,0,203,585,1
2026-08-28T15:14:50.226562,300.2,cam_07,ONLINE,0.12,0,215,559,1
2026-08-28T15:14:50.226562,300.2,cam_08,ONLINE,0.11,0,317,753,1
2026-08-28T15:14:50.226562,300.2,cam_09,ONLINE,1.88,0,424,926,1
2026-08-28T15:14:50.226562,300.2,cam_10,ONLINE,0.62,0,397,870,1
2026-08-28T15:14:50.226562,300.2,cam_11,ONLINE,0.06,0,312,814,1
2026-08-28T15:14:50.226562,300.2,cam_12,ONLINE,0.11,0,236,622,1
2026-08-28T15:14:50.226562,300.2,cam_13,ONLINE,0.17,0,297,163,1
2026-08-28T15:14:50.226562,300.2,cam_14,ONLINE,0.22,0,191,539,1
2026-08-28T15:14:50.226562,300.2,cam_15,ONLINE,0.41,0,449,932,1
2026-08-28T15:15:00.236919,310.3,cam_01,ONLINE,0.31,0,418,991,1
2026-08-28T15:15:00.236919,310.3,cam_02,ONLINE,0.22,0,440,1000,1
2026-08-28T15:15:00.236919,310.3,cam_03,ONLINE,0.06,0,262,685,1
2026-08-28T15:15:00.236919,310.3,cam_04,ONLINE,0.14,0,287,751,1
2026-08-28T15:15:00.236919,310.3,cam_05,ONLINE,0.14,0,344,813,1
2026-08-28T15:15:00.236919,310.3,cam_06,ONLINE,0.28,0,203,585,1
2026-08-28T15:15:00.236919,310.3,cam_07,ONLINE,0.12,0,215,559,1
2026-08-28T15:15:00.236919,310.3,cam_08,ONLINE,0.11,0,317,753,1
2026-08-28T15:15:00.236919,310.3,cam_09,ONLINE,1.88,0,424,926,1
2026-08-28T15:15:00.236919,310.3,cam_10,ONLINE,0.62,0,397,870,1
2026-08-28T15:15:00.236919,310.3,cam_11,ONLINE,0.06,0,312,814,1
2026-08-28T15:15:00.236919,310.3,cam_12,ONLINE,0.11,0,236,622,1
2026-08-28T15:15:00.236919,310.3,cam_13,ONLINE,0.17,0,297,163,1
2026-08-28T15:15:00.236919,310.3,cam_14,ONLINE,0.22,0,191,539,1
2026-08-28T15:15:00.236919,310.3,cam_15,ONLINE,0.41,0,449,932,1
2026-08-28T15:15:10.244057,320.3,cam_01,ONLINE,0.31,0,418,991,1
2026-08-28T15:15:10.244057,320.3,cam_02,ONLINE,0.22,0,440,1000,1
2026-08-28T15:15:10.244057,320.3,cam_03,ONLINE,0.06,0,262,685,1
2026-08-28T15:15:10.244057,320.3,cam_04,ONLINE,0.14,0,287,751,1
2026-08-28T15:15:10.244057,320.3,cam_05,ONLINE,0.14,0,344,813,1
2026-08-28T15:15:10.244057,320.3,cam_06,ONLINE,0.28,0,203,585,1
2026-08-28T15:15:10.244057,320.3,cam_07,ONLINE,0.12,0,215,559,1
2026-08-28T15:15:10.244057,320.3,cam_08,ONLINE,0.11,0,317,753,1
2026-08-28T15:15:10.244057,320.3,cam_09,ONLINE,1.88,0,424,926,1
2026-08-28T15:15:10.244057,320.3,cam_10,ONLINE,0.62,0,397,870,1
2026-08-28T15:15:10.244057,320.3,cam_11,ONLINE,0.06,0,312,814,1
2026-08-28T15:15:10.244057,320.3,cam_12,ONLINE,0.11,0,236,622,1
2026-08-28T15:15:10.244057,320.3,cam_13,ONLINE,0.17,0,297,163,1
2026-08-28T15:15:10.244057,320.3,cam_14,ONLINE,0.22,0,191,539,1
2026-08-28T15:15:10.244057,320.3,cam_15,ONLINE,0.41,0,449,932,1
2026-08-28T15:15:20.251483,330.3,cam_01,ONLINE,0.31,0,418,991,1
2026-08-28T15:15:20.251483,330.3,cam_02,ONLINE,0.22,0,440,1000,1
2026-08-28T15:15:20.251483,330.3,cam_03,ONLINE,0.06,0,262,685,1
2026-08-28T15:15:20.251483,330.3,cam_04,ONLINE,0.14,0,287,751,1
2026-08-28T15:15:20.251483,330.3,cam_05,ONLINE,0.14,0,344,813,1
2026-08-28T15:15:20.251483,330.3,cam_06,ONLINE,0.28,0,203,585,1
2026-08-28T15:15:20.251483,330.3,cam_07,ONLINE,0.12,0,215,559,1
2026-08-28T15:15:20.251483,330.3,cam_08,ONLINE,0.11,0,317,753,1
2026-08-28T15:15:20.251483,330.3,cam_09,ONLINE,1.88,0,424,926,1
2026-08-28T15:15:20.251483,330.3,cam_10,ONLINE,0.62,0,397,870,1
2026-08-28T15:15:20.251483,330.3,cam_11,ONLINE,0.06,0,312,814,1
2026-08-28T15:15:20.251483,330.3,cam_12,ONLINE,0.11,0,236,622,1
2026-08-28T15:15:20.251483,330.3,cam_13,ONLINE,0.17,0,297,163,1
2026-08-28T15:15:20.251483,330.3,cam_14,ONLINE,0.22,0,191,539,1
2026-08-28T15:15:20.251483,330.3,cam_15,ONLINE,0.41,0,449,932,1
2026-08-28T15:15:30.257516,340.3,cam_01,ONLINE,0.31,0,418,991,1
2026-08-28T15:15:30.257516,340.3,cam_02,ONLINE,0.22,0,440,1000,1
2026-08-28T15:15:30.257516,340.3,cam_03,ONLINE,0.06,0,262,685,1
2026-08-28T15:15:30.257516,340.3,cam_04,ONLINE,0.14,0,287,751,1
2026-08-28T15:15:30.257516,340.3,cam_05,ONLINE,0.14,0,344,813,1
2026-08-28T15:15:30.257516,340.3,cam_06,ONLINE,0.28,0,203,585,1
2026-08-28T15:15:30.257516,340.3,cam_07,ONLINE,0.12,0,215,559,1
2026-08-28T15:15:30.257516,340.3,cam_08,ONLINE,0.11,0,317,753,1
2026-08-28T15:15:30.257516,340.3,cam_09,ONLINE,1.88,0,424,926,1
2026-08-28T15:15:30.257516,340.3,cam_10,ONLINE,0.62,0,397,870,1
2026-08-28T15:15:30.257516,340.3,cam_11,ONLINE,0.06,0,312,814,1
2026-08-28T15:15:30.257516,340.3,cam_12,ONLINE,0.11,0,236,622,1
2026-08-28T15:15:30.257516,340.3,cam_13,ONLINE,0.17,0,297,163,1
2026-08-28T15:15:30.257516,340.3,cam_14,ONLINE,0.22,0,191,539,1
2026-08-28T15:15:30.257516,340.3,cam_15,ONLINE,0.41,0,449,932,1
2026-08-28T15:15:40.264192,350.3,cam_01,ONLINE,0.31,0,418,991,1
2026-08-28T15:15:40.264192,350.3,cam_02,ONLINE,0.22,0,440,1000,1
2026-08-28T15:15:40.264192,350.3,cam_03,ONLINE,0.06,0,262,685,1
2026-08-28T15:15:40.264192,350.3,cam_04,ONLINE,0.14,0,287,751,1
2026-08-28T15:15:40.264192,350.3,cam_05,ONLINE,0.14,0,344,813,1
2026-08-28T15:15:40.264192,350.3,cam_06,ONLINE,0.28,0,203,585,1
2026-08-28T15:15:40.264192,350.3,cam_07,ONLINE,0.12,0,215,559,1
2026-08-28T15:15:40.264192,350.3,cam_08,ONLINE,0.11,0,317,753,1
2026-08-28T15:15:40.264192,350.3,cam_09,ONLINE,1.88,0,424,926,1
2026-08-28T15:15:40.264192,350.3,cam_10,ONLINE,0.62,0,397,870,1
2026-08-28T15:15:40.264192,350.3,cam_11,ONLINE,0.06,0,312,814,1
2026-08-28T15:15:40.264192,350.3,cam_12,ONLINE,0.11,0,236,622,1
2026-08-28T15:15:40.264192,350.3,cam_13,ONLINE,0.17,0,297,163,1
2026-08-28T15:15:40.264192,350.3,cam_14,ONLINE,0.22,0,191,539,1
2026-08-28T15:15:40.264192,350.3,cam_15,ONLINE,0.41,0,449,932,1
2026-08-28T15:15:50.269681,360.3,cam_01,ONLINE,0.31,0,418,991,1
2026-08-28T15:15:50.269681,360.3,cam_02,ONLINE,0.22,0,440,1000,1
2026-08-28T15:15:50.269681,360.3,cam_03,ONLINE,0.06,0,262,685,1
2026-08-28T15:15:50.269681,360.3,cam_04,ONLINE,0.14,0,287,751,1
2026-08-28T15:15:50.269681,360.3,cam_05,ONLINE,0.14,0,344,813,1
2026-08-28T15:15:50.269681,360.3,cam_06,ONLINE,0.28,0,203,585,1
2026-08-28T15:15:50.269681,360.3,cam_07,ONLINE,0.12,0,215,559,1
2026-08-28T15:15:50.269681,360.3,cam_08,ONLINE,0.11,0,317,753,1
2026-08-28T15:15:50.269681,360.3,cam_09,ONLINE,1.88,0,424,926,1
2026-08-28T15:15:50.269681,360.3,cam_10,ONLINE,0.62,0,397,870,1
2026-08-28T15:15:50.269681,360.3,cam_11,ONLINE,0.06,0,312,814,1
2026-08-28T15:15:50.269681,360.3,cam_12,ONLINE,0.11,0,236,622,1
2026-08-28T15:15:50.269681,360.3,cam_13,ONLINE,0.17,0,297,163,1
2026-08-28T15:15:50.269681,360.3,cam_14,ONLINE,0.22,0,191,539,1
2026-08-28T15:15:50.269681,360.3,cam_15,ONLINE,0.41,0,449,932,1
2026-08-28T15:16:00.277300,370.3,cam_01,ONLINE,0.31,0,418,991,1
2026-08-28T15:16:00.277300,370.3,cam_02,ONLINE,0.22,0,440,1000,1
2026-08-28T15:16:00.277300,370.3,cam_03,ONLINE,0.06,0,262,685,1
2026-08-28T15:16:00.277300,370.3,cam_04,ONLINE,0.14,0,287,751,1
2026-08-28T15:16:00.277300,370.3,cam_05,ONLINE,0.14,0,344,813,1
2026-08-28T15:16:00.277300,370.3,cam_06,ONLINE,0.28,0,203,585,1
2026-08-28T15:16:00.277300,370.3,cam_07,ONLINE,0.12,0,215,559,1
2026-08-28T15:16:00.277300,370.3,cam_08,ONLINE,0.11,0,317,753,1
2026-08-28T15:16:00.277300,370.3,cam_09,ONLINE,1.88,0,424,926,1
2026-08-28T15:16:00.277300,370.3,cam_10,ONLINE,0.62,0,397,870,1
2026-08-28T15:16:00.277300,370.3,cam_11,ONLINE,0.06,0,312,814,1
2026-08-28T15:16:00.277300,370.3,cam_12,ONLINE,0.11,0,236,622,1
2026-08-28T15:16:00.277300,370.3,cam_13,ONLINE,0.17,0,297,163,1
2026-08-28T15:16:00.277300,370.3,cam_14,ONLINE,0.22,0,191,539,1
2026-08-28T15:16:00.277300,370.3,cam_15,ONLINE,0.41,0,449,932,1
2026-08-28T15:16:10.283875,380.3,cam_01,ONLINE,0.31,0,418,991,1
2026-08-28T15:16:10.283875,380.3,cam_02,ONLINE,0.22,0,440,1000,1
2026-08-28T15:16:10.283875,380.3,cam_03,ONLINE,0.06,0,262,685,1
2026-08-28T15:16:10.283875,380.3,cam_04,ONLINE,0.14,0,287,751,1
2026-08-28T15:16:10.283875,380.3,cam_05,ONLINE,0.14,0,344,813,1
2026-08-28T15:16:10.283875,380.3,cam_06,ONLINE,0.28,0,203,585,1
2026-08-28T15:16:10.283875,380.3,cam_07,ONLINE,0.12,0,215,559,1
2026-08-28T15:16:10.283875,380.3,cam_08,ONLINE,0.11,0,317,753,1
2026-08-28T15:16:10.283875,380.3,cam_09,ONLINE,1.88,0,424,926,1
2026-08-28T15:16:10.283875,380.3,cam_10,ONLINE,0.62,0,397,870,1
2026-08-28T15:16:10.283875,380.3,cam_11,ONLINE,0.06,0,312,814,1
2026-08-28T15:16:10.283875,380.3,cam_12,ONLINE,0.11,0,236,622,1
2026-08-28T15:16:10.283875,380.3,cam_13,ONLINE,0.17,0,297,163,1
2026-08-28T15:16:10.283875,380.3,cam_14,ONLINE,0.22,0,191,539,1
2026-08-28T15:16:10.283875,380.3,cam_15,ONLINE,0.41,0,449,932,1
2026-08-28T15:16:20.290280,390.3,cam_01,ONLINE,0.31,0,418,991,1
2026-08-28T15:16:20.290280,390.3,cam_02,ONLINE,0.22,0,440,1000,1
2026-08-28T15:16:20.290280,390.3,cam_03,ONLINE,0.06,0,262,685,1
2026-08-28T15:16:20.290280,390.3,cam_04,ONLINE,0.14,0,287,751,1
2026-08-28T15:16:20.290280,390.3,cam_05,ONLINE,0.14,0,344,813,1
2026-08-28T15:16:20.290280,390.3,cam_06,ONLINE,0.28,0,203,585,1
2026-08-28T15:16:20.290280,390.3,cam_07,ONLINE,0.12,0,215,559,1
2026-08-28T15:16:20.290280,390.3,cam_08,ONLINE,0.11,0,317,753,1
2026-08-28T15:16:20.290280,390.3,cam_09,ONLINE,1.88,0,424,926,1
2026-08-28T15:16:20.290280,390.3,cam_10,ONLINE,0.62,0,397,870,1
2026-08-28T15:16:20.290280,390.3,cam_11,ONLINE,0.06,0,312,814,1
2026-08-28T15:16:20.290280,390.3,cam_12,ONLINE,0.11,0,236,622,1
2026-08-28T15:16:20.290280,390.3,cam_13,ONLINE,0.17,0,297,163,1
2026-08-28T15:16:20.290280,390.3,cam_14,ONLINE,0.22,0,191,539,1
2026-08-28T15:16:20.290280,390.3,cam_15,ONLINE,0.41,0,449,932,1
2026-08-28T15:16:30.296574,400.3,cam_01,ONLINE,0.31,0,418,991,1
2026-08-28T15:16:30.296574,400.3,cam_02,ONLINE,0.22,0,440,1000,1
2026-08-28T15:16:30.296574,400.3,cam_03,ONLINE,0.06,0,262,685,1
2026-08-28T15:16:30.296574,400.3,cam_04,ONLINE,0.14,0,287,751,1
2026-08-28T15:16:30.296574,400.3,cam_05,ONLINE,0.14,0,344,813,1
2026-08-28T15:16:30.296574,400.3,cam_06,ONLINE,0.28,0,203,585,1
2026-08-28T15:16:30.296574,400.3,cam_07,ONLINE,0.12,0,215,559,1
2026-08-28T15:16:30.296574,400.3,cam_08,ONLINE,0.11,0,317,753,1
2026-08-28T15:16:30.296574,400.3,cam_09,ONLINE,1.88,0,424,926,1
2026-08-28T15:16:30.296574,400.3,cam_10,ONLINE,0.62,0,397,870,1
2026-08-28T15:16:30.296574,400.3,cam_11,ONLINE,0.06,0,312,814,1
2026-08-28T15:16:30.296574,400.3,cam_12,ONLINE,0.11,0,236,622,1
2026-08-28T15:16:30.296574,400.3,cam_13,ONLINE,0.17,0,297,163,1
2026-08-28T15:16:30.296574,400.3,cam_14,ONLINE,0.22,0,191,539,1
2026-08-28T15:16:30.296574,400.3,cam_15,ONLINE,0.41,0,449,932,1
2026-08-28T15:16:40.302201,410.3,cam_01,ONLINE,0.31,0,418,991,1
2026-08-28T15:16:40.302201,410.3,cam_02,ONLINE,0.22,0,440,1000,1
2026-08-28T15:16:40.302201,410.3,cam_03,ONLINE,0.06,0,262,685,1
2026-08-28T15:16:40.302201,410.3,cam_04,ONLINE,0.14,0,287,751,1
2026-08-28T15:16:40.302201,410.3,cam_05,ONLINE,0.14,0,344,813,1
2026-08-28T15:16:40.302201,410.3,cam_06,ONLINE,0.28,0,203,585,1
2026-08-28T15:16:40.302201,410.3,cam_07,ONLINE,0.12,0,215,559,1
2026-08-28T15:16:40.302201,410.3,cam_08,ONLINE,0.11,0,317,753,1
2026-08-28T15:16:40.302201,410.3,cam_09,ONLINE,1.88,0,424,926,1
2026-08-28T15:16:40.302201,410.3,cam_10,ONLINE,0.62,0,397,870,1
2026-08-28T15:16:40.302201,410.3,cam_11,ONLINE,0.06,0,312,814,1
2026-08-28T15:16:40.302201,410.3,cam_12,ONLINE,0.11,0,236,622,1
2026-08-28T15:16:40.302201,410.3,cam_13,ONLINE,0.17,0,297,163,1
2026-08-28T15:16:40.302201,410.3,cam_14,ONLINE,0.22,0,191,539,1
2026-08-28T15:16:40.302201,410.3,cam_15,ONLINE,0.41,0,449,932,1
2026-08-28T15:16:50.308914,420.3,cam_01,ONLINE,0.31,0,418,991,1
2026-08-28T15:16:50.308914,420.3,cam_02,ONLINE,0.22,0,440,1000,1
2026-08-28T15:16:50.308914,420.3,cam_03,ONLINE,0.06,0,262,685,1
2026-08-28T15:16:50.308914,420.3,cam_04,ONLINE,0.14,0,287,751,1
2026-08-28T15:16:50.308914,420.3,cam_05,ONLINE,0.14,0,344,813,1
2026-08-28T15:16:50.308914,420.3,cam_06,ONLINE,0.28,0,203,585,1
2026-08-28T15:16:50.308914,420.3,cam_07,ONLINE,0.12,0,215,559,1
2026-08-28T15:16:50.308914,420.3,cam_08,ONLINE,0.11,0,317,753,1
2026-08-28T15:16:50.308914,420.3,cam_09,ONLINE,1.88,0,424,926,1
2026-08-28T15:16:50.308914,420.3,cam_10,ONLINE,0.62,0,397,870,1
2026-08-28T15:16:50.308914,420.3,cam_11,ONLINE,0.06,0,312,814,1
2026-08-28T15:16:50.308914,420.3,cam_12,ONLINE,0.11,0,236,622,1
2026-08-28T15:16:50.308914,420.3,cam_13,ONLINE,0.17,0,297,163,1
2026-08-28T15:16:50.308914,420.3,cam_14,ONLINE,0.22,0,191,539,1
2026-08-28T15:16:50.308914,420.3,cam_15,ONLINE,0.41,0,449,932,1
2026-08-28T15:17:00.318670,430.3,cam_01,ONLINE,0.31,0,418,991,1
2026-08-28T15:17:00.318670,430.3,cam_02,ONLINE,0.22,0,440,1000,1
2026-08-28T15:17:00.318670,430.3,cam_03,ONLINE,0.06,0,262,685,1
2026-08-28T15:17:00.318670,430.3,cam_04,ONLINE,0.14,0,287,751,1
2026-08-28T15:17:00.318670,430.3,cam_05,ONLINE,0.14,0,344,813,1
2026-08-28T15:17:00.318670,430.3,cam_06,ONLINE,0.28,0,203,585,1
2026-08-28T15:17:00.318670,430.3,cam_07,ONLINE,0.12,0,215,559,1
2026-08-28T15:17:00.318670,430.3,cam_08,ONLINE,0.11,0,317,753,1
2026-08-28T15:17:00.318670,430.3,cam_09,ONLINE,1.88,0,424,926,1
2026-08-28T15:17:00.318670,430.3,cam_10,ONLINE,0.62,0,397,870,1
2026-08-28T15:17:00.318670,430.3,cam_11,ONLINE,0.06,0,312,814,1
2026-08-28T15:17:00.318670,430.3,cam_12,ONLINE,0.11,0,236,622,1
2026-08-28T15:17:00.318670,430.3,cam_13,ONLINE,0.17,0,297,163,1
2026-08-28T15:17:00.318670,430.3,cam_14,ONLINE,0.22,0,191,539,1
2026-08-28T15:17:00.318670,430.3,cam_15,ONLINE,0.41,0,449,932,1
2026-08-28T15:17:10.324375,440.3,cam_01,ONLINE,0.31,0,418,991,1
2026-08-28T15:17:10.324375,440.3,cam_02,ONLINE,0.22,0,440,1000,1
2026-08-28T15:17:10.324375,440.3,cam_03,ONLINE,0.06,0,262,685,1
2026-08-28T15:17:10.324375,440.3,cam_04,ONLINE,0.14,0,287,751,1
2026-08-28T15:17:10.324375,440.3,cam_05,ONLINE,0.14,0,344,813,1
2026-08-28T15:17:10.324375,440.3,cam_06,ONLINE,0.28,0,203,585,1
2026-08-28T15:17:10.324375,440.3,cam_07,ONLINE,0.12,0,215,559,1
2026-08-28T15:17:10.324375,440.3,cam_08,ONLINE,0.11,0,317,753,1
2026-08-28T15:17:10.324375,440.3,cam_09,ONLINE,1.88,0,424,926,1
2026-08-28T15:17:10.324375,440.3,cam_10,ONLINE,0.62,0,397,870,1
2026-08-28T15:17:10.324375,440.3,cam_11,ONLINE,0.06,0,312,814,1
2026-08-28T15:17:10.324375,440.3,cam_12,ONLINE,0.11,0,236,622,1
2026-08-28T15:17:10.324375,440.3,cam_13,ONLINE,0.17,0,297,163,1
2026-08-28T15:17:10.324375,440.3,cam_14,ONLINE,0.22,0,191,539,1
2026-08-28T15:17:10.324375,440.3,cam_15,ONLINE,0.41,0,449,932,1
2026-08-28T15:17:20.329239,450.4,cam_01,ONLINE,0.31,0,418,991,1
2026-08-28T15:17:20.329239,450.4,cam_02,ONLINE,0.22,0,440,1000,1
2026-08-28T15:17:20.329239,450.4,cam_03,ONLINE,0.06,0,262,685,1
2026-08-28T15:17:20.329239,450.4,cam_04,ONLINE,0.14,0,287,751,1
2026-08-28T15:17:20.329239,450.4,cam_05,ONLINE,0.14,0,344,813,1
2026-08-28T15:17:20.329239,450.4,cam_06,ONLINE,0.28,0,203,585,1
2026-08-28T15:17:20.329239,450.4,cam_07,ONLINE,0.12,0,215,559,1
2026-08-28T15:17:20.329239,450.4,cam_08,ONLINE,0.11,0,317,753,1
2026-08-28T15:17:20.329239,450.4,cam_09,ONLINE,1.88,0,424,926,1
2026-08-28T15:17:20.329239,450.4,cam_10,ONLINE,0.62,0,397,870,1
2026-08-28T15:17:20.329239,450.4,cam_11,ONLINE,0.06,0,312,814,1
2026-08-28T15:17:20.329239,450.4,cam_12,ONLINE,0.11,0,236,622,1
2026-08-28T15:17:20.329239,450.4,cam_13,ONLINE,0.17,0,297,163,1
2026-08-28T15:17:20.329239,450.4,cam_14,ONLINE,0.22,0,191,539,1
2026-08-28T15:17:20.329239,450.4,cam_15,ONLINE,0.41,0,449,932,1
2026-08-28T15:17:30.336230,460.4,cam_01,ONLINE,0.31,0,418,991,1
2026-08-28T15:17:30.336230,460.4,cam_02,ONLINE,0.22,0,440,1000,1
2026-08-28T15:17:30.336230,460.4,cam_03,ONLINE,0.06,0,262,685,1
2026-08-28T15:17:30.336230,460.4,cam_04,ONLINE,0.14,0,287,751,1
2026-08-28T15:17:30.336230,460.4,cam_05,ONLINE,0.14,0,344,813,1
2026-08-28T15:17:30.336230,460.4,cam_06,ONLINE,0.28,0,203,585,1
2026-08-28T15:17:30.336230,460.4,cam_07,ONLINE,0.12,0,215,559,1
2026-08-28T15:17:30.336230,460.4,cam_08,ONLINE,0.11,0,317,753,1
2026-08-28T15:17:30.336230,460.4,cam_09,ONLINE,1.88,0,424,926,1
2026-08-28T15:17:30.336230,460.4,cam_10,ONLINE,0.62,0,397,870,1
2026-08-28T15:17:30.336230,460.4,cam_11,ONLINE,0.06,0,312,814,1
2026-08-28T15:17:30.336230,460.4,cam_12,ONLINE,0.11,0,236,622,1
2026-08-28T15:17:30.336230,460.4,cam_13,ONLINE,0.17,0,297,163,1
2026-08-28T15:17:30.336230,460.4,cam_14,ONLINE,0.22,0,191,539,1
2026-08-28T15:17:30.336230,460.4,cam_15,ONLINE,0.41,0,449,932,1
2026-08-28T15:17:40.340592,470.4,cam_01,ONLINE,0.31,0,418,991,1
2026-08-28T15:17:40.340592,470.4,cam_02,ONLINE,0.22,0,440,1000,1
2026-08-28T15:17:40.340592,470.4,cam_03,ONLINE,0.06,0,262,685,1
2026-08-28T15:17:40.340592,470.4,cam_04,ONLINE,0.14,0,287,751,1
2026-08-28T15:17:40.340592,470.4,cam_05,ONLINE,0.14,0,344,813,1
2026-08-28T15:17:40.340592,470.4,cam_06,ONLINE,0.28,0,203,585,1
2026-08-28T15:17:40.340592,470.4,cam_07,ONLINE,0.12,0,215,559,1
2026-08-28T15:17:40.340592,470.4,cam_08,ONLINE,0.11,0,317,753,1
2026-08-28T15:17:40.340592,470.4,cam_09,ONLINE,1.88,0,424,926,1
2026-08-28T15:17:40.340592,470.4,cam_10,ONLINE,0.62,0,397,870,1
2026-08-28T15:17:40.340592,470.4,cam_11,ONLINE,0.06,0,312,814,1
2026-08-28T15:17:40.340592,470.4,cam_12,ONLINE,0.11,0,236,622,1
2026-08-28T15:17:40.340592,470.4,cam_13,ONLINE,0.17,0,297,163,1
2026-08-28T15:17:40.340592,470.4,cam_14,ONLINE,0.22,0,191,539,1
2026-08-28T15:17:40.340592,470.4,cam_15,ONLINE,0.41,0,449,932,1
2026-08-28T15:17:50.347488,480.4,cam_01,ONLINE,0.31,0,418,991,1
2026-08-28T15:17:50.347488,480.4,cam_02,ONLINE,0.22,0,440,1000,1
2026-08-28T15:17:50.347488,480.4,cam_03,ONLINE,0.06,0,262,685,1
2026-08-28T15:17:50.347488,480.4,cam_04,ONLINE,0.14,0,287,751,1
2026-08-28T15:17:50.347488,480.4,cam_05,ONLINE,0.14,0,344,813,1
2026-08-28T15:17:50.347488,480.4,cam_06,ONLINE,0.28,0,203,585,1
2026-08-28T15:17:50.347488,480.4,cam_07,ONLINE,0.12,0,215,559,1
2026-08-28T15:17:50.347488,480.4,cam_08,ONLINE,0.11,0,317,753,1
2026-08-28T15:17:50.347488,480.4,cam_09,ONLINE,1.88,0,424,926,1
2026-08-28T15:17:50.347488,480.4,cam_10,ONLINE,0.62,0,397,870,1
2026-08-28T15:17:50.347488,480.4,cam_11,ONLINE,0.06,0,312,814,1
2026-08-28T15:17:50.347488,480.4,cam_12,ONLINE,0.11,0,236,622,1
2026-08-28T15:17:50.347488,480.4,cam_13,ONLINE,0.17,0,297,163,1
2026-08-28T15:17:50.347488,480.4,cam_14,ONLINE,0.22,0,191,539,1
2026-08-28T15:17:50.347488,480.4,cam_15,ONLINE,0.41,0,449,932,1
2026-08-28T15:18:00.359286,490.4,cam_01,ONLINE,0.31,0,418,991,1
2026-08-28T15:18:00.359286,490.4,cam_02,ONLINE,0.22,0,440,1000,1
2026-08-28T15:18:00.359286,490.4,cam_03,ONLINE,0.06,0,262,685,1
2026-08-28T15:18:00.359286,490.4,cam_04,ONLINE,0.14,0,287,751,1
2026-08-28T15:18:00.359286,490.4,cam_05,ONLINE,0.14,0,344,813,1
2026-08-28T15:18:00.359286,490.4,cam_06,ONLINE,0.28,0,203,585,1
2026-08-28T15:18:00.359286,490.4,cam_07,ONLINE,0.12,0,215,559,1
2026-08-28T15:18:00.359286,490.4,cam_08,ONLINE,0.11,0,317,753,1
2026-08-28T15:18:00.359286,490.4,cam_09,ONLINE,1.88,0,424,926,1
2026-08-28T15:18:00.359286,490.4,cam_10,ONLINE,0.62,0,397,870,1
2026-08-28T15:18:00.359286,490.4,cam_11,ONLINE,0.06,0,312,814,1
2026-08-28T15:18:00.359286,490.4,cam_12,ONLINE,0.11,0,236,622,1
2026-08-28T15:18:00.359286,490.4,cam_13,ONLINE,0.17,0,297,163,1
2026-08-28T15:18:00.359286,490.4,cam_14,ONLINE,0.22,0,191,539,1
2026-08-28T15:18:00.359286,490.4,cam_15,ONLINE,0.41,0,449,932,1
2026-08-28T15:18:10.366092,500.4,cam_01,ONLINE,0.31,0,418,991,1
2026-08-28T15:18:10.366092,500.4,cam_02,ONLINE,0.22,0,440,1000,1
2026-08-28T15:18:10.366092,500.4,cam_03,ONLINE,0.06,0,262,685,1
2026-08-28T15:18:10.366092,500.4,cam_04,ONLINE,0.14,0,287,751,1
2026-08-28T15:18:10.366092,500.4,cam_05,ONLINE,0.14,0,344,813,1
2026-08-28T15:18:10.366092,500.4,cam_06,ONLINE,0.28,0,203,585,1
2026-08-28T15:18:10.366092,500.4,cam_07,ONLINE,0.12,0,215,559,1
2026-08-28T15:18:10.366092,500.4,cam_08,ONLINE,0.11,0,317,753,1
2026-08-28T15:18:10.366092,500.4,cam_09,ONLINE,1.88,0,424,926,1
2026-08-28T15:18:10.366092,500.4,cam_10,ONLINE,0.62,0,397,870,1
2026-08-28T15:18:10.366092,500.4,cam_11,ONLINE,0.06,0,312,814,1
2026-08-28T15:18:10.366092,500.4,cam_12,ONLINE,0.11,0,236,622,1
2026-08-28T15:18:10.366092,500.4,cam_13,ONLINE,0.17,0,297,163,1
2026-08-28T15:18:10.366092,500.4,cam_14,ONLINE,0.22,0,191,539,1
2026-08-28T15:18:10.366092,500.4,cam_15,ONLINE,0.41,0,449,932,1
2026-08-28T15:18:20.372901,510.4,cam_01,ONLINE,0.31,0,418,991,1
2026-08-28T15:18:20.372901,510.4,cam_02,ONLINE,0.22,0,440,1000,1
2026-08-28T15:18:20.372901,510.4,cam_03,ONLINE,0.06,0,262,685,1
2026-08-28T15:18:20.372901,510.4,cam_04,ONLINE,0.14,0,287,751,1
2026-08-28T15:18:20.372901,510.4,cam_05,ONLINE,0.14,0,344,813,1
2026-08-28T15:18:20.372901,510.4,cam_06,ONLINE,0.28,0,203,585,1
2026-08-28T15:18:20.372901,510.4,cam_07,ONLINE,0.12,0,215,559,1
2026-08-28T15:18:20.372901,510.4,cam_08,ONLINE,0.11,0,317,753,1
2026-08-28T15:18:20.372901,510.4,cam_09,ONLINE,1.88,0,424,926,1
2026-08-28T15:18:20.372901,510.4,cam_10,ONLINE,0.62,0,397,870,1
2026-08-28T15:18:20.372901,510.4,cam_11,ONLINE,0.06,0,312,814,1
2026-08-28T15:18:20.372901,510.4,cam_12,ONLINE,0.11,0,236,622,1
2026-08-28T15:18:20.372901,510.4,cam_13,ONLINE,0.17,0,297,163,1
2026-08-28T15:18:20.372901,510.4,cam_14,ONLINE,0.22,0,191,539,1
2026-08-28T15:18:20.372901,510.4,cam_15,ONLINE,0.41,0,449,932,1
2026-08-28T15:18:30.379812,520.4,cam_01,ONLINE,0.31,0,418,991,1
2026-08-28T15:18:30.379812,520.4,cam_02,ONLINE,0.22,0,440,1000,1
2026-08-28T15:18:30.379812,520.4,cam_03,ONLINE,0.06,0,262,685,1
2026-08-28T15:18:30.379812,520.4,cam_04,ONLINE,0.14,0,287,751,1
2026-08-28T15:18:30.379812,520.4,cam_05,ONLINE,0.14,0,344,813,1
2026-08-28T15:18:30.379812,520.4,cam_06,ONLINE,0.28,0,203,585,1
2026-08-28T15:18:30.379812,520.4,cam_07,ONLINE,0.12,0,215,559,1
2026-08-28T15:18:30.379812,520.4,cam_08,ONLINE,0.11,0,317,753,1
2026-08-28T15:18:30.379812,520.4,cam_09,ONLINE,1.88,0,424,926,1
2026-08-28T15:18:30.379812,520.4,cam_10,ONLINE,0.62,0,397,870,1
2026-08-28T15:18:30.379812,520.4,cam_11,ONLINE,0.06,0,312,814,1
2026-08-28T15:18:30.379812,520.4,cam_12,ONLINE,0.11,0,236,622,1
2026-08-28T15:18:30.379812,520.4,cam_13,ONLINE,0.17,0,297,163,1
2026-08-28T15:18:30.379812,520.4,cam_14,ONLINE,0.22,0,191,539,1
2026-08-28T15:18:30.379812,520.4,cam_15,ONLINE,0.41,0,449,932,1
2026-08-28T15:18:40.387574,530.4,cam_01,ONLINE,0.31,0,418,991,1
2026-08-28T15:18:40.387574,530.4,cam_02,ONLINE,0.22,0,440,1000,1
2026-08-28T15:18:40.387574,530.4,cam_03,ONLINE,0.06,0,262,685,1
2026-08-28T15:18:40.387574,530.4,cam_04,ONLINE,0.14,0,287,751,1
2026-08-28T15:18:40.387574,530.4,cam_05,ONLINE,0.14,0,344,813,1
2026-08-28T15:18:40.387574,530.4,cam_06,ONLINE,0.28,0,203,585,1
2026-08-28T15:18:40.387574,530.4,cam_07,ONLINE,0.12,0,215,559,1
2026-08-28T15:18:40.387574,530.4,cam_08,ONLINE,0.11,0,317,753,1
2026-08-28T15:18:40.387574,530.4,cam_09,ONLINE,1.88,0,424,926,1
2026-08-28T15:18:40.387574,530.4,cam_10,ONLINE,0.62,0,397,870,1
2026-08-28T15:18:40.387574,530.4,cam_11,ONLINE,0.06,0,312,814,1
2026-08-28T15:18:40.387574,530.4,cam_12,ONLINE,0.11,0,236,622,1
2026-08-28T15:18:40.387574,530.4,cam_13,ONLINE,0.17,0,297,163,1
2026-08-28T15:18:40.387574,530.4,cam_14,ONLINE,0.22,0,191,539,1
2026-08-28T15:18:40.387574,530.4,cam_15,ONLINE,0.41,0,449,932,1
2026-08-28T15:18:50.392245,540.4,cam_01,ONLINE,0.31,0,418,991,1
2026-08-28T15:18:50.392245,540.4,cam_02,ONLINE,0.22,0,440,1000,1
2026-08-28T15:18:50.392245,540.4,cam_03,ONLINE,0.06,0,262,685,1
2026-08-28T15:18:50.392245,540.4,cam_04,ONLINE,0.14,0,287,751,1
2026-08-28T15:18:50.392245,540.4,cam_05,ONLINE,0.14,0,344,813,1
2026-08-28T15:18:50.392245,540.4,cam_06,ONLINE,0.28,0,203,585,1
2026-08-28T15:18:50.392245,540.4,cam_07,ONLINE,0.12,0,215,559,1
2026-08-28T15:18:50.392245,540.4,cam_08,ONLINE,0.11,0,317,753,1
2026-08-28T15:18:50.392245,540.4,cam_09,ONLINE,1.88,0,424,926,1
2026-08-28T15:18:50.392245,540.4,cam_10,ONLINE,0.62,0,397,870,1
2026-08-28T15:18:50.392245,540.4,cam_11,ONLINE,0.06,0,312,814,1
2026-08-28T15:18:50.392245,540.4,cam_12,ONLINE,0.11,0,236,622,1
2026-08-28T15:18:50.392245,540.4,cam_13,ONLINE,0.17,0,297,163,1
2026-08-28T15:18:50.392245,540.4,cam_14,ONLINE,0.22,0,191,539,1
2026-08-28T15:18:50.392245,540.4,cam_15,ONLINE,0.41,0,449,932,1
2026-08-28T15:19:00.401223,550.4,cam_01,ONLINE,0.31,0,418,991,1
2026-08-28T15:19:00.401223,550.4,cam_02,ONLINE,0.22,0,440,1000,1
2026-08-28T15:19:00.401223,550.4,cam_03,ONLINE,0.06,0,262,685,1
2026-08-28T15:19:00.401223,550.4,cam_04,ONLINE,0.14,0,287,751,1
2026-08-28T15:19:00.401223,550.4,cam_05,ONLINE,0.14,0,344,813,1
2026-08-28T15:19:00.401223,550.4,cam_06,ONLINE,0.28,0,203,585,1
2026-08-28T15:19:00.401223,550.4,cam_07,ONLINE,0.12,0,215,559,1
2026-08-28T15:19:00.401223,550.4,cam_08,ONLINE,0.11,0,317,753,1
2026-08-28T15:19:00.401223,550.4,cam_09,ONLINE,1.88,0,424,926,1
2026-08-28T15:19:00.401223,550.4,cam_10,ONLINE,0.62,0,397,870,1
2026-08-28T15:19:00.401223,550.4,cam_11,ONLINE,0.06,0,312,814,1
2026-08-28T15:19:00.401223,550.4,cam_12,ONLINE,0.11,0,236,622,1
2026-08-28T15:19:00.401223,550.4,cam_13,ONLINE,0.17,0,297,163,1
2026-08-28T15:19:00.401223,550.4,cam_14,ONLINE,0.22,0,191,539,1
2026-08-28T15:19:00.401223,550.4,cam_15,ONLINE,0.41,0,449,932,1
2026-08-28T15:19:10.406541,560.4,cam_01,ONLINE,0.31,0,418,991,1
2026-08-28T15:19:10.406541,560.4,cam_02,ONLINE,0.22,0,440,1000,1
2026-08-28T15:19:10.406541,560.4,cam_03,ONLINE,0.06,0,262,685,1
2026-08-28T15:19:10.406541,560.4,cam_04,ONLINE,0.14,0,287,751,1
2026-08-28T15:19:10.406541,560.4,cam_05,ONLINE,0.14,0,344,813,1
2026-08-28T15:19:10.406541,560.4,cam_06,ONLINE,0.28,0,203,585,1
2026-08-28T15:19:10.406541,560.4,cam_07,ONLINE,0.12,0,215,559,1
2026-08-28T15:19:10.406541,560.4,cam_08,ONLINE,0.11,0,317,753,1
2026-08-28T15:19:10.406541,560.4,cam_09,ONLINE,1.88,0,424,926,1
2026-08-28T15:19:10.406541,560.4,cam_10,ONLINE,0.62,0,397,870,1
2026-08-28T15:19:10.406541,560.4,cam_11,ONLINE,0.06,0,312,814,1
2026-08-28T15:19:10.406541,560.4,cam_12,ONLINE,0.11,0,236,622,1
2026-08-28T15:19:10.406541,560.4,cam_13,ONLINE,0.17,0,297,163,1
2026-08-28T15:19:10.406541,560.4,cam_14,ONLINE,0.22,0,191,539,1
2026-08-28T15:19:10.406541,560.4,cam_15,ONLINE,0.41,0,449,932,1
2026-08-28T15:19:20.412953,570.4,cam_01,ONLINE,0.31,0,418,991,1
2026-08-28T15:19:20.412953,570.4,cam_02,ONLINE,0.22,0,440,1000,1
2026-08-28T15:19:20.412953,570.4,cam_03,ONLINE,0.06,0,262,685,1
2026-08-28T15:19:20.412953,570.4,cam_04,ONLINE,0.14,0,287,751,1
2026-08-28T15:19:20.412953,570.4,cam_05,ONLINE,0.14,0,344,813,1
2026-08-28T15:19:20.412953,570.4,cam_06,ONLINE,0.28,0,203,585,1
2026-08-28T15:19:20.412953,570.4,cam_07,ONLINE,0.12,0,215,559,1
2026-08-28T15:19:20.412953,570.4,cam_08,ONLINE,0.11,0,317,753,1
2026-08-28T15:19:20.412953,570.4,cam_09,ONLINE,1.88,0,424,926,1
2026-08-28T15:19:20.412953,570.4,cam_10,ONLINE,0.62,0,397,870,1
2026-08-28T15:19:20.412953,570.4,cam_11,ONLINE,0.06,0,312,814,1
2026-08-28T15:19:20.412953,570.4,cam_12,ONLINE,0.11,0,236,622,1
2026-08-28T15:19:20.412953,570.4,cam_13,ONLINE,0.17,0,297,163,1
2026-08-28T15:19:20.412953,570.4,cam_14,ONLINE,0.22,0,191,539,1
2026-08-28T15:19:20.412953,570.4,cam_15,ONLINE,0.41,0,449,932,1
2026-08-28T15:19:30.419414,580.4,cam_01,ONLINE,0.31,0,418,991,1
2026-08-28T15:19:30.419414,580.4,cam_02,ONLINE,0.22,0,440,1000,1
2026-08-28T15:19:30.419414,580.4,cam_03,ONLINE,0.06,0,262,685,1
2026-08-28T15:19:30.419414,580.4,cam_04,ONLINE,0.14,0,287,751,1
2026-08-28T15:19:30.419414,580.4,cam_05,ONLINE,0.14,0,344,813,1
2026-08-28T15:19:30.419414,580.4,cam_06,ONLINE,0.28,0,203,585,1
2026-08-28T15:19:30.419414,580.4,cam_07,ONLINE,0.12,0,215,559,1
2026-08-28T15:19:30.419414,580.4,cam_08,ONLINE,0.11,0,317,753,1
2026-08-28T15:19:30.419414,580.4,cam_09,ONLINE,1.88,0,424,926,1
2026-08-28T15:19:30.419414,580.4,cam_10,ONLINE,0.62,0,397,870,1
2026-08-28T15:19:30.419414,580.4,cam_11,ONLINE,0.06,0,312,814,1
2026-08-28T15:19:30.419414,580.4,cam_12,ONLINE,0.11,0,236,622,1
2026-08-28T15:19:30.419414,580.4,cam_13,ONLINE,0.17,0,297,163,1
2026-08-28T15:19:30.419414,580.4,cam_14,ONLINE,0.22,0,191,539,1
2026-08-28T15:19:30.419414,580.4,cam_15,ONLINE,0.41,0,449,932,1
2026-08-28T15:19:40.425893,590.5,cam_01,ONLINE,0.31,0,418,991,1
2026-08-28T15:19:40.425893,590.5,cam_02,ONLINE,0.22,0,440,1000,1
2026-08-28T15:19:40.425893,590.5,cam_03,ONLINE,0.06,0,262,685,1
2026-08-28T15:19:40.425893,590.5,cam_04,ONLINE,0.14,0,287,751,1
2026-08-28T15:19:40.425893,590.5,cam_05,ONLINE,0.14,0,344,813,1
2026-08-28T15:19:40.425893,590.5,cam_06,ONLINE,0.28,0,203,585,1
2026-08-28T15:19:40.425893,590.5,cam_07,ONLINE,0.12,0,215,559,1
2026-08-28T15:19:40.425893,590.5,cam_08,ONLINE,0.11,0,317,753,1
2026-08-28T15:19:40.425893,590.5,cam_09,ONLINE,1.88,0,424,926,1
2026-08-28T15:19:40.425893,590.5,cam_10,ONLINE,0.62,0,397,870,1
2026-08-28T15:19:40.425893,590.5,cam_11,ONLINE,0.06,0,312,814,1
2026-08-28T15:19:40.425893,590.5,cam_12,ONLINE,0.11,0,236,622,1
2026-08-28T15:19:40.425893,590.5,cam_13,ONLINE,0.17,0,297,163,1
2026-08-28T15:19:40.425893,590.5,cam_14,ONLINE,0.22,0,191,539,1
2026-08-28T15:19:40.425893,590.5,cam_15,ONLINE,0.41,0,449,932,1
2026-08-28T15:19:50.431833,600.5,cam_01,ONLINE,0.31,0,418,991,1
2026-08-28T15:19:50.431833,600.5,cam_02,ONLINE,0.22,0,440,1000,1
2026-08-28T15:19:50.431833,600.5,cam_03,ONLINE,0.06,0,262,685,1
2026-08-28T15:19:50.431833,600.5,cam_04,ONLINE,0.14,0,287,751,1
2026-08-28T15:19:50.431833,600.5,cam_05,ONLINE,0.14,0,344,813,1
2026-08-28T15:19:50.431833,600.5,cam_06,ONLINE,0.28,0,203,585,1
2026-08-28T15:19:50.431833,600.5,cam_07,ONLINE,0.12,0,215,559,1
2026-08-28T15:19:50.431833,600.5,cam_08,ONLINE,0.11,0,317,753,1
2026-08-28T15:19:50.431833,600.5,cam_09,ONLINE,1.88,0,424,926,1
2026-08-28T15:19:50.431833,600.5,cam_10,ONLINE,0.62,0,397,870,1
2026-08-28T15:19:50.431833,600.5,cam_11,ONLINE,0.06,0,312,814,1
2026-08-28T15:19:50.431833,600.5,cam_12,ONLINE,0.11,0,236,622,1
2026-08-28T15:19:50.431833,600.5,cam_13,ONLINE,0.17,0,297,163,1
2026-08-28T15:19:50.431833,600.5,cam_14,ONLINE,0.22,0,191,539,1
2026-08-28T15:19:50.431833,600.5,cam_15,ONLINE,0.41,0,449,932,1
2026-08-28T15:20:00.439944,610.5,cam_01,ONLINE,0.31,0,418,991,1
2026-08-28T15:20:00.439944,610.5,cam_02,ONLINE,0.22,0,440,1000,1
2026-08-28T15:20:00.439944,610.5,cam_03,ONLINE,0.06,0,262,685,1
2026-08-28T15:20:00.439944,610.5,cam_04,ONLINE,0.14,0,287,751,1
2026-08-28T15:20:00.439944,610.5,cam_05,ONLINE,0.14,0,344,813,1
2026-08-28T15:20:00.439944,610.5,cam_06,ONLINE,0.28,0,203,585,1
2026-08-28T15:20:00.439944,610.5,cam_07,ONLINE,0.12,0,215,559,1
2026-08-28T15:20:00.439944,610.5,cam_08,ONLINE,0.11,0,317,753,1
2026-08-28T15:20:00.439944,610.5,cam_09,ONLINE,1.88,0,424,926,1
2026-08-28T15:20:00.439944,610.5,cam_10,ONLINE,0.62,0,397,870,1
2026-08-28T15:20:00.439944,610.5,cam_11,ONLINE,0.06,0,312,814,1
2026-08-28T15:20:00.439944,610.5,cam_12,ONLINE,0.11,0,236,622,1
2026-08-28T15:20:00.439944,610.5,cam_13,ONLINE,0.17,0,297,163,1
2026-08-28T15:20:00.439944,610.5,cam_14,ONLINE,0.22,0,191,539,1
2026-08-28T15:20:00.439944,610.5,cam_15,ONLINE,0.41,0,449,932,1
2026-08-28T15:20:10.446063,620.5,cam_01,ONLINE,0.31,0,418,991,1
2026-08-28T15:20:10.446063,620.5,cam_02,ONLINE,0.22,0,440,1000,1
2026-08-28T15:20:10.446063,620.5,cam_03,ONLINE,0.06,0,262,685,1
2026-08-28T15:20:10.446063,620.5,cam_04,ONLINE,0.14,0,287,751,1
2026-08-28T15:20:10.446063,620.5,cam_05,ONLINE,0.14,0,344,813,1
2026-08-28T15:20:10.446063,620.5,cam_06,ONLINE,0.28,0,203,585,1
2026-08-28T15:20:10.446063,620.5,cam_07,ONLINE,0.12,0,215,559,1
2026-08-28T15:20:10.446063,620.5,cam_08,ONLINE,0.11,0,317,753,1
2026-08-28T15:20:10.446063,620.5,cam_09,ONLINE,1.88,0,424,926,1
2026-08-28T15:20:10.446063,620.5,cam_10,ONLINE,0.62,0,397,870,1
2026-08-28T15:20:10.446063,620.5,cam_11,ONLINE,0.06,0,312,814,1
2026-08-28T15:20:10.446063,620.5,cam_12,ONLINE,0.11,0,236,622,1
2026-08-28T15:20:10.446063,620.5,cam_13,ONLINE,0.17,0,297,163,1
2026-08-28T15:20:10.446063,620.5,cam_14,ONLINE,0.22,0,191,539,1
2026-08-28T15:20:10.446063,620.5,cam_15,ONLINE,0.41,0,449,932,1
2026-08-28T15:20:20.453653,630.5,cam_01,ONLINE,0.31,0,418,991,1
2026-08-28T15:20:20.453653,630.5,cam_02,ONLINE,0.22,0,440,1000,1
2026-08-28T15:20:20.453653,630.5,cam_03,ONLINE,0.06,0,262,685,1
2026-08-28T15:20:20.453653,630.5,cam_04,ONLINE,0.14,0,287,751,1
2026-08-28T15:20:20.453653,630.5,cam_05,ONLINE,0.14,0,344,813,1
2026-08-28T15:20:20.453653,630.5,cam_06,ONLINE,0.28,0,203,585,1
2026-08-28T15:20:20.453653,630.5,cam_07,ONLINE,0.12,0,215,559,1
2026-08-28T15:20:20.453653,630.5,cam_08,ONLINE,0.11,0,317,753,1
2026-08-28T15:20:20.453653,630.5,cam_09,ONLINE,1.88,0,424,926,1
2026-08-28T15:20:20.453653,630.5,cam_10,ONLINE,0.62,0,397,870,1
2026-08-28T15:20:20.453653,630.5,cam_11,ONLINE,0.06,0,312,814,1
2026-08-28T15:20:20.453653,630.5,cam_12,ONLINE,0.11,0,236,622,1
2026-08-28T15:20:20.453653,630.5,cam_13,ONLINE,0.17,0,297,163,1
2026-08-28T15:20:20.453653,630.5,cam_14,ONLINE,0.22,0,191,539,1
2026-08-28T15:20:20.453653,630.5,cam_15,ONLINE,0.41,0,449,932,1
2026-08-28T15:20:30.460205,640.5,cam_01,ONLINE,0.31,0,418,991,1
2026-08-28T15:20:30.460205,640.5,cam_02,ONLINE,0.22,0,440,1000,1
2026-08-28T15:20:30.460205,640.5,cam_03,ONLINE,0.06,0,262,685,1
2026-08-28T15:20:30.460205,640.5,cam_04,ONLINE,0.14,0,287,751,1
2026-08-28T15:20:30.460205,640.5,cam_05,ONLINE,0.14,0,344,813,1
2026-08-28T15:20:30.460205,640.5,cam_06,ONLINE,0.28,0,203,585,1
2026-08-28T15:20:30.460205,640.5,cam_07,ONLINE,0.12,0,215,559,1
2026-08-28T15:20:30.460205,640.5,cam_08,ONLINE,0.11,0,317,753,1
2026-08-28T15:20:30.460205,640.5,cam_09,ONLINE,1.88,0,424,926,1
2026-08-28T15:20:30.460205,640.5,cam_10,ONLINE,0.62,0,397,870,1
2026-08-28T15:20:30.460205,640.5,cam_11,ONLINE,0.06,0,312,814,1
2026-08-28T15:20:30.460205,640.5,cam_12,ONLINE,0.11,0,236,622,1
2026-08-28T15:20:30.460205,640.5,cam_13,ONLINE,0.17,0,297,163,1
2026-08-28T15:20:30.460205,640.5,cam_14,ONLINE,0.22,0,191,539,1
2026-08-28T15:20:30.460205,640.5,cam_15,ONLINE,0.41,0,449,932,1
2026-08-28T15:20:40.466969,650.5,cam_01,ONLINE,0.31,0,418,991,1
2026-08-28T15:20:40.466969,650.5,cam_02,ONLINE,0.22,0,440,1000,1
2026-08-28T15:20:40.466969,650.5,cam_03,ONLINE,0.06,0,262,685,1
2026-08-28T15:20:40.466969,650.5,cam_04,ONLINE,0.14,0,287,751,1
2026-08-28T15:20:40.466969,650.5,cam_05,ONLINE,0.14,0,344,813,1
2026-08-28T15:20:40.466969,650.5,cam_06,ONLINE,0.28,0,203,585,1
2026-08-28T15:20:40.466969,650.5,cam_07,ONLINE,0.12,0,215,559,1
2026-08-28T15:20:40.466969,650.5,cam_08,ONLINE,0.11,0,317,753,1
2026-08-28T15:20:40.466969,650.5,cam_09,ONLINE,1.88,0,424,926,1
2026-08-28T15:20:40.466969,650.5,cam_10,ONLINE,0.62,0,397,870,1
2026-08-28T15:20:40.466969,650.5,cam_11,ONLINE,0.06,0,312,814,1
2026-08-28T15:20:40.466969,650.5,cam_12,ONLINE,0.11,0,236,622,1
2026-08-28T15:20:40.466969,650.5,cam_13,ONLINE,0.17,0,297,163,1
2026-08-28T15:20:40.466969,650.5,cam_14,ONLINE,0.22,0,191,539,1
2026-08-28T15:20:40.466969,650.5,cam_15,ONLINE,0.41,0,449,932,1
2026-08-28T15:20:50.476392,660.5,cam_01,ONLINE,0.31,0,418,991,1
2026-08-28T15:20:50.476392,660.5,cam_02,ONLINE,0.22,0,440,1000,1
2026-08-28T15:20:50.476392,660.5,cam_03,ONLINE,0.06,0,262,685,1
2026-08-28T15:20:50.476392,660.5,cam_04,ONLINE,0.14,0,287,751,1
2026-08-28T15:20:50.476392,660.5,cam_05,ONLINE,0.14,0,344,813,1
2026-08-28T15:20:50.476392,660.5,cam_06,ONLINE,0.28,0,203,585,1
2026-08-28T15:20:50.476392,660.5,cam_07,ONLINE,0.12,0,215,559,1
2026-08-28T15:20:50.476392,660.5,cam_08,ONLINE,0.11,0,317,753,1
2026-08-28T15:20:50.476392,660.5,cam_09,ONLINE,1.88,0,424,926,1
2026-08-28T15:20:50.476392,660.5,cam_10,ONLINE,0.62,0,397,870,1
2026-08-28T15:20:50.476392,660.5,cam_11,ONLINE,0.06,0,312,814,1
2026-08-28T15:20:50.476392,660.5,cam_12,ONLINE,0.11,0,236,622,1
2026-08-28T15:20:50.476392,660.5,cam_13,ONLINE,0.17,0,297,163,1
2026-08-28T15:20:50.476392,660.5,cam_14,ONLINE,0.22,0,191,539,1
2026-08-28T15:20:50.476392,660.5,cam_15,ONLINE,0.41,0,449,932,1
2026-08-28T15:21:00.489197,670.5,cam_01,ONLINE,0.31,0,418,991,1
2026-08-28T15:21:00.489197,670.5,cam_02,ONLINE,0.22,0,440,1000,1
2026-08-28T15:21:00.489197,670.5,cam_03,ONLINE,0.06,0,262,685,1
2026-08-28T15:21:00.489197,670.5,cam_04,ONLINE,0.14,0,287,751,1
2026-08-28T15:21:00.489197,670.5,cam_05,ONLINE,0.14,0,344,813,1
2026-08-28T15:21:00.489197,670.5,cam_06,ONLINE,0.28,0,203,585,1
2026-08-28T15:21:00.489197,670.5,cam_07,ONLINE,0.12,0,215,559,1
2026-08-28T15:21:00.489197,670.5,cam_08,ONLINE,0.11,0,317,753,1
2026-08-28T15:21:00.489197,670.5,cam_09,ONLINE,1.88,0,424,926,1
2026-08-28T15:21:00.489197,670.5,cam_10,ONLINE,0.62,0,397,870,1
2026-08-28T15:21:00.489197,670.5,cam_11,ONLINE,0.06,0,312,814,1
2026-08-28T15:21:00.489197,670.5,cam_12,ONLINE,0.11,0,236,622,1
2026-08-28T15:21:00.489197,670.5,cam_13,ONLINE,0.17,0,297,163,1
2026-08-28T15:21:00.489197,670.5,cam_14,ONLINE,0.22,0,191,539,1
2026-08-28T15:21:00.489197,670.5,cam_15,ONLINE,0.41,0,449,932,1
2026-08-28T15:21:10.497880,680.5,cam_01,ONLINE,0.31,0,418,991,1
2026-08-28T15:21:10.497880,680.5,cam_02,ONLINE,0.22,0,440,1000,1
2026-08-28T15:21:10.497880,680.5,cam_03,ONLINE,0.06,0,262,685,1
2026-08-28T15:21:10.497880,680.5,cam_04,ONLINE,0.14,0,287,751,1
2026-08-28T15:21:10.497880,680.5,cam_05,ONLINE,0.14,0,344,813,1
2026-08-28T15:21:10.497880,680.5,cam_06,ONLINE,0.28,0,203,585,1
2026-08-28T15:21:10.497880,680.5,cam_07,ONLINE,0.12,0,215,559,1
2026-08-28T15:21:10.497880,680.5,cam_08,ONLINE,0.11,0,317,753,1
2026-08-28T15:21:10.497880,680.5,cam_09,ONLINE,1.88,0,424,926,1
2026-08-28T15:21:10.497880,680.5,cam_10,ONLINE,0.62,0,397,870,1
2026-08-28T15:21:10.497880,680.5,cam_11,ONLINE,0.06,0,312,814,1
2026-08-28T15:21:10.497880,680.5,cam_12,ONLINE,0.11,0,236,622,1
2026-08-28T15:21:10.497880,680.5,cam_13,ONLINE,0.17,0,297,163,1
2026-08-28T15:21:10.497880,680.5,cam_14,ONLINE,0.22,0,191,539,1
2026-08-28T15:21:10.497880,680.5,cam_15,ONLINE,0.41,0,449,932,1
2026-08-28T15:21:20.505371,690.5,cam_01,ONLINE,0.31,0,418,991,1
2026-08-28T15:21:20.505371,690.5,cam_02,ONLINE,0.22,0,440,1000,1
2026-08-28T15:21:20.505371,690.5,cam_03,ONLINE,0.06,0,262,685,1
2026-08-28T15:21:20.505371,690.5,cam_04,ONLINE,0.14,0,287,751,1
2026-08-28T15:21:20.505371,690.5,cam_05,ONLINE,0.14,0,344,813,1
2026-08-28T15:21:20.505371,690.5,cam_06,ONLINE,0.28,0,203,585,1
2026-08-28T15:21:20.505371,690.5,cam_07,ONLINE,0.12,0,215,559,1
2026-08-28T15:21:20.505371,690.5,cam_08,ONLINE,0.11,0,317,753,1
2026-08-28T15:21:20.505371,690.5,cam_09,ONLINE,1.88,0,424,926,1
2026-08-28T15:21:20.505371,690.5,cam_10,ONLINE,0.62,0,397,870,1
2026-08-28T15:21:20.505371,690.5,cam_11,ONLINE,0.06,0,312,814,1
2026-08-28T15:21:20.505371,690.5,cam_12,ONLINE,0.11,0,236,622,1
2026-08-28T15:21:20.505371,690.5,cam_13,ONLINE,0.17,0,297,163,1
2026-08-28T15:21:20.505371,690.5,cam_14,ONLINE,0.22,0,191,539,1
2026-08-28T15:21:20.505371,690.5,cam_15,ONLINE,0.41,0,449,932,1
2026-08-28T15:21:30.512759,700.5,cam_01,ONLINE,0.31,0,418,991,1
2026-08-28T15:21:30.512759,700.5,cam_02,ONLINE,0.22,0,440,1000,1
2026-08-28T15:21:30.512759,700.5,cam_03,ONLINE,0.06,0,262,685,1
2026-08-28T15:21:30.512759,700.5,cam_04,ONLINE,0.14,0,287,751,1
2026-08-28T15:21:30.512759,700.5,cam_05,ONLINE,0.14,0,344,813,1
2026-08-28T15:21:30.512759,700.5,cam_06,ONLINE,0.28,0,203,585,1
2026-08-28T15:21:30.512759,700.5,cam_07,ONLINE,0.12,0,215,559,1
2026-08-28T15:21:30.512759,700.5,cam_08,ONLINE,0.11,0,317,753,1
2026-08-28T15:21:30.512759,700.5,cam_09,ONLINE,1.88,0,424,926,1
2026-08-28T15:21:30.512759,700.5,cam_10,ONLINE,0.62,0,397,870,1
2026-08-28T15:21:30.512759,700.5,cam_11,ONLINE,0.06,0,312,814,1
2026-08-28T15:21:30.512759,700.5,cam_12,ONLINE,0.11,0,236,622,1
2026-08-28T15:21:30.512759,700.5,cam_13,ONLINE,0.17,0,297,163,1
2026-08-28T15:21:30.512759,700.5,cam_14,ONLINE,0.22,0,191,539,1
2026-08-28T15:21:30.512759,700.5,cam_15,ONLINE,0.41,0,449,932,1
2026-08-28T15:21:40.519359,710.5,cam_01,ONLINE,0.31,0,418,991,1
2026-08-28T15:21:40.519359,710.5,cam_02,ONLINE,0.22,0,440,1000,1
2026-08-28T15:21:40.519359,710.5,cam_03,ONLINE,0.06,0,262,685,1
2026-08-28T15:21:40.519359,710.5,cam_04,ONLINE,0.14,0,287,751,1
2026-08-28T15:21:40.519359,710.5,cam_05,ONLINE,0.14,0,344,813,1
2026-08-28T15:21:40.519359,710.5,cam_06,ONLINE,0.28,0,203,585,1
2026-08-28T15:21:40.519359,710.5,cam_07,ONLINE,0.12,0,215,559,1
2026-08-28T15:21:40.519359,710.5,cam_08,ONLINE,0.11,0,317,753,1
2026-08-28T15:21:40.519359,710.5,cam_09,ONLINE,1.88,0,424,926,1
2026-08-28T15:21:40.519359,710.5,cam_10,ONLINE,0.62,0,397,870,1
2026-08-28T15:21:40.519359,710.5,cam_11,ONLINE,0.06,0,312,814,1
2026-08-28T15:21:40.519359,710.5,cam_12,ONLINE,0.11,0,236,622,1
2026-08-28T15:21:40.519359,710.5,cam_13,ONLINE,0.17,0,297,163,1
2026-08-28T15:21:40.519359,710.5,cam_14,ONLINE,0.22,0,191,539,1
2026-08-28T15:21:40.519359,710.5,cam_15,ONLINE,0.41,0,449,932,1
2026-08-28T15:21:50.526424,720.5,cam_01,ONLINE,0.31,0,418,991,1
2026-08-28T15:21:50.526424,720.5,cam_02,ONLINE,0.22,0,440,1000,1
2026-08-28T15:21:50.526424,720.5,cam_03,ONLINE,0.06,0,262,685,1
2026-08-28T15:21:50.526424,720.5,cam_04,ONLINE,0.14,0,287,751,1
2026-08-28T15:21:50.526424,720.5,cam_05,ONLINE,0.14,0,344,813,1
2026-08-28T15:21:50.526424,720.5,cam_06,ONLINE,0.28,0,203,585,1
2026-08-28T15:21:50.526424,720.5,cam_07,ONLINE,0.12,0,215,559,1
2026-08-28T15:21:50.526424,720.5,cam_08,ONLINE,0.11,0,317,753,1
2026-08-28T15:21:50.526424,720.5,cam_09,ONLINE,1.88,0,424,926,1
2026-08-28T15:21:50.526424,720.5,cam_10,ONLINE,0.62,0,397,870,1
2026-08-28T15:21:50.526424,720.5,cam_11,ONLINE,0.06,0,312,814,1
2026-08-28T15:21:50.526424,720.5,cam_12,ONLINE,0.11,0,236,622,1
2026-08-28T15:21:50.526424,720.5,cam_13,ONLINE,0.17,0,297,163,1
2026-08-28T15:21:50.526424,720.5,cam_14,ONLINE,0.22,0,191,539,1
2026-08-28T15:21:50.526424,720.5,cam_15,ONLINE,0.41,0,449,932,1
2026-08-28T15:22:00.535961,730.6,cam_01,ONLINE,0.31,0,418,991,1
2026-08-28T15:22:00.535961,730.6,cam_02,ONLINE,0.22,0,440,1000,1
2026-08-28T15:22:00.535961,730.6,cam_03,ONLINE,0.06,0,262,685,1
2026-08-28T15:22:00.535961,730.6,cam_04,ONLINE,0.14,0,287,751,1
2026-08-28T15:22:00.535961,730.6,cam_05,ONLINE,0.14,0,344,813,1
2026-08-28T15:22:00.535961,730.6,cam_06,ONLINE,0.28,0,203,585,1
2026-08-28T15:22:00.535961,730.6,cam_07,ONLINE,0.12,0,215,559,1
2026-08-28T15:22:00.535961,730.6,cam_08,ONLINE,0.11,0,317,753,1
2026-08-28T15:22:00.535961,730.6,cam_09,ONLINE,1.88,0,424,926,1
2026-08-28T15:22:00.535961,730.6,cam_10,ONLINE,0.62,0,397,870,1
2026-08-28T15:22:00.535961,730.6,cam_11,ONLINE,0.06,0,312,814,1
2026-08-28T15:22:00.535961,730.6,cam_12,ONLINE,0.11,0,236,622,1
2026-08-28T15:22:00.535961,730.6,cam_13,ONLINE,0.17,0,297,163,1
2026-08-28T15:22:00.535961,730.6,cam_14,ONLINE,0.22,0,191,539,1
2026-08-28T15:22:00.535961,730.6,cam_15,ONLINE,0.41,0,449,932,1
2026-08-28T15:22:10.545374,740.6,cam_01,ONLINE,0.31,0,418,991,1
2026-08-28T15:22:10.545374,740.6,cam_02,ONLINE,0.22,0,440,1000,1
2026-08-28T15:22:10.545374,740.6,cam_03,ONLINE,0.06,0,262,685,1
2026-08-28T15:22:10.545374,740.6,cam_04,ONLINE,0.14,0,287,751,1
2026-08-28T15:22:10.545374,740.6,cam_05,ONLINE,0.14,0,344,813,1
2026-08-28T15:22:10.545374,740.6,cam_06,ONLINE,0.28,0,203,585,1
2026-08-28T15:22:10.545374,740.6,cam_07,ONLINE,0.12,0,215,559,1
2026-08-28T15:22:10.545374,740.6,cam_08,ONLINE,0.11,0,317,753,1
2026-08-28T15:22:10.545374,740.6,cam_09,ONLINE,1.88,0,424,926,1
2026-08-28T15:22:10.545374,740.6,cam_10,ONLINE,0.62,0,397,870,1
2026-08-28T15:22:10.545374,740.6,cam_11,ONLINE,0.06,0,312,814,1
2026-08-28T15:22:10.545374,740.6,cam_12,ONLINE,0.11,0,236,622,1
2026-08-28T15:22:10.545374,740.6,cam_13,ONLINE,0.17,0,297,163,1
2026-08-28T15:22:10.545374,740.6,cam_14,ONLINE,0.22,0,191,539,1
2026-08-28T15:22:10.545374,740.6,cam_15,ONLINE,0.41,0,449,932,1
2026-08-28T15:22:20.554043,750.6,cam_01,ONLINE,0.31,0,418,991,1
2026-08-28T15:22:20.554043,750.6,cam_02,ONLINE,0.22,0,440,1000,1
2026-08-28T15:22:20.554043,750.6,cam_03,ONLINE,0.06,0,262,685,1
2026-08-28T15:22:20.554043,750.6,cam_04,ONLINE,0.14,0,287,751,1
2026-08-28T15:22:20.554043,750.6,cam_05,ONLINE,0.14,0,344,813,1
2026-08-28T15:22:20.554043,750.6,cam_06,ONLINE,0.28,0,203,585,1
2026-08-28T15:22:20.554043,750.6,cam_07,ONLINE,0.12,0,215,559,1
2026-08-28T15:22:20.554043,750.6,cam_08,ONLINE,0.11,0,317,753,1
2026-08-28T15:22:20.554043,750.6,cam_09,ONLINE,1.88,0,424,926,1
2026-08-28T15:22:20.554043,750.6,cam_10,ONLINE,0.62,0,397,870,1
2026-08-28T15:22:20.554043,750.6,cam_11,ONLINE,0.06,0,312,814,1
2026-08-28T15:22:20.554043,750.6,cam_12,ONLINE,0.11,0,236,622,1
2026-08-28T15:22:20.554043,750.6,cam_13,ONLINE,0.17,0,297,163,1
2026-08-28T15:22:20.554043,750.6,cam_14,ONLINE,0.22,0,191,539,1
2026-08-28T15:22:20.554043,750.6,cam_15,ONLINE,0.41,0,449,932,1
2026-08-28T15:22:30.560184,760.6,cam_01,ONLINE,0.31,0,418,991,1
2026-08-28T15:22:30.560184,760.6,cam_02,ONLINE,0.22,0,440,1000,1
2026-08-28T15:22:30.560184,760.6,cam_03,ONLINE,0.06,0,262,685,1
2026-08-28T15:22:30.560184,760.6,cam_04,ONLINE,0.14,0,287,751,1
2026-08-28T15:22:30.560184,760.6,cam_05,ONLINE,0.14,0,344,813,1
2026-08-28T15:22:30.560184,760.6,cam_06,ONLINE,0.28,0,203,585,1
2026-08-28T15:22:30.560184,760.6,cam_07,ONLINE,0.12,0,215,559,1
2026-08-28T15:22:30.560184,760.6,cam_08,ONLINE,0.11,0,317,753,1
2026-08-28T15:22:30.560184,760.6,cam_09,ONLINE,1.88,0,424,926,1
2026-08-28T15:22:30.560184,760.6,cam_10,ONLINE,0.62,0,397,870,1
2026-08-28T15:22:30.560184,760.6,cam_11,ONLINE,0.06,0,312,814,1
2026-08-28T15:22:30.560184,760.6,cam_12,ONLINE,0.11,0,236,622,1
2026-08-28T15:22:30.560184,760.6,cam_13,ONLINE,0.17,0,297,163,1
2026-08-28T15:22:30.560184,760.6,cam_14,ONLINE,0.22,0,191,539,1
2026-08-28T15:22:30.560184,760.6,cam_15,ONLINE,0.41,0,449,932,1
2026-08-28T15:22:40.568278,770.6,cam_01,ONLINE,0.31,0,418,991,1
2026-08-28T15:22:40.568278,770.6,cam_02,ONLINE,0.22,0,440,1000,1
2026-08-28T15:22:40.568278,770.6,cam_03,ONLINE,0.06,0,262,685,1
2026-08-28T15:22:40.568278,770.6,cam_04,ONLINE,0.14,0,287,751,1
2026-08-28T15:22:40.568278,770.6,cam_05,ONLINE,0.14,0,344,813,1
2026-08-28T15:22:40.568278,770.6,cam_06,ONLINE,0.28,0,203,585,1
2026-08-28T15:22:40.568278,770.6,cam_07,ONLINE,0.12,0,215,559,1
2026-08-28T15:22:40.568278,770.6,cam_08,ONLINE,0.11,0,317,753,1
2026-08-28T15:22:40.568278,770.6,cam_09,ONLINE,1.88,0,424,926,1
2026-08-28T15:22:40.568278,770.6,cam_10,ONLINE,0.62,0,397,870,1
2026-08-28T15:22:40.568278,770.6,cam_11,ONLINE,0.06,0,312,814,1
2026-08-28T15:22:40.568278,770.6,cam_12,ONLINE,0.11,0,236,622,1
2026-08-28T15:22:40.568278,770.6,cam_13,ONLINE,0.17,0,297,163,1
2026-08-28T15:22:40.568278,770.6,cam_14,ONLINE,0.22,0,191,539,1
2026-08-28T15:22:40.568278,770.6,cam_15,ONLINE,0.41,0,449,932,1
2026-08-28T15:22:50.575369,780.6,cam_01,ONLINE,0.31,0,418,991,1
2026-08-28T15:22:50.575369,780.6,cam_02,ONLINE,0.22,0,440,1000,1
2026-08-28T15:22:50.575369,780.6,cam_03,ONLINE,0.06,0,262,685,1
2026-08-28T15:22:50.575369,780.6,cam_04,ONLINE,0.14,0,287,751,1
2026-08-28T15:22:50.575369,780.6,cam_05,ONLINE,0.14,0,344,813,1
2026-08-28T15:22:50.575369,780.6,cam_06,ONLINE,0.28,0,203,585,1
2026-08-28T15:22:50.575369,780.6,cam_07,ONLINE,0.12,0,215,559,1
2026-08-28T15:22:50.575369,780.6,cam_08,ONLINE,0.11,0,317,753,1
2026-08-28T15:22:50.575369,780.6,cam_09,ONLINE,1.88,0,424,926,1
2026-08-28T15:22:50.575369,780.6,cam_10,ONLINE,0.62,0,397,870,1
2026-08-28T15:22:50.575369,780.6,cam_11,ONLINE,0.06,0,312,814,1
2026-08-28T15:22:50.575369,780.6,cam_12,ONLINE,0.11,0,236,622,1
2026-08-28T15:22:50.575369,780.6,cam_13,ONLINE,0.17,0,297,163,1
2026-08-28T15:22:50.575369,780.6,cam_14,ONLINE,0.22,0,191,539,1
2026-08-28T15:22:50.575369,780.6,cam_15,ONLINE,0.41,0,449,932,1
2026-08-28T15:23:00.585851,790.6,cam_01,ONLINE,0.31,0,418,991,1
2026-08-28T15:23:00.585851,790.6,cam_02,ONLINE,0.22,0,440,1000,1
2026-08-28T15:23:00.585851,790.6,cam_03,ONLINE,0.06,0,262,685,1
2026-08-28T15:23:00.585851,790.6,cam_04,ONLINE,0.14,0,287,751,1
2026-08-28T15:23:00.585851,790.6,cam_05,ONLINE,0.14,0,344,813,1
2026-08-28T15:23:00.585851,790.6,cam_06,ONLINE,0.28,0,203,585,1
2026-08-28T15:23:00.585851,790.6,cam_07,ONLINE,0.12,0,215,559,1
2026-08-28T15:23:00.585851,790.6,cam_08,ONLINE,0.11,0,317,753,1
2026-08-28T15:23:00.585851,790.6,cam_09,ONLINE,1.88,0,424,926,1
2026-08-28T15:23:00.585851,790.6,cam_10,ONLINE,0.62,0,397,870,1
2026-08-28T15:23:00.585851,790.6,cam_11,ONLINE,0.06,0,312,814,1
2026-08-28T15:23:00.585851,790.6,cam_12,ONLINE,0.11,0,236,622,1
2026-08-28T15:23:00.585851,790.6,cam_13,ONLINE,0.17,0,297,163,1
2026-08-28T15:23:00.585851,790.6,cam_14,ONLINE,0.22,0,191,539,1
2026-08-28T15:23:00.585851,790.6,cam_15,ONLINE,0.41,0,449,932,1
2026-08-28T15:23:10.592280,800.6,cam_01,ONLINE,0.31,0,418,991,1
2026-08-28T15:23:10.592280,800.6,cam_02,ONLINE,0.22,0,440,1000,1
2026-08-28T15:23:10.592280,800.6,cam_03,ONLINE,0.06,0,262,685,1
2026-08-28T15:23:10.592280,800.6,cam_04,ONLINE,0.14,0,287,751,1
2026-08-28T15:23:10.592280,800.6,cam_05,ONLINE,0.14,0,344,813,1
2026-08-28T15:23:10.592280,800.6,cam_06,ONLINE,0.28,0,203,585,1
2026-08-28T15:23:10.592280,800.6,cam_07,ONLINE,0.12,0,215,559,1
2026-08-28T15:23:10.592280,800.6,cam_08,ONLINE,0.11,0,317,753,1
2026-08-28T15:23:10.592280,800.6,cam_09,ONLINE,1.88,0,424,926,1
2026-08-28T15:23:10.592280,800.6,cam_10,ONLINE,0.62,0,397,870,1
2026-08-28T15:23:10.592280,800.6,cam_11,ONLINE,0.06,0,312,814,1
2026-08-28T15:23:10.592280,800.6,cam_12,ONLINE,0.11,0,236,622,1
2026-08-28T15:23:10.592280,800.6,cam_13,ONLINE,0.17,0,297,163,1
2026-08-28T15:23:10.592280,800.6,cam_14,ONLINE,0.22,0,191,539,1
2026-08-28T15:23:10.592280,800.6,cam_15,ONLINE,0.41,0,449,932,1
2026-08-28T15:23:20.600578,810.6,cam_01,ONLINE,0.31,0,418,991,1
2026-08-28T15:23:20.600578,810.6,cam_02,ONLINE,0.22,0,440,1000,1
2026-08-28T15:23:20.600578,810.6,cam_03,ONLINE,0.06,0,262,685,1
2026-08-28T15:23:20.600578,810.6,cam_04,ONLINE,0.14,0,287,751,1
2026-08-28T15:23:20.600578,810.6,cam_05,ONLINE,0.14,0,344,813,1
2026-08-28T15:23:20.600578,810.6,cam_06,ONLINE,0.28,0,203,585,1
2026-08-28T15:23:20.600578,810.6,cam_07,ONLINE,0.12,0,215,559,1
2026-08-28T15:23:20.600578,810.6,cam_08,ONLINE,0.11,0,317,753,1
2026-08-28T15:23:20.600578,810.6,cam_09,ONLINE,1.88,0,424,926,1
2026-08-28T15:23:20.600578,810.6,cam_10,ONLINE,0.62,0,397,870,1
2026-08-28T15:23:20.600578,810.6,cam_11,ONLINE,0.06,0,312,814,1
2026-08-28T15:23:20.600578,810.6,cam_12,ONLINE,0.11,0,236,622,1
2026-08-28T15:23:20.600578,810.6,cam_13,ONLINE,0.17,0,297,163,1
2026-08-28T15:23:20.600578,810.6,cam_14,ONLINE,0.22,0,191,539,1
2026-08-28T15:23:20.600578,810.6,cam_15,ONLINE,0.41,0,449,932,1
2026-08-28T15:23:30.609335,820.6,cam_01,ONLINE,0.31,0,418,991,1
2026-08-28T15:23:30.609335,820.6,cam_02,ONLINE,0.22,0,440,1000,1
2026-08-28T15:23:30.609335,820.6,cam_03,ONLINE,0.06,0,262,685,1
2026-08-28T15:23:30.609335,820.6,cam_04,ONLINE,0.14,0,287,751,1
2026-08-28T15:23:30.609335,820.6,cam_05,ONLINE,0.14,0,344,813,1
2026-08-28T15:23:30.609335,820.6,cam_06,ONLINE,0.28,0,203,585,1
2026-08-28T15:23:30.609335,820.6,cam_07,ONLINE,0.12,0,215,559,1
2026-08-28T15:23:30.609335,820.6,cam_08,ONLINE,0.11,0,317,753,1
2026-08-28T15:23:30.609335,820.6,cam_09,ONLINE,1.88,0,424,926,1
2026-08-28T15:23:30.609335,820.6,cam_10,ONLINE,0.62,0,397,870,1
2026-08-28T15:23:30.609335,820.6,cam_11,ONLINE,0.06,0,312,814,1
2026-08-28T15:23:30.609335,820.6,cam_12,ONLINE,0.11,0,236,622,1
2026-08-28T15:23:30.609335,820.6,cam_13,ONLINE,0.17,0,297,163,1
2026-08-28T15:23:30.609335,820.6,cam_14,ONLINE,0.22,0,191,539,1
2026-08-28T15:23:30.609335,820.6,cam_15,ONLINE,0.41,0,449,932,1
2026-08-28T15:23:40.616630,830.6,cam_01,ONLINE,0.31,0,418,991,1
2026-08-28T15:23:40.616630,830.6,cam_02,ONLINE,0.22,0,440,1000,1
2026-08-28T15:23:40.616630,830.6,cam_03,ONLINE,0.06,0,262,685,1
2026-08-28T15:23:40.616630,830.6,cam_04,ONLINE,0.14,0,287,751,1
2026-08-28T15:23:40.616630,830.6,cam_05,ONLINE,0.14,0,344,813,1
2026-08-28T15:23:40.616630,830.6,cam_06,ONLINE,0.28,0,203,585,1
2026-08-28T15:23:40.616630,830.6,cam_07,ONLINE,0.12,0,215,559,1
2026-08-28T15:23:40.616630,830.6,cam_08,ONLINE,0.11,0,317,753,1
2026-08-28T15:23:40.616630,830.6,cam_09,ONLINE,1.88,0,424,926,1
2026-08-28T15:23:40.616630,830.6,cam_10,ONLINE,0.62,0,397,870,1
2026-08-28T15:23:40.616630,830.6,cam_11,ONLINE,0.06,0,312,814,1
2026-08-28T15:23:40.616630,830.6,cam_12,ONLINE,0.11,0,236,622,1
2026-08-28T15:23:40.616630,830.6,cam_13,ONLINE,0.17,0,297,163,1
2026-08-28T15:23:40.616630,830.6,cam_14,ONLINE,0.22,0,191,539,1
2026-08-28T15:23:40.616630,830.6,cam_15,ONLINE,0.41,0,449,932,1
2026-08-28T15:23:50.623376,840.7,cam_01,ONLINE,0.31,0,418,991,1
2026-08-28T15:23:50.623376,840.7,cam_02,ONLINE,0.22,0,440,1000,1
2026-08-28T15:23:50.623376,840.7,cam_03,ONLINE,0.06,0,262,685,1
2026-08-28T15:23:50.623376,840.7,cam_04,ONLINE,0.14,0,287,751,1
2026-08-28T15:23:50.623376,840.7,cam_05,ONLINE,0.14,0,344,813,1
2026-08-28T15:23:50.623376,840.7,cam_06,ONLINE,0.28,0,203,585,1
2026-08-28T15:23:50.623376,840.7,cam_07,ONLINE,0.12,0,215,559,1
2026-08-28T15:23:50.623376,840.7,cam_08,ONLINE,0.11,0,317,753,1
2026-08-28T15:23:50.623376,840.7,cam_09,ONLINE,1.88,0,424,926,1
2026-08-28T15:23:50.623376,840.7,cam_10,ONLINE,0.62,0,397,870,1
2026-08-28T15:23:50.623376,840.7,cam_11,ONLINE,0.06,0,312,814,1
2026-08-28T15:23:50.623376,840.7,cam_12,ONLINE,0.11,0,236,622,1
2026-08-28T15:23:50.623376,840.7,cam_13,ONLINE,0.17,0,297,163,1
2026-08-28T15:23:50.623376,840.7,cam_14,ONLINE,0.22,0,191,539,1
2026-08-28T15:23:50.623376,840.7,cam_15,ONLINE,0.41,0,449,932,1
2026-08-28T15:24:00.635486,850.7,cam_01,ONLINE,0.31,0,418,991,1
2026-08-28T15:24:00.635486,850.7,cam_02,ONLINE,0.22,0,440,1000,1
2026-08-28T15:24:00.635486,850.7,cam_03,ONLINE,0.06,0,262,685,1
2026-08-28T15:24:00.635486,850.7,cam_04,ONLINE,0.14,0,287,751,1
2026-08-28T15:24:00.635486,850.7,cam_05,ONLINE,0.14,0,344,813,1
2026-08-28T15:24:00.635486,850.7,cam_06,ONLINE,0.28,0,203,585,1
2026-08-28T15:24:00.635486,850.7,cam_07,ONLINE,0.12,0,215,559,1
2026-08-28T15:24:00.635486,850.7,cam_08,ONLINE,0.11,0,317,753,1
2026-08-28T15:24:00.635486,850.7,cam_09,ONLINE,1.88,0,424,926,1
2026-08-28T15:24:00.635486,850.7,cam_10,ONLINE,0.62,0,397,870,1
2026-08-28T15:24:00.635486,850.7,cam_11,ONLINE,0.06,0,312,814,1
2026-08-28T15:24:00.635486,850.7,cam_12,ONLINE,0.11,0,236,622,1
2026-08-28T15:24:00.635486,850.7,cam_13,ONLINE,0.17,0,297,163,1
2026-08-28T15:24:00.635486,850.7,cam_14,ONLINE,0.22,0,191,539,1
2026-08-28T15:24:00.635486,850.7,cam_15,ONLINE,0.41,0,449,932,1
2026-08-28T15:24:10.642180,860.7,cam_01,ONLINE,0.31,0,418,991,1
2026-08-28T15:24:10.642180,860.7,cam_02,ONLINE,0.22,0,440,1000,1
2026-08-28T15:24:10.642180,860.7,cam_03,ONLINE,0.06,0,262,685,1
2026-08-28T15:24:10.642180,860.7,cam_04,ONLINE,0.14,0,287,751,1
2026-08-28T15:24:10.642180,860.7,cam_05,ONLINE,0.14,0,344,813,1
2026-08-28T15:24:10.642180,860.7,cam_06,ONLINE,0.28,0,203,585,1
2026-08-28T15:24:10.642180,860.7,cam_07,ONLINE,0.12,0,215,559,1
2026-08-28T15:24:10.642180,860.7,cam_08,ONLINE,0.11,0,317,753,1
2026-08-28T15:24:10.642180,860.7,cam_09,ONLINE,1.88,0,424,926,1
2026-08-28T15:24:10.642180,860.7,cam_10,ONLINE,0.62,0,397,870,1
2026-08-28T15:24:10.642180,860.7,cam_11,ONLINE,0.06,0,312,814,1
2026-08-28T15:24:10.642180,860.7,cam_12,ONLINE,0.11,0,236,622,1
2026-08-28T15:24:10.642180,860.7,cam_13,ONLINE,0.17,0,297,163,1
2026-08-28T15:24:10.642180,860.7,cam_14,ONLINE,0.22,0,191,539,1
2026-08-28T15:24:10.642180,860.7,cam_15,ONLINE,0.41,0,449,932,1
2026-08-28T15:24:20.652928,870.7,cam_01,ONLINE,0.31,0,418,991,1
2026-08-28T15:24:20.652928,870.7,cam_02,ONLINE,0.22,0,440,1000,1
2026-08-28T15:24:20.652928,870.7,cam_03,ONLINE,0.06,0,262,685,1
2026-08-28T15:24:20.652928,870.7,cam_04,ONLINE,0.14,0,287,751,1
2026-08-28T15:24:20.652928,870.7,cam_05,ONLINE,0.14,0,344,813,1
2026-08-28T15:24:20.652928,870.7,cam_06,ONLINE,0.28,0,203,585,1
2026-08-28T15:24:20.652928,870.7,cam_07,ONLINE,0.12,0,215,559,1
2026-08-28T15:24:20.652928,870.7,cam_08,ONLINE,0.11,0,317,753,1
2026-08-28T15:24:20.652928,870.7,cam_09,ONLINE,1.88,0,424,926,1
2026-08-28T15:24:20.652928,870.7,cam_10,ONLINE,0.62,0,397,870,1
2026-08-28T15:24:20.652928,870.7,cam_11,ONLINE,0.06,0,312,814,1
2026-08-28T15:24:20.652928,870.7,cam_12,ONLINE,0.11,0,236,622,1
2026-08-28T15:24:20.652928,870.7,cam_13,ONLINE,0.17,0,297,163,1
2026-08-28T15:24:20.652928,870.7,cam_14,ONLINE,0.22,0,191,539,1
2026-08-28T15:24:20.652928,870.7,cam_15,ONLINE,0.41,0,449,932,1
2026-08-28T15:24:30.660013,880.7,cam_01,ONLINE,0.31,0,418,991,1
2026-08-28T15:24:30.660013,880.7,cam_02,ONLINE,0.22,0,440,1000,1
2026-08-28T15:24:30.660013,880.7,cam_03,ONLINE,0.06,0,262,685,1
2026-08-28T15:24:30.660013,880.7,cam_04,ONLINE,0.14,0,287,751,1
2026-08-28T15:24:30.660013,880.7,cam_05,ONLINE,0.14,0,344,813,1
2026-08-28T15:24:30.660013,880.7,cam_06,ONLINE,0.28,0,203,585,1
2026-08-28T15:24:30.660013,880.7,cam_07,ONLINE,0.12,0,215,559,1
2026-08-28T15:24:30.660013,880.7,cam_08,ONLINE,0.11,0,317,753,1
2026-08-28T15:24:30.660013,880.7,cam_09,ONLINE,1.88,0,424,926,1
2026-08-28T15:24:30.660013,880.7,cam_10,ONLINE,0.62,0,397,870,1
2026-08-28T15:24:30.660013,880.7,cam_11,ONLINE,0.06,0,312,814,1
2026-08-28T15:24:30.660013,880.7,cam_12,ONLINE,0.11,0,236,622,1
2026-08-28T15:24:30.660013,880.7,cam_13,ONLINE,0.17,0,297,163,1
2026-08-28T15:24:30.660013,880.7,cam_14,ONLINE,0.22,0,191,539,1
2026-08-28T15:24:30.660013,880.7,cam_15,ONLINE,0.41,0,449,932,1
2026-08-28T15:24:40.667523,890.7,cam_01,ONLINE,0.31,0,418,991,1
2026-08-28T15:24:40.667523,890.7,cam_02,ONLINE,0.22,0,440,1000,1
2026-08-28T15:24:40.667523,890.7,cam_03,ONLINE,0.06,0,262,685,1
2026-08-28T15:24:40.667523,890.7,cam_04,ONLINE,0.14,0,287,751,1
2026-08-28T15:24:40.667523,890.7,cam_05,ONLINE,0.14,0,344,813,1
2026-08-28T15:24:40.667523,890.7,cam_06,ONLINE,0.28,0,203,585,1
2026-08-28T15:24:40.667523,890.7,cam_07,ONLINE,0.12,0,215,559,1
2026-08-28T15:24:40.667523,890.7,cam_08,ONLINE,0.11,0,317,753,1
2026-08-28T15:24:40.667523,890.7,cam_09,ONLINE,1.88,0,424,926,1
2026-08-28T15:24:40.667523,890.7,cam_10,ONLINE,0.62,0,397,870,1
2026-08-28T15:24:40.667523,890.7,cam_11,ONLINE,0.06,0,312,814,1
2026-08-28T15:24:40.667523,890.7,cam_12,ONLINE,0.11,0,236,622,1
2026-08-28T15:24:40.667523,890.7,cam_13,ONLINE,0.17,0,297,163,1
2026-08-28T15:24:40.667523,890.7,cam_14,ONLINE,0.22,0,191,539,1
2026-08-28T15:24:40.667523,890.7,cam_15,ONLINE,0.41,0,449,932,1
2026-08-28T15:24:50.672448,900.7,cam_01,ONLINE,0.31,0,418,991,1
2026-08-28T15:24:50.672448,900.7,cam_02,ONLINE,0.22,0,440,1000,1
2026-08-28T15:24:50.672448,900.7,cam_03,ONLINE,0.06,0,262,685,1
2026-08-28T15:24:50.672448,900.7,cam_04,ONLINE,0.14,0,287,751,1
2026-08-28T15:24:50.672448,900.7,cam_05,ONLINE,0.14,0,344,813,1
2026-08-28T15:24:50.672448,900.7,cam_06,ONLINE,0.28,0,203,585,1
2026-08-28T15:24:50.672448,900.7,cam_07,ONLINE,0.12,0,215,559,1
2026-08-28T15:24:50.672448,900.7,cam_08,ONLINE,0.11,0,317,753,1
2026-08-28T15:24:50.672448,900.7,cam_09,ONLINE,1.88,0,424,926,1
2026-08-28T15:24:50.672448,900.7,cam_10,ONLINE,0.62,0,397,870,1
2026-08-28T15:24:50.672448,900.7,cam_11,ONLINE,0.06,0,312,814,1
2026-08-28T15:24:50.672448,900.7,cam_12,ONLINE,0.11,0,236,622,1
2026-08-28T15:24:50.672448,900.7,cam_13,ONLINE,0.17,0,297,163,1
2026-08-28T15:24:50.672448,900.7,cam_14,ONLINE,0.22,0,191,539,1
2026-08-28T15:24:50.672448,900.7,cam_15,ONLINE,0.41,0,449,932,1
2026-08-28T15:25:00.687931,910.7,cam_01,ONLINE,0.31,0,418,991,1
2026-08-28T15:25:00.687931,910.7,cam_02,ONLINE,0.22,0,440,1000,1
2026-08-28T15:25:00.687931,910.7,cam_03,ONLINE,0.06,0,262,685,1
2026-08-28T15:25:00.687931,910.7,cam_04,ONLINE,0.14,0,287,751,1
2026-08-28T15:25:00.687931,910.7,cam_05,ONLINE,0.14,0,344,813,1
2026-08-28T15:25:00.687931,910.7,cam_06,ONLINE,0.28,0,203,585,1
2026-08-28T15:25:00.687931,910.7,cam_07,ONLINE,0.12,0,215,559,1
2026-08-28T15:25:00.687931,910.7,cam_08,ONLINE,0.11,0,317,753,1
2026-08-28T15:25:00.687931,910.7,cam_09,ONLINE,1.88,0,424,926,1
2026-08-28T15:25:00.687931,910.7,cam_10,ONLINE,0.62,0,397,870,1
2026-08-28T15:25:00.687931,910.7,cam_11,ONLINE,0.06,0,312,814,1
2026-08-28T15:25:00.687931,910.7,cam_12,ONLINE,0.11,0,236,622,1
2026-08-28T15:25:00.687931,910.7,cam_13,ONLINE,0.17,0,297,163,1
2026-08-28T15:25:00.687931,910.7,cam_14,ONLINE,0.22,0,191,539,1
2026-08-28T15:25:00.687931,910.7,cam_15,ONLINE,0.41,0,449,932,1
2026-08-28T15:25:10.693795,920.7,cam_01,ONLINE,0.31,0,418,991,1
2026-08-28T15:25:10.693795,920.7,cam_02,ONLINE,0.22,0,440,1000,1
2026-08-28T15:25:10.693795,920.7,cam_03,ONLINE,0.06,0,262,685,1
2026-08-28T15:25:10.693795,920.7,cam_04,ONLINE,0.14,0,287,751,1
2026-08-28T15:25:10.693795,920.7,cam_05,ONLINE,0.14,0,344,813,1
2026-08-28T15:25:10.693795,920.7,cam_06,ONLINE,0.28,0,203,585,1
2026-08-28T15:25:10.693795,920.7,cam_07,ONLINE,0.12,0,215,559,1
2026-08-28T15:25:10.693795,920.7,cam_08,ONLINE,0.11,0,317,753,1
2026-08-28T15:25:10.693795,920.7,cam_09,ONLINE,1.88,0,424,926,1
2026-08-28T15:25:10.693795,920.7,cam_10,ONLINE,0.62,0,397,870,1
2026-08-28T15:25:10.693795,920.7,cam_11,ONLINE,0.06,0,312,814,1
2026-08-28T15:25:10.693795,920.7,cam_12,ONLINE,0.11,0,236,622,1
2026-08-28T15:25:10.693795,920.7,cam_13,ONLINE,0.17,0,297,163,1
2026-08-28T15:25:10.693795,920.7,cam_14,ONLINE,0.22,0,191,539,1
2026-08-28T15:25:10.693795,920.7,cam_15,ONLINE,0.41,0,449,932,1
2026-08-28T15:25:20.700967,930.7,cam_01,ONLINE,0.31,0,418,991,1
2026-08-28T15:25:20.700967,930.7,cam_02,ONLINE,0.22,0,440,1000,1
2026-08-28T15:25:20.700967,930.7,cam_03,ONLINE,0.06,0,262,685,1
2026-08-28T15:25:20.700967,930.7,cam_04,ONLINE,0.14,0,287,751,1
2026-08-28T15:25:20.700967,930.7,cam_05,ONLINE,0.14,0,344,813,1
2026-08-28T15:25:20.700967,930.7,cam_06,ONLINE,0.28,0,203,585,1
2026-08-28T15:25:20.700967,930.7,cam_07,ONLINE,0.12,0,215,559,1
2026-08-28T15:25:20.700967,930.7,cam_08,ONLINE,0.11,0,317,753,1
2026-08-28T15:25:20.700967,930.7,cam_09,ONLINE,1.88,0,424,926,1
2026-08-28T15:25:20.700967,930.7,cam_10,ONLINE,0.62,0,397,870,1
2026-08-28T15:25:20.700967,930.7,cam_11,ONLINE,0.06,0,312,814,1
2026-08-28T15:25:20.700967,930.7,cam_12,ONLINE,0.11,0,236,622,1
2026-08-28T15:25:20.700967,930.7,cam_13,ONLINE,0.17,0,297,163,1
2026-08-28T15:25:20.700967,930.7,cam_14,ONLINE,0.22,0,191,539,1
2026-08-28T15:25:20.700967,930.7,cam_15,ONLINE,0.41,0,449,932,1
2026-08-28T15:25:30.709517,940.7,cam_01,ONLINE,0.31,0,418,991,1
2026-08-28T15:25:30.709517,940.7,cam_02,ONLINE,0.22,0,440,1000,1
2026-08-28T15:25:30.709517,940.7,cam_03,ONLINE,0.06,0,262,685,1
2026-08-28T15:25:30.709517,940.7,cam_04,ONLINE,0.14,0,287,751,1
2026-08-28T15:25:30.709517,940.7,cam_05,ONLINE,0.14,0,344,813,1
2026-08-28T15:25:30.709517,940.7,cam_06,ONLINE,0.28,0,203,585,1
2026-08-28T15:25:30.709517,940.7,cam_07,ONLINE,0.12,0,215,559,1
2026-08-28T15:25:30.709517,940.7,cam_08,ONLINE,0.11,0,317,753,1
2026-08-28T15:25:30.709517,940.7,cam_09,ONLINE,1.88,0,424,926,1
2026-08-28T15:25:30.709517,940.7,cam_10,ONLINE,0.62,0,397,870,1
2026-08-28T15:25:30.709517,940.7,cam_11,ONLINE,0.06,0,312,814,1
2026-08-28T15:25:30.709517,940.7,cam_12,ONLINE,0.11,0,236,622,1
2026-08-28T15:25:30.709517,940.7,cam_13,ONLINE,0.17,0,297,163,1
2026-08-28T15:25:30.709517,940.7,cam_14,ONLINE,0.22,0,191,539,1
2026-08-28T15:25:30.709517,940.7,cam_15,ONLINE,0.41,0,449,932,1
2026-08-28T15:25:40.720085,950.8,cam_01,ONLINE,0.31,0,418,991,1
2026-08-28T15:25:40.720085,950.8,cam_02,ONLINE,0.22,0,440,1000,1
2026-08-28T15:25:40.720085,950.8,cam_03,ONLINE,0.06,0,262,685,1
2026-08-28T15:25:40.720085,950.8,cam_04,ONLINE,0.14,0,287,751,1
2026-08-28T15:25:40.720085,950.8,cam_05,ONLINE,0.14,0,344,813,1
2026-08-28T15:25:40.720085,950.8,cam_06,ONLINE,0.28,0,203,585,1
2026-08-28T15:25:40.720085,950.8,cam_07,ONLINE,0.12,0,215,559,1
2026-08-28T15:25:40.720085,950.8,cam_08,ONLINE,0.11,0,317,753,1
2026-08-28T15:25:40.720085,950.8,cam_09,ONLINE,1.88,0,424,926,1
2026-08-28T15:25:40.720085,950.8,cam_10,ONLINE,0.62,0,397,870,1
2026-08-28T15:25:40.720085,950.8,cam_11,ONLINE,0.06,0,312,814,1
2026-08-28T15:25:40.720085,950.8,cam_12,ONLINE,0.11,0,236,622,1
2026-08-28T15:25:40.720085,950.8,cam_13,ONLINE,0.17,0,297,163,1
2026-08-28T15:25:40.720085,950.8,cam_14,ONLINE,0.22,0,191,539,1
2026-08-28T15:25:40.720085,950.8,cam_15,ONLINE,0.41,0,449,932,1
2026-08-28T15:25:50.730057,960.8,cam_01,ONLINE,0.31,0,418,991,1
2026-08-28T15:25:50.730057,960.8,cam_02,ONLINE,0.22,0,440,1000,1
2026-08-28T15:25:50.730057,960.8,cam_03,ONLINE,0.06,0,262,685,1
2026-08-28T15:25:50.730057,960.8,cam_04,ONLINE,0.14,0,287,751,1
2026-08-28T15:25:50.730057,960.8,cam_05,ONLINE,0.14,0,344,813,1
2026-08-28T15:25:50.730057,960.8,cam_06,ONLINE,0.28,0,203,585,1
2026-08-28T15:25:50.730057,960.8,cam_07,ONLINE,0.12,0,215,559,1
2026-08-28T15:25:50.730057,960.8,cam_08,ONLINE,0.11,0,317,753,1
2026-08-28T15:25:50.730057,960.8,cam_09,ONLINE,1.88,0,424,926,1
2026-08-28T15:25:50.730057,960.8,cam_10,ONLINE,0.62,0,397,870,1
2026-08-28T15:25:50.730057,960.8,cam_11,ONLINE,0.06,0,312,814,1
2026-08-28T15:25:50.730057,960.8,cam_12,ONLINE,0.11,0,236,622,1
2026-08-28T15:25:50.730057,960.8,cam_13,ONLINE,0.17,0,297,163,1
2026-08-28T15:25:50.730057,960.8,cam_14,ONLINE,0.22,0,191,539,1
2026-08-28T15:25:50.730057,960.8,cam_15,ONLINE,0.41,0,449,932,1
2026-08-28T15:26:00.741571,970.8,cam_01,ONLINE,0.31,0,418,991,1
2026-08-28T15:26:00.741571,970.8,cam_02,ONLINE,0.22,0,440,1000,1
2026-08-28T15:26:00.741571,970.8,cam_03,ONLINE,0.06,0,262,685,1
2026-08-28T15:26:00.741571,970.8,cam_04,ONLINE,0.14,0,287,751,1
2026-08-28T15:26:00.741571,970.8,cam_05,ONLINE,0.14,0,344,813,1
2026-08-28T15:26:00.741571,970.8,cam_06,ONLINE,0.28,0,203,585,1
2026-08-28T15:26:00.741571,970.8,cam_07,ONLINE,0.12,0,215,559,1
2026-08-28T15:26:00.741571,970.8,cam_08,ONLINE,0.11,0,317,753,1
2026-08-28T15:26:00.741571,970.8,cam_09,ONLINE,1.88,0,424,926,1
2026-08-28T15:26:00.741571,970.8,cam_10,ONLINE,0.62,0,397,870,1
2026-08-28T15:26:00.741571,970.8,cam_11,ONLINE,0.06,0,312,814,1
2026-08-28T15:26:00.741571,970.8,cam_12,ONLINE,0.11,0,236,622,1
2026-08-28T15:26:00.741571,970.8,cam_13,ONLINE,0.17,0,297,163,1
2026-08-28T15:26:00.741571,970.8,cam_14,ONLINE,0.22,0,191,539,1
2026-08-28T15:26:00.741571,970.8,cam_15,ONLINE,0.41,0,449,932,1
2026-08-28T15:26:10.750450,980.8,cam_01,ONLINE,0.31,0,418,991,1
2026-08-28T15:26:10.750450,980.8,cam_02,ONLINE,0.22,0,440,1000,1
2026-08-28T15:26:10.750450,980.8,cam_03,ONLINE,0.06,0,262,685,1
2026-08-28T15:26:10.750450,980.8,cam_04,ONLINE,0.14,0,287,751,1
2026-08-28T15:26:10.750450,980.8,cam_05,ONLINE,0.14,0,344,813,1
2026-08-28T15:26:10.750450,980.8,cam_06,ONLINE,0.28,0,203,585,1
2026-08-28T15:26:10.750450,980.8,cam_07,ONLINE,0.12,0,215,559,1
2026-08-28T15:26:10.750450,980.8,cam_08,ONLINE,0.11,0,317,753,1
2026-08-28T15:26:10.750450,980.8,cam_09,ONLINE,1.88,0,424,926,1
2026-08-28T15:26:10.750450,980.8,cam_10,ONLINE,0.62,0,397,870,1
2026-08-28T15:26:10.750450,980.8,cam_11,ONLINE,0.06,0,312,814,1
2026-08-28T15:26:10.750450,980.8,cam_12,ONLINE,0.11,0,236,622,1
2026-08-28T15:26:10.750450,980.8,cam_13,ONLINE,0.17,0,297,163,1
2026-08-28T15:26:10.750450,980.8,cam_14,ONLINE,0.22,0,191,539,1
2026-08-28T15:26:10.750450,980.8,cam_15,ONLINE,0.41,0,449,932,1
2026-08-28T15:26:20.758169,990.8,cam_01,ONLINE,0.31,0,418,991,1
2026-08-28T15:26:20.758169,990.8,cam_02,ONLINE,0.22,0,440,1000,1
2026-08-28T15:26:20.758169,990.8,cam_03,ONLINE,0.06,0,262,685,1
2026-08-28T15:26:20.758169,990.8,cam_04,ONLINE,0.14,0,287,751,1
2026-08-28T15:26:20.758169,990.8,cam_05,ONLINE,0.14,0,344,813,1
2026-08-28T15:26:20.758169,990.8,cam_06,ONLINE,0.28,0,203,585,1
2026-08-28T15:26:20.758169,990.8,cam_07,ONLINE,0.12,0,215,559,1
2026-08-28T15:26:20.758169,990.8,cam_08,ONLINE,0.11,0,317,753,1
2026-08-28T15:26:20.758169,990.8,cam_09,ONLINE,1.88,0,424,926,1
2026-08-28T15:26:20.758169,990.8,cam_10,ONLINE,0.62,0,397,870,1
2026-08-28T15:26:20.758169,990.8,cam_11,ONLINE,0.06,0,312,814,1
2026-08-28T15:26:20.758169,990.8,cam_12,ONLINE,0.11,0,236,622,1
2026-08-28T15:26:20.758169,990.8,cam_13,ONLINE,0.17,0,297,163,1
2026-08-28T15:26:20.758169,990.8,cam_14,ONLINE,0.22,0,191,539,1
2026-08-28T15:26:20.758169,990.8,cam_15,ONLINE,0.41,0,449,932,1
2026-08-28T15:26:30.765462,1000.8,cam_01,ONLINE,0.31,0,418,991,1
2026-08-28T15:26:30.765462,1000.8,cam_02,ONLINE,0.22,0,440,1000,1
2026-08-28T15:26:30.765462,1000.8,cam_03,ONLINE,0.06,0,262,685,1
2026-08-28T15:26:30.765462,1000.8,cam_04,ONLINE,0.14,0,287,751,1
2026-08-28T15:26:30.765462,1000.8,cam_05,ONLINE,0.14,0,344,813,1
2026-08-28T15:26:30.765462,1000.8,cam_06,ONLINE,0.28,0,203,585,1
2026-08-28T15:26:30.765462,1000.8,cam_07,ONLINE,0.12,0,215,559,1
2026-08-28T15:26:30.765462,1000.8,cam_08,ONLINE,0.11,0,317,753,1
2026-08-28T15:26:30.765462,1000.8,cam_09,ONLINE,1.88,0,424,926,1
2026-08-28T15:26:30.765462,1000.8,cam_10,ONLINE,0.62,0,397,870,1
2026-08-28T15:26:30.765462,1000.8,cam_11,ONLINE,0.06,0,312,814,1
2026-08-28T15:26:30.765462,1000.8,cam_12,ONLINE,0.11,0,236,622,1
2026-08-28T15:26:30.765462,1000.8,cam_13,ONLINE,0.17,0,297,163,1
2026-08-28T15:26:30.765462,1000.8,cam_14,ONLINE,0.22,0,191,539,1
2026-08-28T15:26:30.765462,1000.8,cam_15,ONLINE,0.41,0,449,932,1
2026-08-28T15:26:40.868936,1010.9,cam_01,ONLINE,0.31,0,418,991,1
2026-08-28T15:26:40.868936,1010.9,cam_02,ONLINE,0.22,0,440,1000,1
2026-08-28T15:26:40.868936,1010.9,cam_03,ONLINE,0.06,0,262,685,1
2026-08-28T15:26:40.868936,1010.9,cam_04,ONLINE,0.14,0,287,751,1
2026-08-28T15:26:40.868936,1010.9,cam_05,ONLINE,0.14,0,344,813,1
2026-08-28T15:26:40.868936,1010.9,cam_06,ONLINE,0.28,0,203,585,1
2026-08-28T15:26:40.868936,1010.9,cam_07,ONLINE,0.12,0,215,559,1
2026-08-28T15:26:40.868936,1010.9,cam_08,ONLINE,0.11,0,317,753,1
2026-08-28T15:26:40.868936,1010.9,cam_09,ONLINE,1.88,0,424,926,1
2026-08-28T15:26:40.868936,1010.9,cam_10,ONLINE,0.62,0,397,870,1
2026-08-28T15:26:40.868936,1010.9,cam_11,ONLINE,0.06,0,312,814,1
2026-08-28T15:26:40.868936,1010.9,cam_12,ONLINE,0.11,0,236,622,1
2026-08-28T15:26:40.868936,1010.9,cam_13,ONLINE,0.17,0,297,163,1
2026-08-28T15:26:40.868936,1010.9,cam_14,ONLINE,0.22,0,191,539,1
2026-08-28T15:26:40.868936,1010.9,cam_15,ONLINE,0.41,0,449,932,1
2026-08-28T15:26:50.874921,1020.9,cam_01,ONLINE,0.31,0,418,991,1
2026-08-28T15:26:50.874921,1020.9,cam_02,ONLINE,0.22,0,440,1000,1
2026-08-28T15:26:50.874921,1020.9,cam_03,ONLINE,0.06,0,262,685,1
2026-08-28T15:26:50.874921,1020.9,cam_04,ONLINE,0.14,0,287,751,1
2026-08-28T15:26:50.874921,1020.9,cam_05,ONLINE,0.14,0,344,813,1
2026-08-28T15:26:50.874921,1020.9,cam_06,ONLINE,0.28,0,203,585,1
2026-08-28T15:26:50.874921,1020.9,cam_07,ONLINE,0.12,0,215,559,1
2026-08-28T15:26:50.874921,1020.9,cam_08,ONLINE,0.11,0,317,753,1
2026-08-28T15:26:50.874921,1020.9,cam_09,ONLINE,1.88,0,424,926,1
2026-08-28T15:26:50.874921,1020.9,cam_10,ONLINE,0.62,0,397,870,1
2026-08-28T15:26:50.874921,1020.9,cam_11,ONLINE,0.06,0,312,814,1
2026-08-28T15:26:50.874921,1020.9,cam_12,ONLINE,0.11,0,236,622,1
2026-08-28T15:26:50.874921,1020.9,cam_13,ONLINE,0.17,0,297,163,1
2026-08-28T15:26:50.874921,1020.9,cam_14,ONLINE,0.22,0,191,539,1
2026-08-28T15:26:50.874921,1020.9,cam_15,ONLINE,0.41,0,449,932,1
2026-08-28T15:27:00.888394,1030.9,cam_01,ONLINE,0.31,0,418,991,1
2026-08-28T15:27:00.888394,1030.9,cam_02,ONLINE,0.22,0,440,1000,1
2026-08-28T15:27:00.888394,1030.9,cam_03,ONLINE,0.06,0,262,685,1
2026-08-28T15:27:00.888394,1030.9,cam_04,ONLINE,0.14,0,287,751,1
2026-08-28T15:27:00.888394,1030.9,cam_05,ONLINE,0.14,0,344,813,1
2026-08-28T15:27:00.888394,1030.9,cam_06,ONLINE,0.28,0,203,585,1
2026-08-28T15:27:00.888394,1030.9,cam_07,ONLINE,0.12,0,215,559,1
2026-08-28T15:27:00.888394,1030.9,cam_08,ONLINE,0.11,0,317,753,1
2026-08-28T15:27:00.888394,1030.9,cam_09,ONLINE,1.88,0,424,926,1
2026-08-28T15:27:00.888394,1030.9,cam_10,ONLINE,0.62,0,397,870,1
2026-08-28T15:27:00.888394,1030.9,cam_11,ONLINE,0.06,0,312,814,1
2026-08-28T15:27:00.888394,1030.9,cam_12,ONLINE,0.11,0,236,622,1
2026-08-28T15:27:00.888394,1030.9,cam_13,ONLINE,0.17,0,297,163,1
2026-08-28T15:27:00.888394,1030.9,cam_14,ONLINE,0.22,0,191,539,1
2026-08-28T15:27:00.888394,1030.9,cam_15,ONLINE,0.41,0,449,932,1
2026-08-28T15:27:10.894974,1040.9,cam_01,ONLINE,0.31,0,418,991,1
2026-08-28T15:27:10.894974,1040.9,cam_02,ONLINE,0.22,0,440,1000,1
2026-08-28T15:27:10.894974,1040.9,cam_03,ONLINE,0.06,0,262,685,1
2026-08-28T15:27:10.894974,1040.9,cam_04,ONLINE,0.14,0,287,751,1
2026-08-28T15:27:10.894974,1040.9,cam_05,ONLINE,0.14,0,344,813,1
2026-08-28T15:27:10.894974,1040.9,cam_06,ONLINE,0.28,0,203,585,1
2026-08-28T15:27:10.894974,1040.9,cam_07,ONLINE,0.12,0,215,559,1
2026-08-28T15:27:10.894974,1040.9,cam_08,ONLINE,0.11,0,317,753,1
2026-08-28T15:27:10.894974,1040.9,cam_09,ONLINE,1.88,0,424,926,1
2026-08-28T15:27:10.894974,1040.9,cam_10,ONLINE,0.62,0,397,870,1
2026-08-28T15:27:10.894974,1040.9,cam_11,ONLINE,0.06,0,312,814,1
2026-08-28T15:27:10.894974,1040.9,cam_12,ONLINE,0.11,0,236,622,1
2026-08-28T15:27:10.894974,1040.9,cam_13,ONLINE,0.17,0,297,163,1
2026-08-28T15:27:10.894974,1040.9,cam_14,ONLINE,0.22,0,191,539,1
2026-08-28T15:27:10.894974,1040.9,cam_15,ONLINE,0.41,0,449,932,1
2026-08-28T15:27:20.902382,1050.9,cam_01,ONLINE,0.31,0,418,991,1
2026-08-28T15:27:20.902382,1050.9,cam_02,ONLINE,0.22,0,440,1000,1
2026-08-28T15:27:20.902382,1050.9,cam_03,ONLINE,0.06,0,262,685,1
2026-08-28T15:27:20.902382,1050.9,cam_04,ONLINE,0.14,0,287,751,1
2026-08-28T15:27:20.902382,1050.9,cam_05,ONLINE,0.14,0,344,813,1
2026-08-28T15:27:20.902382,1050.9,cam_06,ONLINE,0.28,0,203,585,1
2026-08-28T15:27:20.902382,1050.9,cam_07,ONLINE,0.12,0,215,559,1
2026-08-28T15:27:20.902382,1050.9,cam_08,ONLINE,0.11,0,317,753,1
2026-08-28T15:27:20.902382,1050.9,cam_09,ONLINE,1.88,0,424,926,1
2026-08-28T15:27:20.902382,1050.9,cam_10,ONLINE,0.62,0,397,870,1
2026-08-28T15:27:20.902382,1050.9,cam_11,ONLINE,0.06,0,312,814,1
2026-08-28T15:27:20.902382,1050.9,cam_12,ONLINE,0.11,0,236,622,1
2026-08-28T15:27:20.902382,1050.9,cam_13,ONLINE,0.17,0,297,163,1
2026-08-28T15:27:20.902382,1050.9,cam_14,ONLINE,0.22,0,191,539,1
2026-08-28T15:27:20.902382,1050.9,cam_15,ONLINE,0.41,0,449,932,1
2026-08-28T15:27:30.911466,1060.9,cam_01,ONLINE,0.31,0,418,991,1
2026-08-28T15:27:30.911466,1060.9,cam_02,ONLINE,0.22,0,440,1000,1
2026-08-28T15:27:30.911466,1060.9,cam_03,ONLINE,0.06,0,262,685,1
2026-08-28T15:27:30.911466,1060.9,cam_04,ONLINE,0.14,0,287,751,1
2026-08-28T15:27:30.911466,1060.9,cam_05,ONLINE,0.14,0,344,813,1
2026-08-28T15:27:30.911466,1060.9,cam_06,ONLINE,0.28,0,203,585,1
2026-08-28T15:27:30.911466,1060.9,cam_07,ONLINE,0.12,0,215,559,1
2026-08-28T15:27:30.911466,1060.9,cam_08,ONLINE,0.11,0,317,753,1
2026-08-28T15:27:30.911466,1060.9,cam_09,ONLINE,1.88,0,424,926,1
2026-08-28T15:27:30.911466,1060.9,cam_10,ONLINE,0.62,0,397,870,1
2026-08-28T15:27:30.911466,1060.9,cam_11,ONLINE,0.06,0,312,814,1
2026-08-28T15:27:30.911466,1060.9,cam_12,ONLINE,0.11,0,236,622,1
2026-08-28T15:27:30.911466,1060.9,cam_13,ONLINE,0.17,0,297,163,1
2026-08-28T15:27:30.911466,1060.9,cam_14,ONLINE,0.22,0,191,539,1
2026-08-28T15:27:30.911466,1060.9,cam_15,ONLINE,0.41,0,449,932,1
2026-08-28T15:27:40.922520,1071.0,cam_01,ONLINE,0.31,0,418,991,1
2026-08-28T15:27:40.922520,1071.0,cam_02,ONLINE,0.22,0,440,1000,1
2026-08-28T15:27:40.922520,1071.0,cam_03,ONLINE,0.06,0,262,685,1
2026-08-28T15:27:40.922520,1071.0,cam_04,ONLINE,0.14,0,287,751,1
2026-08-28T15:27:40.922520,1071.0,cam_05,ONLINE,0.14,0,344,813,1
2026-08-28T15:27:40.922520,1071.0,cam_06,ONLINE,0.28,0,203,585,1
2026-08-28T15:27:40.922520,1071.0,cam_07,ONLINE,0.12,0,215,559,1
2026-08-28T15:27:40.922520,1071.0,cam_08,ONLINE,0.11,0,317,753,1
2026-08-28T15:27:40.922520,1071.0,cam_09,ONLINE,1.88,0,424,926,1
2026-08-28T15:27:40.922520,1071.0,cam_10,ONLINE,0.62,0,397,870,1
2026-08-28T15:27:40.922520,1071.0,cam_11,ONLINE,0.06,0,312,814,1
2026-08-28T15:27:40.922520,1071.0,cam_12,ONLINE,0.11,0,236,622,1
2026-08-28T15:27:40.922520,1071.0,cam_13,ONLINE,0.17,0,297,163,1
2026-08-28T15:27:40.922520,1071.0,cam_14,ONLINE,0.22,0,191,539,1
2026-08-28T15:27:40.922520,1071.0,cam_15,ONLINE,0.41,0,449,932,1
2026-08-28T15:27:50.927342,1081.0,cam_01,ONLINE,0.31,0,418,991,1
2026-08-28T15:27:50.927342,1081.0,cam_02,ONLINE,0.22,0,440,1000,1
2026-08-28T15:27:50.927342,1081.0,cam_03,ONLINE,0.06,0,262,685,1
2026-08-28T15:27:50.927342,1081.0,cam_04,ONLINE,0.14,0,287,751,1
2026-08-28T15:27:50.927342,1081.0,cam_05,ONLINE,0.14,0,344,813,1
2026-08-28T15:27:50.927342,1081.0,cam_06,ONLINE,0.28,0,203,585,1
2026-08-28T15:27:50.927342,1081.0,cam_07,ONLINE,0.12,0,215,559,1
2026-08-28T15:27:50.927342,1081.0,cam_08,ONLINE,0.11,0,317,753,1
2026-08-28T15:27:50.927342,1081.0,cam_09,ONLINE,1.88,0,424,926,1
2026-08-28T15:27:50.927342,1081.0,cam_10,ONLINE,0.62,0,397,870,1
2026-08-28T15:27:50.927342,1081.0,cam_11,ONLINE,0.06,0,312,814,1
2026-08-28T15:27:50.927342,1081.0,cam_12,ONLINE,0.11,0,236,622,1
2026-08-28T15:27:50.927342,1081.0,cam_13,ONLINE,0.17,0,297,163,1
2026-08-28T15:27:50.927342,1081.0,cam_14,ONLINE,0.22,0,191,539,1
2026-08-28T15:27:50.927342,1081.0,cam_15,ONLINE,0.41,0,449,932,1
2026-08-28T15:28:00.938792,1091.0,cam_01,ONLINE,0.31,0,418,991,1
2026-08-28T15:28:00.938792,1091.0,cam_02,ONLINE,0.22,0,440,1000,1
2026-08-28T15:28:00.938792,1091.0,cam_03,ONLINE,0.06,0,262,685,1
2026-08-28T15:28:00.938792,1091.0,cam_04,ONLINE,0.14,0,287,751,1
2026-08-28T15:28:00.938792,1091.0,cam_05,ONLINE,0.14,0,344,813,1
2026-08-28T15:28:00.938792,1091.0,cam_06,ONLINE,0.28,0,203,585,1
2026-08-28T15:28:00.938792,1091.0,cam_07,ONLINE,0.12,0,215,559,1
2026-08-28T15:28:00.938792,1091.0,cam_08,ONLINE,0.11,0,317,753,1
2026-08-28T15:28:00.938792,1091.0,cam_09,ONLINE,1.88,0,424,926,1
2026-08-28T15:28:00.938792,1091.0,cam_10,ONLINE,0.62,0,397,870,1
2026-08-28T15:28:00.938792,1091.0,cam_11,ONLINE,0.06,0,312,814,1
2026-08-28T15:28:00.938792,1091.0,cam_12,ONLINE,0.11,0,236,622,1
2026-08-28T15:28:00.938792,1091.0,cam_13,ONLINE,0.17,0,297,163,1
2026-08-28T15:28:00.938792,1091.0,cam_14,ONLINE,0.22,0,191,539,1
2026-08-28T15:28:00.938792,1091.0,cam_15,ONLINE,0.41,0,449,932,1
2026-08-28T15:28:10.945454,1101.0,cam_01,ONLINE,0.31,0,418,991,1
2026-08-28T15:28:10.945454,1101.0,cam_02,ONLINE,0.22,0,440,1000,1
2026-08-28T15:28:10.945454,1101.0,cam_03,ONLINE,0.06,0,262,685,1
2026-08-28T15:28:10.945454,1101.0,cam_04,ONLINE,0.14,0,287,751,1
2026-08-28T15:28:10.945454,1101.0,cam_05,ONLINE,0.14,0,344,813,1
2026-08-28T15:28:10.945454,1101.0,cam_06,ONLINE,0.28,0,203,585,1
2026-08-28T15:28:10.945454,1101.0,cam_07,ONLINE,0.12,0,215,559,1
2026-08-28T15:28:10.945454,1101.0,cam_08,ONLINE,0.11,0,317,753,1
2026-08-28T15:28:10.945454,1101.0,cam_09,ONLINE,1.88,0,424,926,1
2026-08-28T15:28:10.945454,1101.0,cam_10,ONLINE,0.62,0,397,870,1
2026-08-28T15:28:10.945454,1101.0,cam_11,ONLINE,0.06,0,312,814,1
2026-08-28T15:28:10.945454,1101.0,cam_12,ONLINE,0.11,0,236,622,1
2026-08-28T15:28:10.945454,1101.0,cam_13,ONLINE,0.17,0,297,163,1
2026-08-28T15:28:10.945454,1101.0,cam_14,ONLINE,0.22,0,191,539,1
2026-08-28T15:28:10.945454,1101.0,cam_15,ONLINE,0.41,0,449,932,1
2026-08-28T15:28:20.951914,1111.0,cam_01,ONLINE,0.31,0,418,991,1
2026-08-28T15:28:20.951914,1111.0,cam_02,ONLINE,0.22,0,440,1000,1
2026-08-28T15:28:20.951914,1111.0,cam_03,ONLINE,0.06,0,262,685,1
2026-08-28T15:28:20.951914,1111.0,cam_04,ONLINE,0.14,0,287,751,1
2026-08-28T15:28:20.951914,1111.0,cam_05,ONLINE,0.14,0,344,813,1
2026-08-28T15:28:20.951914,1111.0,cam_06,ONLINE,0.28,0,203,585,1
2026-08-28T15:28:20.951914,1111.0,cam_07,ONLINE,0.12,0,215,559,1
2026-08-28T15:28:20.951914,1111.0,cam_08,ONLINE,0.11,0,317,753,1
2026-08-28T15:28:20.951914,1111.0,cam_09,ONLINE,1.88,0,424,926,1
2026-08-28T15:28:20.951914,1111.0,cam_10,ONLINE,0.62,0,397,870,1
2026-08-28T15:28:20.951914,1111.0,cam_11,ONLINE,0.06,0,312,814,1
2026-08-28T15:28:20.951914,1111.0,cam_12,ONLINE,0.11,0,236,622,1
2026-08-28T15:28:20.951914,1111.0,cam_13,ONLINE,0.17,0,297,163,1
2026-08-28T15:28:20.951914,1111.0,cam_14,ONLINE,0.22,0,191,539,1
2026-08-28T15:28:20.951914,1111.0,cam_15,ONLINE,0.41,0,449,932,1
2026-08-28T15:28:30.959725,1121.0,cam_01,ONLINE,0.31,0,418,991,1
2026-08-28T15:28:30.959725,1121.0,cam_02,ONLINE,0.22,0,440,1000,1
2026-08-28T15:28:30.959725,1121.0,cam_03,ONLINE,0.06,0,262,685,1
2026-08-28T15:28:30.959725,1121.0,cam_04,ONLINE,0.14,0,287,751,1
2026-08-28T15:28:30.959725,1121.0,cam_05,ONLINE,0.14,0,344,813,1
2026-08-28T15:28:30.959725,1121.0,cam_06,ONLINE,0.28,0,203,585,1
2026-08-28T15:28:30.959725,1121.0,cam_07,ONLINE,0.12,0,215,559,1
2026-08-28T15:28:30.959725,1121.0,cam_08,ONLINE,0.11,0,317,753,1
2026-08-28T15:28:30.959725,1121.0,cam_09,ONLINE,1.88,0,424,926,1
2026-08-28T15:28:30.959725,1121.0,cam_10,ONLINE,0.62,0,397,870,1
2026-08-28T15:28:30.959725,1121.0,cam_11,ONLINE,0.06,0,312,814,1
2026-08-28T15:28:30.959725,1121.0,cam_12,ONLINE,0.11,0,236,622,1
2026-08-28T15:28:30.959725,1121.0,cam_13,ONLINE,0.17,0,297,163,1
2026-08-28T15:28:30.959725,1121.0,cam_14,ONLINE,0.22,0,191,539,1
2026-08-28T15:28:30.959725,1121.0,cam_15,ONLINE,0.41,0,449,932,1
2026-08-28T15:28:40.968798,1131.0,cam_01,ONLINE,0.31,0,418,991,1
2026-08-28T15:28:40.968798,1131.0,cam_02,ONLINE,0.22,0,440,1000,1
2026-08-28T15:28:40.968798,1131.0,cam_03,ONLINE,0.06,0,262,685,1
2026-08-28T15:28:40.968798,1131.0,cam_04,ONLINE,0.14,0,287,751,1
2026-08-28T15:28:40.968798,1131.0,cam_05,ONLINE,0.14,0,344,813,1
2026-08-28T15:28:40.968798,1131.0,cam_06,ONLINE,0.28,0,203,585,1
2026-08-28T15:28:40.968798,1131.0,cam_07,ONLINE,0.12,0,215,559,1
2026-08-28T15:28:40.968798,1131.0,cam_08,ONLINE,0.11,0,317,753,1
2026-08-28T15:28:40.968798,1131.0,cam_09,ONLINE,1.88,0,424,926,1
2026-08-28T15:28:40.968798,1131.0,cam_10,ONLINE,0.62,0,397,870,1
2026-08-28T15:28:40.968798,1131.0,cam_11,ONLINE,0.06,0,312,814,1
2026-08-28T15:28:40.968798,1131.0,cam_12,ONLINE,0.11,0,236,622,1
2026-08-28T15:28:40.968798,1131.0,cam_13,ONLINE,0.17,0,297,163,1
2026-08-28T15:28:40.968798,1131.0,cam_14,ONLINE,0.22,0,191,539,1
2026-08-28T15:28:40.968798,1131.0,cam_15,ONLINE,0.41,0,449,932,1
2026-08-28T15:28:50.976838,1141.0,cam_01,ONLINE,0.31,0,418,991,1
2026-08-28T15:28:50.976838,1141.0,cam_02,ONLINE,0.22,0,440,1000,1
2026-08-28T15:28:50.976838,1141.0,cam_03,ONLINE,0.06,0,262,685,1
2026-08-28T15:28:50.976838,1141.0,cam_04,ONLINE,0.14,0,287,751,1
2026-08-28T15:28:50.976838,1141.0,cam_05,ONLINE,0.14,0,344,813,1
2026-08-28T15:28:50.976838,1141.0,cam_06,ONLINE,0.28,0,203,585,1
2026-08-28T15:28:50.976838,1141.0,cam_07,ONLINE,0.12,0,215,559,1
2026-08-28T15:28:50.976838,1141.0,cam_08,ONLINE,0.11,0,317,753,1
2026-08-28T15:28:50.976838,1141.0,cam_09,ONLINE,1.88,0,424,926,1
2026-08-28T15:28:50.976838,1141.0,cam_10,ONLINE,0.62,0,397,870,1
2026-08-28T15:28:50.976838,1141.0,cam_11,ONLINE,0.06,0,312,814,1
2026-08-28T15:28:50.976838,1141.0,cam_12,ONLINE,0.11,0,236,622,1
2026-08-28T15:28:50.976838,1141.0,cam_13,ONLINE,0.17,0,297,163,1
2026-08-28T15:28:50.976838,1141.0,cam_14,ONLINE,0.22,0,191,539,1
2026-08-28T15:28:50.976838,1141.0,cam_15,ONLINE,0.41,0,449,932,1
2026-08-28T15:29:00.989099,1151.0,cam_01,ONLINE,0.31,0,418,991,1
2026-08-28T15:29:00.989099,1151.0,cam_02,ONLINE,0.22,0,440,1000,1
2026-08-28T15:29:00.989099,1151.0,cam_03,ONLINE,0.06,0,262,685,1
2026-08-28T15:29:00.989099,1151.0,cam_04,ONLINE,0.14,0,287,751,1
2026-08-28T15:29:00.989099,1151.0,cam_05,ONLINE,0.14,0,344,813,1
2026-08-28T15:29:00.989099,1151.0,cam_06,ONLINE,0.28,0,203,585,1
2026-08-28T15:29:00.989099,1151.0,cam_07,ONLINE,0.12,0,215,559,1
2026-08-28T15:29:00.989099,1151.0,cam_08,ONLINE,0.11,0,317,753,1
2026-08-28T15:29:00.989099,1151.0,cam_09,ONLINE,1.88,0,424,926,1
2026-08-28T15:29:00.989099,1151.0,cam_10,ONLINE,0.62,0,397,870,1
2026-08-28T15:29:00.989099,1151.0,cam_11,ONLINE,0.06,0,312,814,1
2026-08-28T15:29:00.989099,1151.0,cam_12,ONLINE,0.11,0,236,622,1
2026-08-28T15:29:00.989099,1151.0,cam_13,ONLINE,0.17,0,297,163,1
2026-08-28T15:29:00.989099,1151.0,cam_14,ONLINE,0.22,0,191,539,1
2026-08-28T15:29:00.989099,1151.0,cam_15,ONLINE,0.41,0,449,932,1
2026-08-28T15:29:10.997035,1161.0,cam_01,ONLINE,0.31,0,418,991,1
2026-08-28T15:29:10.997035,1161.0,cam_02,ONLINE,0.22,0,440,1000,1
2026-08-28T15:29:10.997035,1161.0,cam_03,ONLINE,0.06,0,262,685,1
2026-08-28T15:29:10.997035,1161.0,cam_04,ONLINE,0.14,0,287,751,1
2026-08-28T15:29:10.997035,1161.0,cam_05,ONLINE,0.14,0,344,813,1
2026-08-28T15:29:10.997035,1161.0,cam_06,ONLINE,0.28,0,203,585,1
2026-08-28T15:29:10.997035,1161.0,cam_07,ONLINE,0.12,0,215,559,1
2026-08-28T15:29:10.997035,1161.0,cam_08,ONLINE,0.11,0,317,753,1
2026-08-28T15:29:10.997035,1161.0,cam_09,ONLINE,1.88,0,424,926,1
2026-08-28T15:29:10.997035,1161.0,cam_10,ONLINE,0.62,0,397,870,1
2026-08-28T15:29:10.997035,1161.0,cam_11,ONLINE,0.06,0,312,814,1
2026-08-28T15:29:10.997035,1161.0,cam_12,ONLINE,0.11,0,236,622,1
2026-08-28T15:29:10.997035,1161.0,cam_13,ONLINE,0.17,0,297,163,1
2026-08-28T15:29:10.997035,1161.0,cam_14,ONLINE,0.22,0,191,539,1
2026-08-28T15:29:10.997035,1161.0,cam_15,ONLINE,0.41,0,449,932,1
2026-08-28T15:29:21.005035,1171.0,cam_01,ONLINE,0.31,0,418,991,1
2026-08-28T15:29:21.005035,1171.0,cam_02,ONLINE,0.22,0,440,1000,1
2026-08-28T15:29:21.005035,1171.0,cam_03,ONLINE,0.06,0,262,685,1
2026-08-28T15:29:21.005035,1171.0,cam_04,ONLINE,0.14,0,287,751,1
2026-08-28T15:29:21.005035,1171.0,cam_05,ONLINE,0.14,0,344,813,1
2026-08-28T15:29:21.005035,1171.0,cam_06,ONLINE,0.28,0,203,585,1
2026-08-28T15:29:21.005035,1171.0,cam_07,ONLINE,0.12,0,215,559,1
2026-08-28T15:29:21.005035,1171.0,cam_08,ONLINE,0.11,0,317,753,1
2026-08-28T15:29:21.005035,1171.0,cam_09,ONLINE,1.88,0,424,926,1
2026-08-28T15:29:21.005035,1171.0,cam_10,ONLINE,0.62,0,397,870,1
2026-08-28T15:29:21.005035,1171.0,cam_11,ONLINE,0.06,0,312,814,1
2026-08-28T15:29:21.005035,1171.0,cam_12,ONLINE,0.11,0,236,622,1
2026-08-28T15:29:21.005035,1171.0,cam_13,ONLINE,0.17,0,297,163,1
2026-08-28T15:29:21.005035,1171.0,cam_14,ONLINE,0.22,0,191,539,1
2026-08-28T15:29:21.005035,1171.0,cam_15,ONLINE,0.41,0,449,932,1
2026-08-28T15:29:31.013244,1181.0,cam_01,ONLINE,0.31,0,418,991,1
2026-08-28T15:29:31.013244,1181.0,cam_02,ONLINE,0.22,0,440,1000,1
2026-08-28T15:29:31.013244,1181.0,cam_03,ONLINE,0.06,0,262,685,1
2026-08-28T15:29:31.013244,1181.0,cam_04,ONLINE,0.14,0,287,751,1
2026-08-28T15:29:31.013244,1181.0,cam_05,ONLINE,0.14,0,344,813,1
2026-08-28T15:29:31.013244,1181.0,cam_06,ONLINE,0.28,0,203,585,1
2026-08-28T15:29:31.013244,1181.0,cam_07,ONLINE,0.12,0,215,559,1
2026-08-28T15:29:31.013244,1181.0,cam_08,ONLINE,0.11,0,317,753,1
2026-08-28T15:29:31.013244,1181.0,cam_09,ONLINE,1.88,0,424,926,1
2026-08-28T15:29:31.013244,1181.0,cam_10,ONLINE,0.62,0,397,870,1
2026-08-28T15:29:31.013244,1181.0,cam_11,ONLINE,0.06,0,312,814,1
2026-08-28T15:29:31.013244,1181.0,cam_12,ONLINE,0.11,0,236,622,1
2026-08-28T15:29:31.013244,1181.0,cam_13,ONLINE,0.17,0,297,163,1
2026-08-28T15:29:31.013244,1181.0,cam_14,ONLINE,0.22,0,191,539,1
2026-08-28T15:29:31.013244,1181.0,cam_15,ONLINE,0.41,0,449,932,1
2026-08-28T15:29:41.020182,1191.0,cam_01,ONLINE,0.31,0,418,991,1
2026-08-28T15:29:41.020182,1191.0,cam_02,ONLINE,0.22,0,440,1000,1
2026-08-28T15:29:41.020182,1191.0,cam_03,ONLINE,0.06,0,262,685,1
2026-08-28T15:29:41.020182,1191.0,cam_04,ONLINE,0.14,0,287,751,1
2026-08-28T15:29:41.020182,1191.0,cam_05,ONLINE,0.14,0,344,813,1
2026-08-28T15:29:41.020182,1191.0,cam_06,ONLINE,0.28,0,203,585,1
2026-08-28T15:29:41.020182,1191.0,cam_07,ONLINE,0.12,0,215,559,1
2026-08-28T15:29:41.020182,1191.0,cam_08,ONLINE,0.11,0,317,753,1
2026-08-28T15:29:41.020182,1191.0,cam_09,ONLINE,1.88,0,424,926,1
2026-08-28T15:29:41.020182,1191.0,cam_10,ONLINE,0.62,0,397,870,1
2026-08-28T15:29:41.020182,1191.0,cam_11,ONLINE,0.06,0,312,814,1
2026-08-28T15:29:41.020182,1191.0,cam_12,ONLINE,0.11,0,236,622,1
2026-08-28T15:29:41.020182,1191.0,cam_13,ONLINE,0.17,0,297,163,1
2026-08-28T15:29:41.020182,1191.0,cam_14,ONLINE,0.22,0,191,539,1
2026-08-28T15:29:41.020182,1191.0,cam_15,ONLINE,0.41,0,449,932,1
2026-08-28T15:29:51.030548,1201.1,cam_01,ONLINE,0.31,0,418,991,1
2026-08-28T15:29:51.030548,1201.1,cam_02,ONLINE,0.22,0,440,1000,1
2026-08-28T15:29:51.030548,1201.1,cam_03,ONLINE,0.06,0,262,685,1
2026-08-28T15:29:51.030548,1201.1,cam_04,ONLINE,0.14,0,287,751,1
2026-08-28T15:29:51.030548,1201.1,cam_05,ONLINE,0.14,0,344,813,1
2026-08-28T15:29:51.030548,1201.1,cam_06,ONLINE,0.28,0,203,585,1
2026-08-28T15:29:51.030548,1201.1,cam_07,ONLINE,0.12,0,215,559,1
2026-08-28T15:29:51.030548,1201.1,cam_08,ONLINE,0.11,0,317,753,1
2026-08-28T15:29:51.030548,1201.1,cam_09,ONLINE,1.88,0,424,926,1
2026-08-28T15:29:51.030548,1201.1,cam_10,ONLINE,0.62,0,397,870,1
2026-08-28T15:29:51.030548,1201.1,cam_11,ONLINE,0.06,0,312,814,1
2026-08-28T15:29:51.030548,1201.1,cam_12,ONLINE,0.11,0,236,622,1
2026-08-28T15:29:51.030548,1201.1,cam_13,ONLINE,0.17,0,297,163,1
2026-08-28T15:29:51.030548,1201.1,cam_14,ONLINE,0.22,0,191,539,1
2026-08-28T15:29:51.030548,1201.1,cam_15,ONLINE,0.41,0,449,932,1
2026-08-28T15:30:01.048522,1211.1,cam_01,ONLINE,0.31,0,418,991,1
2026-08-28T15:30:01.048522,1211.1,cam_02,ONLINE,0.22,0,440,1000,1
2026-08-28T15:30:01.048522,1211.1,cam_03,ONLINE,0.06,0,262,685,1
2026-08-28T15:30:01.048522,1211.1,cam_04,ONLINE,0.14,0,287,751,1
2026-08-28T15:30:01.048522,1211.1,cam_05,ONLINE,0.14,0,344,813,1
2026-08-28T15:30:01.048522,1211.1,cam_06,ONLINE,0.28,0,203,585,1
2026-08-28T15:30:01.048522,1211.1,cam_07,ONLINE,0.12,0,215,559,1
2026-08-28T15:30:01.048522,1211.1,cam_08,ONLINE,0.11,0,317,753,1
2026-08-28T15:30:01.048522,1211.1,cam_09,ONLINE,1.88,0,424,926,1
2026-08-28T15:30:01.048522,1211.1,cam_10,ONLINE,0.62,0,397,870,1
2026-08-28T15:30:01.048522,1211.1,cam_11,ONLINE,0.06,0,312,814,1
2026-08-28T15:30:01.048522,1211.1,cam_12,ONLINE,0.11,0,236,622,1
2026-08-28T15:30:01.048522,1211.1,cam_13,ONLINE,0.17,0,297,163,1
2026-08-28T15:30:01.048522,1211.1,cam_14,ONLINE,0.22,0,191,539,1
2026-08-28T15:30:01.048522,1211.1,cam_15,ONLINE,0.41,0,449,932,1
2026-08-28T15:30:11.054833,1221.1,cam_01,ONLINE,0.31,0,418,991,1
2026-08-28T15:30:11.054833,1221.1,cam_02,ONLINE,0.22,0,440,1000,1
2026-08-28T15:30:11.054833,1221.1,cam_03,ONLINE,0.06,0,262,685,1
2026-08-28T15:30:11.054833,1221.1,cam_04,ONLINE,0.14,0,287,751,1
2026-08-28T15:30:11.054833,1221.1,cam_05,ONLINE,0.14,0,344,813,1
2026-08-28T15:30:11.054833,1221.1,cam_06,ONLINE,0.28,0,203,585,1
2026-08-28T15:30:11.054833,1221.1,cam_07,ONLINE,0.12,0,215,559,1
2026-08-28T15:30:11.054833,1221.1,cam_08,ONLINE,0.11,0,317,753,1
2026-08-28T15:30:11.054833,1221.1,cam_09,ONLINE,1.88,0,424,926,1
2026-08-28T15:30:11.054833,1221.1,cam_10,ONLINE,0.62,0,397,870,1
2026-08-28T15:30:11.054833,1221.1,cam_11,ONLINE,0.06,0,312,814,1
2026-08-28T15:30:11.054833,1221.1,cam_12,ONLINE,0.11,0,236,622,1
2026-08-28T15:30:11.054833,1221.1,cam_13,ONLINE,0.17,0,297,163,1
2026-08-28T15:30:11.054833,1221.1,cam_14,ONLINE,0.22,0,191,539,1
2026-08-28T15:30:11.054833,1221.1,cam_15,ONLINE,0.41,0,449,932,1
2026-08-28T15:30:21.060411,1231.1,cam_01,ONLINE,0.31,0,418,991,1
2026-08-28T15:30:21.060411,1231.1,cam_02,ONLINE,0.22,0,440,1000,1
2026-08-28T15:30:21.060411,1231.1,cam_03,ONLINE,0.06,0,262,685,1
2026-08-28T15:30:21.060411,1231.1,cam_04,ONLINE,0.14,0,287,751,1
2026-08-28T15:30:21.060411,1231.1,cam_05,ONLINE,0.14,0,344,813,1
2026-08-28T15:30:21.060411,1231.1,cam_06,ONLINE,0.28,0,203,585,1
2026-08-28T15:30:21.060411,1231.1,cam_07,ONLINE,0.12,0,215,559,1
2026-08-28T15:30:21.060411,1231.1,cam_08,ONLINE,0.11,0,317,753,1
2026-08-28T15:30:21.060411,1231.1,cam_09,ONLINE,1.88,0,424,926,1
2026-08-28T15:30:21.060411,1231.1,cam_10,ONLINE,0.62,0,397,870,1
2026-08-28T15:30:21.060411,1231.1,cam_11,ONLINE,0.06,0,312,814,1
2026-08-28T15:30:21.060411,1231.1,cam_12,ONLINE,0.11,0,236,622,1
2026-08-28T15:30:21.060411,1231.1,cam_13,ONLINE,0.17,0,297,163,1
2026-08-28T15:30:21.060411,1231.1,cam_14,ONLINE,0.22,0,191,539,1
2026-08-28T15:30:21.060411,1231.1,cam_15,ONLINE,0.41,0,449,932,1
2026-08-28T15:30:31.067544,1241.1,cam_01,ONLINE,0.31,0,418,991,1
2026-08-28T15:30:31.067544,1241.1,cam_02,ONLINE,0.22,0,440,1000,1
2026-08-28T15:30:31.067544,1241.1,cam_03,ONLINE,0.06,0,262,685,1
2026-08-28T15:30:31.067544,1241.1,cam_04,ONLINE,0.14,0,287,751,1
2026-08-28T15:30:31.067544,1241.1,cam_05,ONLINE,0.14,0,344,813,1
2026-08-28T15:30:31.067544,1241.1,cam_06,ONLINE,0.28,0,203,585,1
2026-08-28T15:30:31.067544,1241.1,cam_07,ONLINE,0.12,0,215,559,1
2026-08-28T15:30:31.067544,1241.1,cam_08,ONLINE,0.11,0,317,753,1
2026-08-28T15:30:31.067544,1241.1,cam_09,ONLINE,1.88,0,424,926,1
2026-08-28T15:30:31.067544,1241.1,cam_10,ONLINE,0.62,0,397,870,1
2026-08-28T15:30:31.067544,1241.1,cam_11,ONLINE,0.06,0,312,814,1
2026-08-28T15:30:31.067544,1241.1,cam_12,ONLINE,0.11,0,236,622,1
2026-08-28T15:30:31.067544,1241.1,cam_13,ONLINE,0.17,0,297,163,1
2026-08-28T15:30:31.067544,1241.1,cam_14,ONLINE,0.22,0,191,539,1
2026-08-28T15:30:31.067544,1241.1,cam_15,ONLINE,0.41,0,449,932,1
2026-08-28T15:30:41.076439,1251.1,cam_01,ONLINE,0.31,0,418,991,1
2026-08-28T15:30:41.076439,1251.1,cam_02,ONLINE,0.22,0,440,1000,1
2026-08-28T15:30:41.076439,1251.1,cam_03,ONLINE,0.06,0,262,685,1
2026-08-28T15:30:41.076439,1251.1,cam_04,ONLINE,0.14,0,287,751,1
2026-08-28T15:30:41.076439,1251.1,cam_05,ONLINE,0.14,0,344,813,1
2026-08-28T15:30:41.076439,1251.1,cam_06,ONLINE,0.28,0,203,585,1
2026-08-28T15:30:41.076439,1251.1,cam_07,ONLINE,0.12,0,215,559,1
2026-08-28T15:30:41.076439,1251.1,cam_08,ONLINE,0.11,0,317,753,1
2026-08-28T15:30:41.076439,1251.1,cam_09,ONLINE,1.88,0,424,926,1
2026-08-28T15:30:41.076439,1251.1,cam_10,ONLINE,0.62,0,397,870,1
2026-08-28T15:30:41.076439,1251.1,cam_11,ONLINE,0.06,0,312,814,1
2026-08-28T15:30:41.076439,1251.1,cam_12,ONLINE,0.11,0,236,622,1
2026-08-28T15:30:41.076439,1251.1,cam_13,ONLINE,0.17,0,297,163,1
2026-08-28T15:30:41.076439,1251.1,cam_14,ONLINE,0.22,0,191,539,1
2026-08-28T15:30:41.076439,1251.1,cam_15,ONLINE,0.41,0,449,932,1
2026-08-28T15:30:51.083459,1261.1,cam_01,ONLINE,0.31,0,418,991,1
2026-08-28T15:30:51.083459,1261.1,cam_02,ONLINE,0.22,0,440,1000,1
2026-08-28T15:30:51.083459,1261.1,cam_03,ONLINE,0.06,0,262,685,1
2026-08-28T15:30:51.083459,1261.1,cam_04,ONLINE,0.14,0,287,751,1
2026-08-28T15:30:51.083459,1261.1,cam_05,ONLINE,0.14,0,344,813,1
2026-08-28T15:30:51.083459,1261.1,cam_06,ONLINE,0.28,0,203,585,1
2026-08-28T15:30:51.083459,1261.1,cam_07,ONLINE,0.12,0,215,559,1
2026-08-28T15:30:51.083459,1261.1,cam_08,ONLINE,0.11,0,317,753,1
2026-08-28T15:30:51.083459,1261.1,cam_09,ONLINE,1.88,0,424,926,1
2026-08-28T15:30:51.083459,1261.1,cam_10,ONLINE,0.62,0,397,870,1
2026-08-28T15:30:51.083459,1261.1,cam_11,ONLINE,0.06,0,312,814,1
2026-08-28T15:30:51.083459,1261.1,cam_12,ONLINE,0.11,0,236,622,1
2026-08-28T15:30:51.083459,1261.1,cam_13,ONLINE,0.17,0,297,163,1
2026-08-28T15:30:51.083459,1261.1,cam_14,ONLINE,0.22,0,191,539,1
2026-08-28T15:30:51.083459,1261.1,cam_15,ONLINE,0.41,0,449,932,1
2026-08-28T15:31:01.094410,1271.1,cam_01,ONLINE,0.31,0,418,991,1
2026-08-28T15:31:01.094410,1271.1,cam_02,ONLINE,0.22,0,440,1000,1
2026-08-28T15:31:01.094410,1271.1,cam_03,ONLINE,0.06,0,262,685,1
2026-08-28T15:31:01.094410,1271.1,cam_04,ONLINE,0.14,0,287,751,1
2026-08-28T15:31:01.094410,1271.1,cam_05,ONLINE,0.14,0,344,813,1
2026-08-28T15:31:01.094410,1271.1,cam_06,ONLINE,0.28,0,203,585,1
2026-08-28T15:31:01.094410,1271.1,cam_07,ONLINE,0.12,0,215,559,1
2026-08-28T15:31:01.094410,1271.1,cam_08,ONLINE,0.11,0,317,753,1
2026-08-28T15:31:01.094410,1271.1,cam_09,ONLINE,1.88,0,424,926,1
2026-08-28T15:31:01.094410,1271.1,cam_10,ONLINE,0.62,0,397,870,1
2026-08-28T15:31:01.094410,1271.1,cam_11,ONLINE,0.06,0,312,814,1
2026-08-28T15:31:01.094410,1271.1,cam_12,ONLINE,0.11,0,236,622,1
2026-08-28T15:31:01.094410,1271.1,cam_13,ONLINE,0.17,0,297,163,1
2026-08-28T15:31:01.094410,1271.1,cam_14,ONLINE,0.22,0,191,539,1
2026-08-28T15:31:01.094410,1271.1,cam_15,ONLINE,0.41,0,449,932,1
2026-08-28T15:31:11.103087,1281.1,cam_01,ONLINE,0.31,0,418,991,1
2026-08-28T15:31:11.103087,1281.1,cam_02,ONLINE,0.22,0,440,1000,1
2026-08-28T15:31:11.103087,1281.1,cam_03,ONLINE,0.06,0,262,685,1
2026-08-28T15:31:11.103087,1281.1,cam_04,ONLINE,0.14,0,287,751,1
2026-08-28T15:31:11.103087,1281.1,cam_05,ONLINE,0.14,0,344,813,1
2026-08-28T15:31:11.103087,1281.1,cam_06,ONLINE,0.28,0,203,585,1
2026-08-28T15:31:11.103087,1281.1,cam_07,ONLINE,0.12,0,215,559,1
2026-08-28T15:31:11.103087,1281.1,cam_08,ONLINE,0.11,0,317,753,1
2026-08-28T15:31:11.103087,1281.1,cam_09,ONLINE,1.88,0,424,926,1
2026-08-28T15:31:11.103087,1281.1,cam_10,ONLINE,0.62,0,397,870,1
2026-08-28T15:31:11.103087,1281.1,cam_11,ONLINE,0.06,0,312,814,1
2026-08-28T15:31:11.103087,1281.1,cam_12,ONLINE,0.11,0,236,622,1
2026-08-28T15:31:11.103087,1281.1,cam_13,ONLINE,0.17,0,297,163,1
2026-08-28T15:31:11.103087,1281.1,cam_14,ONLINE,0.22,0,191,539,1
2026-08-28T15:31:11.103087,1281.1,cam_15,ONLINE,0.41,0,449,932,1
2026-08-28T15:31:21.111132,1291.1,cam_01,ONLINE,0.31,0,418,991,1
2026-08-28T15:31:21.111132,1291.1,cam_02,ONLINE,0.22,0,440,1000,1
2026-08-28T15:31:21.111132,1291.1,cam_03,ONLINE,0.06,0,262,685,1
2026-08-28T15:31:21.111132,1291.1,cam_04,ONLINE,0.14,0,287,751,1
2026-08-28T15:31:21.111132,1291.1,cam_05,ONLINE,0.14,0,344,813,1
2026-08-28T15:31:21.111132,1291.1,cam_06,ONLINE,0.28,0,203,585,1
2026-08-28T15:31:21.111132,1291.1,cam_07,ONLINE,0.12,0,215,559,1
2026-08-28T15:31:21.111132,1291.1,cam_08,ONLINE,0.11,0,317,753,1
2026-08-28T15:31:21.111132,1291.1,cam_09,ONLINE,1.88,0,424,926,1
2026-08-28T15:31:21.111132,1291.1,cam_10,ONLINE,0.62,0,397,870,1
2026-08-28T15:31:21.111132,1291.1,cam_11,ONLINE,0.06,0,312,814,1
2026-08-28T15:31:21.111132,1291.1,cam_12,ONLINE,0.11,0,236,622,1
2026-08-28T15:31:21.111132,1291.1,cam_13,ONLINE,0.17,0,297,163,1
2026-08-28T15:31:21.111132,1291.1,cam_14,ONLINE,0.22,0,191,539,1
2026-08-28T15:31:21.111132,1291.1,cam_15,ONLINE,0.41,0,449,932,1
2026-08-28T15:31:31.118347,1301.1,cam_01,ONLINE,0.31,0,418,991,1
2026-08-28T15:31:31.118347,1301.1,cam_02,ONLINE,0.22,0,440,1000,1
2026-08-28T15:31:31.118347,1301.1,cam_03,ONLINE,0.06,0,262,685,1
2026-08-28T15:31:31.118347,1301.1,cam_04,ONLINE,0.14,0,287,751,1
2026-08-28T15:31:31.118347,1301.1,cam_05,ONLINE,0.14,0,344,813,1
2026-08-28T15:31:31.118347,1301.1,cam_06,ONLINE,0.28,0,203,585,1
2026-08-28T15:31:31.118347,1301.1,cam_07,ONLINE,0.12,0,215,559,1
2026-08-28T15:31:31.118347,1301.1,cam_08,ONLINE,0.11,0,317,753,1
2026-08-28T15:31:31.118347,1301.1,cam_09,ONLINE,1.88,0,424,926,1
2026-08-28T15:31:31.118347,1301.1,cam_10,ONLINE,0.62,0,397,870,1
2026-08-28T15:31:31.118347,1301.1,cam_11,ONLINE,0.06,0,312,814,1
2026-08-28T15:31:31.118347,1301.1,cam_12,ONLINE,0.11,0,236,622,1
2026-08-28T15:31:31.118347,1301.1,cam_13,ONLINE,0.17,0,297,163,1
2026-08-28T15:31:31.118347,1301.1,cam_14,ONLINE,0.22,0,191,539,1
2026-08-28T15:31:31.118347,1301.1,cam_15,ONLINE,0.41,0,449,932,1
2026-08-28T15:31:41.124626,1311.2,cam_01,ONLINE,0.31,0,418,991,1
2026-08-28T15:31:41.124626,1311.2,cam_02,ONLINE,0.22,0,440,1000,1
2026-08-28T15:31:41.124626,1311.2,cam_03,ONLINE,0.06,0,262,685,1
2026-08-28T15:31:41.124626,1311.2,cam_04,ONLINE,0.14,0,287,751,1
2026-08-28T15:31:41.124626,1311.2,cam_05,ONLINE,0.14,0,344,813,1
2026-08-28T15:31:41.124626,1311.2,cam_06,ONLINE,0.28,0,203,585,1
2026-08-28T15:31:41.124626,1311.2,cam_07,ONLINE,0.12,0,215,559,1
2026-08-28T15:31:41.124626,1311.2,cam_08,ONLINE,0.11,0,317,753,1
2026-08-28T15:31:41.124626,1311.2,cam_09,ONLINE,1.88,0,424,926,1
2026-08-28T15:31:41.124626,1311.2,cam_10,ONLINE,0.62,0,397,870,1
2026-08-28T15:31:41.124626,1311.2,cam_11,ONLINE,0.06,0,312,814,1
2026-08-28T15:31:41.124626,1311.2,cam_12,ONLINE,0.11,0,236,622,1
2026-08-28T15:31:41.124626,1311.2,cam_13,ONLINE,0.17,0,297,163,1
2026-08-28T15:31:41.124626,1311.2,cam_14,ONLINE,0.22,0,191,539,1
2026-08-28T15:31:41.124626,1311.2,cam_15,ONLINE,0.41,0,449,932,1
2026-08-28T15:31:51.131281,1321.2,cam_01,ONLINE,0.31,0,418,991,1
2026-08-28T15:31:51.131281,1321.2,cam_02,ONLINE,0.22,0,440,1000,1
2026-08-28T15:31:51.131281,1321.2,cam_03,ONLINE,0.06,0,262,685,1
2026-08-28T15:31:51.131281,1321.2,cam_04,ONLINE,0.14,0,287,751,1
2026-08-28T15:31:51.131281,1321.2,cam_05,ONLINE,0.14,0,344,813,1
2026-08-28T15:31:51.131281,1321.2,cam_06,ONLINE,0.28,0,203,585,1
2026-08-28T15:31:51.131281,1321.2,cam_07,ONLINE,0.12,0,215,559,1
2026-08-28T15:31:51.131281,1321.2,cam_08,ONLINE,0.11,0,317,753,1
2026-08-28T15:31:51.131281,1321.2,cam_09,ONLINE,1.88,0,424,926,1
2026-08-28T15:31:51.131281,1321.2,cam_10,ONLINE,0.62,0,397,870,1
2026-08-28T15:31:51.131281,1321.2,cam_11,ONLINE,0.06,0,312,814,1
2026-08-28T15:31:51.131281,1321.2,cam_12,ONLINE,0.11,0,236,622,1
2026-08-28T15:31:51.131281,1321.2,cam_13,ONLINE,0.17,0,297,163,1
2026-08-28T15:31:51.131281,1321.2,cam_14,ONLINE,0.22,0,191,539,1
2026-08-28T15:31:51.131281,1321.2,cam_15,ONLINE,0.41,0,449,932,1
2026-08-28T15:32:01.144855,1331.2,cam_01,ONLINE,0.31,0,418,991,1
2026-08-28T15:32:01.144855,1331.2,cam_02,ONLINE,0.22,0,440,1000,1
2026-08-28T15:32:01.144855,1331.2,cam_03,ONLINE,0.06,0,262,685,1
2026-08-28T15:32:01.144855,1331.2,cam_04,ONLINE,0.14,0,287,751,1
2026-08-28T15:32:01.144855,1331.2,cam_05,ONLINE,0.14,0,344,813,1
2026-08-28T15:32:01.144855,1331.2,cam_06,ONLINE,0.28,0,203,585,1
2026-08-28T15:32:01.144855,1331.2,cam_07,ONLINE,0.12,0,215,559,1
2026-08-28T15:32:01.144855,1331.2,cam_08,ONLINE,0.11,0,317,753,1
2026-08-28T15:32:01.144855,1331.2,cam_09,ONLINE,1.88,0,424,926,1
2026-08-28T15:32:01.144855,1331.2,cam_10,ONLINE,0.62,0,397,870,1
2026-08-28T15:32:01.144855,1331.2,cam_11,ONLINE,0.06,0,312,814,1
2026-08-28T15:32:01.144855,1331.2,cam_12,ONLINE,0.11,0,236,622,1
2026-08-28T15:32:01.144855,1331.2,cam_13,ONLINE,0.17,0,297,163,1
2026-08-28T15:32:01.144855,1331.2,cam_14,ONLINE,0.22,0,191,539,1
2026-08-28T15:32:01.144855,1331.2,cam_15,ONLINE,0.41,0,449,932,1
2026-08-28T15:32:11.152936,1341.2,cam_01,ONLINE,0.31,0,418,991,1
2026-08-28T15:32:11.152936,1341.2,cam_02,ONLINE,0.22,0,440,1000,1
2026-08-28T15:32:11.152936,1341.2,cam_03,ONLINE,0.06,0,262,685,1
2026-08-28T15:32:11.152936,1341.2,cam_04,ONLINE,0.14,0,287,751,1
2026-08-28T15:32:11.152936,1341.2,cam_05,ONLINE,0.14,0,344,813,1
2026-08-28T15:32:11.152936,1341.2,cam_06,ONLINE,0.28,0,203,585,1
2026-08-28T15:32:11.152936,1341.2,cam_07,ONLINE,0.12,0,215,559,1
2026-08-28T15:32:11.152936,1341.2,cam_08,ONLINE,0.11,0,317,753,1
2026-08-28T15:32:11.152936,1341.2,cam_09,ONLINE,1.88,0,424,926,1
2026-08-28T15:32:11.152936,1341.2,cam_10,ONLINE,0.62,0,397,870,1
2026-08-28T15:32:11.152936,1341.2,cam_11,ONLINE,0.06,0,312,814,1
2026-08-28T15:32:11.152936,1341.2,cam_12,ONLINE,0.11,0,236,622,1
2026-08-28T15:32:11.152936,1341.2,cam_13,ONLINE,0.17,0,297,163,1
2026-08-28T15:32:11.152936,1341.2,cam_14,ONLINE,0.22,0,191,539,1
2026-08-28T15:32:11.152936,1341.2,cam_15,ONLINE,0.41,0,449,932,1
2026-08-28T15:32:21.159167,1351.2,cam_01,ONLINE,0.31,0,418,991,1
2026-08-28T15:32:21.159167,1351.2,cam_02,ONLINE,0.22,0,440,1000,1
2026-08-28T15:32:21.159167,1351.2,cam_03,ONLINE,0.06,0,262,685,1
2026-08-28T15:32:21.159167,1351.2,cam_04,ONLINE,0.14,0,287,751,1
2026-08-28T15:32:21.159167,1351.2,cam_05,ONLINE,0.14,0,344,813,1
2026-08-28T15:32:21.159167,1351.2,cam_06,ONLINE,0.28,0,203,585,1
2026-08-28T15:32:21.159167,1351.2,cam_07,ONLINE,0.12,0,215,559,1
2026-08-28T15:32:21.159167,1351.2,cam_08,ONLINE,0.11,0,317,753,1
2026-08-28T15:32:21.159167,1351.2,cam_09,ONLINE,1.88,0,424,926,1
2026-08-28T15:32:21.159167,1351.2,cam_10,ONLINE,0.62,0,397,870,1
2026-08-28T15:32:21.159167,1351.2,cam_11,ONLINE,0.06,0,312,814,1
2026-08-28T15:32:21.159167,1351.2,cam_12,ONLINE,0.11,0,236,622,1
2026-08-28T15:32:21.159167,1351.2,cam_13,ONLINE,0.17,0,297,163,1
2026-08-28T15:32:21.159167,1351.2,cam_14,ONLINE,0.22,0,191,539,1
2026-08-28T15:32:21.159167,1351.2,cam_15,ONLINE,0.41,0,449,932,1
2026-08-28T15:32:31.165856,1361.2,cam_01,ONLINE,0.31,0,418,991,1
2026-08-28T15:32:31.165856,1361.2,cam_02,ONLINE,0.22,0,440,1000,1
2026-08-28T15:32:31.165856,1361.2,cam_03,ONLINE,0.06,0,262,685,1
2026-08-28T15:32:31.165856,1361.2,cam_04,ONLINE,0.14,0,287,751,1
2026-08-28T15:32:31.165856,1361.2,cam_05,ONLINE,0.14,0,344,813,1
2026-08-28T15:32:31.165856,1361.2,cam_06,ONLINE,0.28,0,203,585,1
2026-08-28T15:32:31.165856,1361.2,cam_07,ONLINE,0.12,0,215,559,1
2026-08-28T15:32:31.165856,1361.2,cam_08,ONLINE,0.11,0,317,753,1
2026-08-28T15:32:31.165856,1361.2,cam_09,ONLINE,1.88,0,424,926,1
2026-08-28T15:32:31.165856,1361.2,cam_10,ONLINE,0.62,0,397,870,1
2026-08-28T15:32:31.165856,1361.2,cam_11,ONLINE,0.06,0,312,814,1
2026-08-28T15:32:31.165856,1361.2,cam_12,ONLINE,0.11,0,236,622,1
2026-08-28T15:32:31.165856,1361.2,cam_13,ONLINE,0.17,0,297,163,1
2026-08-28T15:32:31.165856,1361.2,cam_14,ONLINE,0.22,0,191,539,1
2026-08-28T15:32:31.165856,1361.2,cam_15,ONLINE,0.41,0,449,932,1
2026-08-28T15:32:41.172897,1371.2,cam_01,ONLINE,0.31,0,418,991,1
2026-08-28T15:32:41.172897,1371.2,cam_02,ONLINE,0.22,0,440,1000,1
2026-08-28T15:32:41.172897,1371.2,cam_03,ONLINE,0.06,0,262,685,1
2026-08-28T15:32:41.172897,1371.2,cam_04,ONLINE,0.14,0,287,751,1
2026-08-28T15:32:41.172897,1371.2,cam_05,ONLINE,0.14,0,344,813,1
2026-08-28T15:32:41.172897,1371.2,cam_06,ONLINE,0.28,0,203,585,1
2026-08-28T15:32:41.172897,1371.2,cam_07,ONLINE,0.12,0,215,559,1
2026-08-28T15:32:41.172897,1371.2,cam_08,ONLINE,0.11,0,317,753,1
2026-08-28T15:32:41.172897,1371.2,cam_09,ONLINE,1.88,0,424,926,1
2026-08-28T15:32:41.172897,1371.2,cam_10,ONLINE,0.62,0,397,870,1
2026-08-28T15:32:41.172897,1371.2,cam_11,ONLINE,0.06,0,312,814,1
2026-08-28T15:32:41.172897,1371.2,cam_12,ONLINE,0.11,0,236,622,1
2026-08-28T15:32:41.172897,1371.2,cam_13,ONLINE,0.17,0,297,163,1
2026-08-28T15:32:41.172897,1371.2,cam_14,ONLINE,0.22,0,191,539,1
2026-08-28T15:32:41.172897,1371.2,cam_15,ONLINE,0.41,0,449,932,1
2026-08-28T15:32:51.182792,1381.2,cam_01,ONLINE,0.31,0,418,991,1
2026-08-28T15:32:51.182792,1381.2,cam_02,ONLINE,0.22,0,440,1000,1
2026-08-28T15:32:51.182792,1381.2,cam_03,ONLINE,0.06,0,262,685,1
2026-08-28T15:32:51.182792,1381.2,cam_04,ONLINE,0.14,0,287,751,1
2026-08-28T15:32:51.182792,1381.2,cam_05,ONLINE,0.14,0,344,813,1
2026-08-28T15:32:51.182792,1381.2,cam_06,ONLINE,0.28,0,203,585,1
2026-08-28T15:32:51.182792,1381.2,cam_07,ONLINE,0.12,0,215,559,1
2026-08-28T15:32:51.182792,1381.2,cam_08,ONLINE,0.11,0,317,753,1
2026-08-28T15:32:51.182792,1381.2,cam_09,ONLINE,1.88,0,424,926,1
2026-08-28T15:32:51.182792,1381.2,cam_10,ONLINE,0.62,0,397,870,1
2026-08-28T15:32:51.182792,1381.2,cam_11,ONLINE,0.06,0,312,814,1
2026-08-28T15:32:51.182792,1381.2,cam_12,ONLINE,0.11,0,236,622,1
2026-08-28T15:32:51.182792,1381.2,cam_13,ONLINE,0.17,0,297,163,1
2026-08-28T15:32:51.182792,1381.2,cam_14,ONLINE,0.22,0,191,539,1
2026-08-28T15:32:51.182792,1381.2,cam_15,ONLINE,0.41,0,449,932,1
2026-08-28T15:33:01.193757,1391.2,cam_01,ONLINE,0.31,0,418,991,1
2026-08-28T15:33:01.193757,1391.2,cam_02,ONLINE,0.22,0,440,1000,1
2026-08-28T15:33:01.193757,1391.2,cam_03,ONLINE,0.06,0,262,685,1
2026-08-28T15:33:01.193757,1391.2,cam_04,ONLINE,0.14,0,287,751,1
2026-08-28T15:33:01.193757,1391.2,cam_05,ONLINE,0.14,0,344,813,1
2026-08-28T15:33:01.193757,1391.2,cam_06,ONLINE,0.28,0,203,585,1
2026-08-28T15:33:01.193757,1391.2,cam_07,ONLINE,0.12,0,215,559,1
2026-08-28T15:33:01.193757,1391.2,cam_08,ONLINE,0.11,0,317,753,1
2026-08-28T15:33:01.193757,1391.2,cam_09,ONLINE,1.88,0,424,926,1
2026-08-28T15:33:01.193757,1391.2,cam_10,ONLINE,0.62,0,397,870,1
2026-08-28T15:33:01.193757,1391.2,cam_11,ONLINE,0.06,0,312,814,1
2026-08-28T15:33:01.193757,1391.2,cam_12,ONLINE,0.11,0,236,622,1
2026-08-28T15:33:01.193757,1391.2,cam_13,ONLINE,0.17,0,297,163,1
2026-08-28T15:33:01.193757,1391.2,cam_14,ONLINE,0.22,0,191,539,1
2026-08-28T15:33:01.193757,1391.2,cam_15,ONLINE,0.41,0,449,932,1
2026-08-28T15:33:11.200155,1401.2,cam_01,ONLINE,0.31,0,418,991,1
2026-08-28T15:33:11.200155,1401.2,cam_02,ONLINE,0.22,0,440,1000,1
2026-08-28T15:33:11.200155,1401.2,cam_03,ONLINE,0.06,0,262,685,1
2026-08-28T15:33:11.200155,1401.2,cam_04,ONLINE,0.14,0,287,751,1
2026-08-28T15:33:11.200155,1401.2,cam_05,ONLINE,0.14,0,344,813,1
2026-08-28T15:33:11.200155,1401.2,cam_06,ONLINE,0.28,0,203,585,1
2026-08-28T15:33:11.200155,1401.2,cam_07,ONLINE,0.12,0,215,559,1
2026-08-28T15:33:11.200155,1401.2,cam_08,ONLINE,0.11,0,317,753,1
2026-08-28T15:33:11.200155,1401.2,cam_09,ONLINE,1.88,0,424,926,1
2026-08-28T15:33:11.200155,1401.2,cam_10,ONLINE,0.62,0,397,870,1
2026-08-28T15:33:11.200155,1401.2,cam_11,ONLINE,0.06,0,312,814,1
2026-08-28T15:33:11.200155,1401.2,cam_12,ONLINE,0.11,0,236,622,1
2026-08-28T15:33:11.200155,1401.2,cam_13,ONLINE,0.17,0,297,163,1
2026-08-28T15:33:11.200155,1401.2,cam_14,ONLINE,0.22,0,191,539,1
2026-08-28T15:33:11.200155,1401.2,cam_15,ONLINE,0.41,0,449,932,1
2026-08-28T15:33:21.208292,1411.2,cam_01,ONLINE,0.31,0,418,991,1
2026-08-28T15:33:21.208292,1411.2,cam_02,ONLINE,0.22,0,440,1000,1
2026-08-28T15:33:21.208292,1411.2,cam_03,ONLINE,0.06,0,262,685,1
2026-08-28T15:33:21.208292,1411.2,cam_04,ONLINE,0.14,0,287,751,1
2026-08-28T15:33:21.208292,1411.2,cam_05,ONLINE,0.14,0,344,813,1
2026-08-28T15:33:21.208292,1411.2,cam_06,ONLINE,0.28,0,203,585,1
2026-08-28T15:33:21.208292,1411.2,cam_07,ONLINE,0.12,0,215,559,1
2026-08-28T15:33:21.208292,1411.2,cam_08,ONLINE,0.11,0,317,753,1
2026-08-28T15:33:21.208292,1411.2,cam_09,ONLINE,1.88,0,424,926,1
2026-08-28T15:33:21.208292,1411.2,cam_10,ONLINE,0.62,0,397,870,1
2026-08-28T15:33:21.208292,1411.2,cam_11,ONLINE,0.06,0,312,814,1
2026-08-28T15:33:21.208292,1411.2,cam_12,ONLINE,0.11,0,236,622,1
2026-08-28T15:33:21.208292,1411.2,cam_13,ONLINE,0.17,0,297,163,1
2026-08-28T15:33:21.208292,1411.2,cam_14,ONLINE,0.22,0,191,539,1
2026-08-28T15:33:21.208292,1411.2,cam_15,ONLINE,0.41,0,449,932,1
2026-08-28T15:33:31.219898,1421.2,cam_01,ONLINE,0.31,0,418,991,1
2026-08-28T15:33:31.219898,1421.2,cam_02,ONLINE,0.22,0,440,1000,1
2026-08-28T15:33:31.219898,1421.2,cam_03,ONLINE,0.06,0,262,685,1
2026-08-28T15:33:31.219898,1421.2,cam_04,ONLINE,0.14,0,287,751,1
2026-08-28T15:33:31.219898,1421.2,cam_05,ONLINE,0.14,0,344,813,1
2026-08-28T15:33:31.219898,1421.2,cam_06,ONLINE,0.28,0,203,585,1
2026-08-28T15:33:31.219898,1421.2,cam_07,ONLINE,0.12,0,215,559,1
2026-08-28T15:33:31.219898,1421.2,cam_08,ONLINE,0.11,0,317,753,1
2026-08-28T15:33:31.219898,1421.2,cam_09,ONLINE,1.88,0,424,926,1
2026-08-28T15:33:31.219898,1421.2,cam_10,ONLINE,0.62,0,397,870,1
2026-08-28T15:33:31.219898,1421.2,cam_11,ONLINE,0.06,0,312,814,1
2026-08-28T15:33:31.219898,1421.2,cam_12,ONLINE,0.11,0,236,622,1
2026-08-28T15:33:31.219898,1421.2,cam_13,ONLINE,0.17,0,297,163,1
2026-08-28T15:33:31.219898,1421.2,cam_14,ONLINE,0.22,0,191,539,1
2026-08-28T15:33:31.219898,1421.2,cam_15,ONLINE,0.41,0,449,932,1
2026-08-28T15:33:41.231836,1431.2,cam_01,ONLINE,0.31,0,418,991,1
2026-08-28T15:33:41.231836,1431.2,cam_02,ONLINE,0.22,0,440,1000,1
2026-08-28T15:33:41.231836,1431.2,cam_03,ONLINE,0.06,0,262,685,1
2026-08-28T15:33:41.231836,1431.2,cam_04,ONLINE,0.14,0,287,751,1
2026-08-28T15:33:41.231836,1431.2,cam_05,ONLINE,0.14,0,344,813,1
2026-08-28T15:33:41.231836,1431.2,cam_06,ONLINE,0.28,0,203,585,1
2026-08-28T15:33:41.231836,1431.2,cam_07,ONLINE,0.12,0,215,559,1
2026-08-28T15:33:41.231836,1431.2,cam_08,ONLINE,0.11,0,317,753,1
2026-08-28T15:33:41.231836,1431.2,cam_09,ONLINE,1.88,0,424,926,1
2026-08-28T15:33:41.231836,1431.2,cam_10,ONLINE,0.62,0,397,870,1
2026-08-28T15:33:41.231836,1431.2,cam_11,ONLINE,0.06,0,312,814,1
2026-08-28T15:33:41.231836,1431.2,cam_12,ONLINE,0.11,0,236,622,1
2026-08-28T15:33:41.231836,1431.2,cam_13,ONLINE,0.17,0,297,163,1
2026-08-28T15:33:41.231836,1431.2,cam_14,ONLINE,0.22,0,191,539,1
2026-08-28T15:33:41.231836,1431.2,cam_15,ONLINE,0.41,0,449,932,1
2026-08-28T15:33:51.238615,1441.3,cam_01,ONLINE,0.31,0,418,991,1
2026-08-28T15:33:51.238615,1441.3,cam_02,ONLINE,0.22,0,440,1000,1
2026-08-28T15:33:51.238615,1441.3,cam_03,ONLINE,0.06,0,262,685,1
2026-08-28T15:33:51.238615,1441.3,cam_04,ONLINE,0.14,0,287,751,1
2026-08-28T15:33:51.238615,1441.3,cam_05,ONLINE,0.14,0,344,813,1
2026-08-28T15:33:51.238615,1441.3,cam_06,ONLINE,0.28,0,203,585,1
2026-08-28T15:33:51.238615,1441.3,cam_07,ONLINE,0.12,0,215,559,1
2026-08-28T15:33:51.238615,1441.3,cam_08,ONLINE,0.11,0,317,753,1
2026-08-28T15:33:51.238615,1441.3,cam_09,ONLINE,1.88,0,424,926,1
2026-08-28T15:33:51.238615,1441.3,cam_10,ONLINE,0.62,0,397,870,1
2026-08-28T15:33:51.238615,1441.3,cam_11,ONLINE,0.06,0,312,814,1
2026-08-28T15:33:51.238615,1441.3,cam_12,ONLINE,0.11,0,236,622,1
2026-08-28T15:33:51.238615,1441.3,cam_13,ONLINE,0.17,0,297,163,1
2026-08-28T15:33:51.238615,1441.3,cam_14,ONLINE,0.22,0,191,539,1
2026-08-28T15:33:51.238615,1441.3,cam_15,ONLINE,0.41,0,449,932,1
2026-08-28T15:34:01.249206,1451.3,cam_01,ONLINE,0.31,0,418,991,1
2026-08-28T15:34:01.249206,1451.3,cam_02,ONLINE,0.22,0,440,1000,1
2026-08-28T15:34:01.249206,1451.3,cam_03,ONLINE,0.06,0,262,685,1
2026-08-28T15:34:01.249206,1451.3,cam_04,ONLINE,0.14,0,287,751,1
2026-08-28T15:34:01.249206,1451.3,cam_05,ONLINE,0.14,0,344,813,1
2026-08-28T15:34:01.249206,1451.3,cam_06,ONLINE,0.28,0,203,585,1
2026-08-28T15:34:01.249206,1451.3,cam_07,ONLINE,0.12,0,215,559,1
2026-08-28T15:34:01.249206,1451.3,cam_08,ONLINE,0.11,0,317,753,1
2026-08-28T15:34:01.249206,1451.3,cam_09,ONLINE,1.88,0,424,926,1
2026-08-28T15:34:01.249206,1451.3,cam_10,ONLINE,0.62,0,397,870,1
2026-08-28T15:34:01.249206,1451.3,cam_11,ONLINE,0.06,0,312,814,1
2026-08-28T15:34:01.249206,1451.3,cam_12,ONLINE,0.11,0,236,622,1
2026-08-28T15:34:01.249206,1451.3,cam_13,ONLINE,0.17,0,297,163,1
2026-08-28T15:34:01.249206,1451.3,cam_14,ONLINE,0.22,0,191,539,1
2026-08-28T15:34:01.249206,1451.3,cam_15,ONLINE,0.41,0,449,932,1
2026-08-28T15:34:11.258023,1461.3,cam_01,ONLINE,0.31,0,418,991,1
2026-08-28T15:34:11.258023,1461.3,cam_02,ONLINE,0.22,0,440,1000,1
2026-08-28T15:34:11.258023,1461.3,cam_03,ONLINE,0.06,0,262,685,1
2026-08-28T15:34:11.258023,1461.3,cam_04,ONLINE,0.14,0,287,751,1
2026-08-28T15:34:11.258023,1461.3,cam_05,ONLINE,0.14,0,344,813,1
2026-08-28T15:34:11.258023,1461.3,cam_06,ONLINE,0.28,0,203,585,1
2026-08-28T15:34:11.258023,1461.3,cam_07,ONLINE,0.12,0,215,559,1
2026-08-28T15:34:11.258023,1461.3,cam_08,ONLINE,0.11,0,317,753,1
2026-08-28T15:34:11.258023,1461.3,cam_09,ONLINE,1.88,0,424,926,1
2026-08-28T15:34:11.258023,1461.3,cam_10,ONLINE,0.62,0,397,870,1
2026-08-28T15:34:11.258023,1461.3,cam_11,ONLINE,0.06,0,312,814,1
2026-08-28T15:34:11.258023,1461.3,cam_12,ONLINE,0.11,0,236,622,1
2026-08-28T15:34:11.258023,1461.3,cam_13,ONLINE,0.17,0,297,163,1
2026-08-28T15:34:11.258023,1461.3,cam_14,ONLINE,0.22,0,191,539,1
2026-08-28T15:34:11.258023,1461.3,cam_15,ONLINE,0.41,0,449,932,1
2026-08-28T15:34:21.263055,1471.3,cam_01,ONLINE,0.31,0,418,991,1
2026-08-28T15:34:21.263055,1471.3,cam_02,ONLINE,0.22,0,440,1000,1
2026-08-28T15:34:21.263055,1471.3,cam_03,ONLINE,0.06,0,262,685,1
2026-08-28T15:34:21.263055,1471.3,cam_04,ONLINE,0.14,0,287,751,1
2026-08-28T15:34:21.263055,1471.3,cam_05,ONLINE,0.14,0,344,813,1
2026-08-28T15:34:21.263055,1471.3,cam_06,ONLINE,0.28,0,203,585,1
2026-08-28T15:34:21.263055,1471.3,cam_07,ONLINE,0.12,0,215,559,1
2026-08-28T15:34:21.263055,1471.3,cam_08,ONLINE,0.11,0,317,753,1
2026-08-28T15:34:21.263055,1471.3,cam_09,ONLINE,1.88,0,424,926,1
2026-08-28T15:34:21.263055,1471.3,cam_10,ONLINE,0.62,0,397,870,1
2026-08-28T15:34:21.263055,1471.3,cam_11,ONLINE,0.06,0,312,814,1
2026-08-28T15:34:21.263055,1471.3,cam_12,ONLINE,0.11,0,236,622,1
2026-08-28T15:34:21.263055,1471.3,cam_13,ONLINE,0.17,0,297,163,1
2026-08-28T15:34:21.263055,1471.3,cam_14,ONLINE,0.22,0,191,539,1
2026-08-28T15:34:21.263055,1471.3,cam_15,ONLINE,0.41,0,449,932,1
2026-08-28T15:34:31.269333,1481.3,cam_01,ONLINE,0.31,0,418,991,1
2026-08-28T15:34:31.269333,1481.3,cam_02,ONLINE,0.22,0,440,1000,1
2026-08-28T15:34:31.269333,1481.3,cam_03,ONLINE,0.06,0,262,685,1
2026-08-28T15:34:31.269333,1481.3,cam_04,ONLINE,0.14,0,287,751,1
2026-08-28T15:34:31.269333,1481.3,cam_05,ONLINE,0.14,0,344,813,1
2026-08-28T15:34:31.269333,1481.3,cam_06,ONLINE,0.28,0,203,585,1
2026-08-28T15:34:31.269333,1481.3,cam_07,ONLINE,0.12,0,215,559,1
2026-08-28T15:34:31.269333,1481.3,cam_08,ONLINE,0.11,0,317,753,1
2026-08-28T15:34:31.269333,1481.3,cam_09,ONLINE,1.88,0,424,926,1
2026-08-28T15:34:31.269333,1481.3,cam_10,ONLINE,0.62,0,397,870,1
2026-08-28T15:34:31.269333,1481.3,cam_11,ONLINE,0.06,0,312,814,1
2026-08-28T15:34:31.269333,1481.3,cam_12,ONLINE,0.11,0,236,622,1
2026-08-28T15:34:31.269333,1481.3,cam_13,ONLINE,0.17,0,297,163,1
2026-08-28T15:34:31.269333,1481.3,cam_14,ONLINE,0.22,0,191,539,1
2026-08-28T15:34:31.269333,1481.3,cam_15,ONLINE,0.41,0,449,932,1
2026-08-28T15:34:41.276727,1491.3,cam_01,ONLINE,0.31,0,418,991,1
2026-08-28T15:34:41.276727,1491.3,cam_02,ONLINE,0.22,0,440,1000,1
2026-08-28T15:34:41.276727,1491.3,cam_03,ONLINE,0.06,0,262,685,1
2026-08-28T15:34:41.276727,1491.3,cam_04,ONLINE,0.14,0,287,751,1
2026-08-28T15:34:41.276727,1491.3,cam_05,ONLINE,0.14,0,344,813,1
2026-08-28T15:34:41.276727,1491.3,cam_06,ONLINE,0.28,0,203,585,1
2026-08-28T15:34:41.276727,1491.3,cam_07,ONLINE,0.12,0,215,559,1
2026-08-28T15:34:41.276727,1491.3,cam_08,ONLINE,0.11,0,317,753,1
2026-08-28T15:34:41.276727,1491.3,cam_09,ONLINE,1.88,0,424,926,1
2026-08-28T15:34:41.276727,1491.3,cam_10,ONLINE,0.62,0,397,870,1
2026-08-28T15:34:41.276727,1491.3,cam_11,ONLINE,0.06,0,312,814,1
2026-08-28T15:34:41.276727,1491.3,cam_12,ONLINE,0.11,0,236,622,1
2026-08-28T15:34:41.276727,1491.3,cam_13,ONLINE,0.17,0,297,163,1
2026-08-28T15:34:41.276727,1491.3,cam_14,ONLINE,0.22,0,191,539,1
2026-08-28T15:34:41.276727,1491.3,cam_15,ONLINE,0.41,0,449,932,1
2026-08-28T15:34:51.286723,1501.3,cam_01,ONLINE,0.31,0,418,991,1
2026-08-28T15:34:51.286723,1501.3,cam_02,ONLINE,0.22,0,440,1000,1
2026-08-28T15:34:51.286723,1501.3,cam_03,ONLINE,0.06,0,262,685,1
2026-08-28T15:34:51.286723,1501.3,cam_04,ONLINE,0.14,0,287,751,1
2026-08-28T15:34:51.286723,1501.3,cam_05,ONLINE,0.14,0,344,813,1
2026-08-28T15:34:51.286723,1501.3,cam_06,ONLINE,0.28,0,203,585,1
2026-08-28T15:34:51.286723,1501.3,cam_07,ONLINE,0.12,0,215,559,1
2026-08-28T15:34:51.286723,1501.3,cam_08,ONLINE,0.11,0,317,753,1
2026-08-28T15:34:51.286723,1501.3,cam_09,ONLINE,1.88,0,424,926,1
2026-08-28T15:34:51.286723,1501.3,cam_10,ONLINE,0.62,0,397,870,1
2026-08-28T15:34:51.286723,1501.3,cam_11,ONLINE,0.06,0,312,814,1
2026-08-28T15:34:51.286723,1501.3,cam_12,ONLINE,0.11,0,236,622,1
2026-08-28T15:34:51.286723,1501.3,cam_13,ONLINE,0.17,0,297,163,1
2026-08-28T15:34:51.286723,1501.3,cam_14,ONLINE,0.22,0,191,539,1
2026-08-28T15:34:51.286723,1501.3,cam_15,ONLINE,0.41,0,449,932,1
2026-08-28T15:35:01.297441,1511.3,cam_01,ONLINE,0.31,0,418,991,1
2026-08-28T15:35:01.297441,1511.3,cam_02,ONLINE,0.22,0,440,1000,1
2026-08-28T15:35:01.297441,1511.3,cam_03,ONLINE,0.06,0,262,685,1
2026-08-28T15:35:01.297441,1511.3,cam_04,ONLINE,0.14,0,287,751,1
2026-08-28T15:35:01.297441,1511.3,cam_05,ONLINE,0.14,0,344,813,1
2026-08-28T15:35:01.297441,1511.3,cam_06,ONLINE,0.28,0,203,585,1
2026-08-28T15:35:01.297441,1511.3,cam_07,ONLINE,0.12,0,215,559,1
2026-08-28T15:35:01.297441,1511.3,cam_08,ONLINE,0.11,0,317,753,1
2026-08-28T15:35:01.297441,1511.3,cam_09,ONLINE,1.88,0,424,926,1
2026-08-28T15:35:01.297441,1511.3,cam_10,ONLINE,0.62,0,397,870,1
2026-08-28T15:35:01.297441,1511.3,cam_11,ONLINE,0.06,0,312,814,1
2026-08-28T15:35:01.297441,1511.3,cam_12,ONLINE,0.11,0,236,622,1
2026-08-28T15:35:01.297441,1511.3,cam_13,ONLINE,0.17,0,297,163,1
2026-08-28T15:35:01.297441,1511.3,cam_14,ONLINE,0.22,0,191,539,1
2026-08-28T15:35:01.297441,1511.3,cam_15,ONLINE,0.41,0,449,932,1
2026-08-28T15:35:11.305560,1521.3,cam_01,ONLINE,0.31,0,418,991,1
2026-08-28T15:35:11.305560,1521.3,cam_02,ONLINE,0.22,0,440,1000,1
2026-08-28T15:35:11.305560,1521.3,cam_03,ONLINE,0.06,0,262,685,1
2026-08-28T15:35:11.305560,1521.3,cam_04,ONLINE,0.14,0,287,751,1
2026-08-28T15:35:11.305560,1521.3,cam_05,ONLINE,0.14,0,344,813,1
2026-08-28T15:35:11.305560,1521.3,cam_06,ONLINE,0.28,0,203,585,1
2026-08-28T15:35:11.305560,1521.3,cam_07,ONLINE,0.12,0,215,559,1
2026-08-28T15:35:11.305560,1521.3,cam_08,ONLINE,0.11,0,317,753,1
2026-08-28T15:35:11.305560,1521.3,cam_09,ONLINE,1.88,0,424,926,1
2026-08-28T15:35:11.305560,1521.3,cam_10,ONLINE,0.62,0,397,870,1
2026-08-28T15:35:11.305560,1521.3,cam_11,ONLINE,0.06,0,312,814,1
2026-08-28T15:35:11.305560,1521.3,cam_12,ONLINE,0.11,0,236,622,1
2026-08-28T15:35:11.305560,1521.3,cam_13,ONLINE,0.17,0,297,163,1
2026-08-28T15:35:11.305560,1521.3,cam_14,ONLINE,0.22,0,191,539,1
2026-08-28T15:35:11.305560,1521.3,cam_15,ONLINE,0.41,0,449,932,1
2026-08-28T15:35:21.314043,1531.3,cam_01,ONLINE,0.31,0,418,991,1
2026-08-28T15:35:21.314043,1531.3,cam_02,ONLINE,0.22,0,440,1000,1
2026-08-28T15:35:21.314043,1531.3,cam_03,ONLINE,0.06,0,262,685,1
2026-08-28T15:35:21.314043,1531.3,cam_04,ONLINE,0.14,0,287,751,1
2026-08-28T15:35:21.314043,1531.3,cam_05,ONLINE,0.14,0,344,813,1
2026-08-28T15:35:21.314043,1531.3,cam_06,ONLINE,0.28,0,203,585,1
2026-08-28T15:35:21.314043,1531.3,cam_07,ONLINE,0.12,0,215,559,1
2026-08-28T15:35:21.314043,1531.3,cam_08,ONLINE,0.11,0,317,753,1
2026-08-28T15:35:21.314043,1531.3,cam_09,ONLINE,1.88,0,424,926,1
2026-08-28T15:35:21.314043,1531.3,cam_10,ONLINE,0.62,0,397,870,1
2026-08-28T15:35:21.314043,1531.3,cam_11,ONLINE,0.06,0,312,814,1
2026-08-28T15:35:21.314043,1531.3,cam_12,ONLINE,0.11,0,236,622,1
2026-08-28T15:35:21.314043,1531.3,cam_13,ONLINE,0.17,0,297,163,1
2026-08-28T15:35:21.314043,1531.3,cam_14,ONLINE,0.22,0,191,539,1
2026-08-28T15:35:21.314043,1531.3,cam_15,ONLINE,0.41,0,449,932,1
2026-08-28T15:35:31.321204,1541.3,cam_01,ONLINE,0.31,0,418,991,1
2026-08-28T15:35:31.321204,1541.3,cam_02,ONLINE,0.22,0,440,1000,1
2026-08-28T15:35:31.321204,1541.3,cam_03,ONLINE,0.06,0,262,685,1
2026-08-28T15:35:31.321204,1541.3,cam_04,ONLINE,0.14,0,287,751,1
2026-08-28T15:35:31.321204,1541.3,cam_05,ONLINE,0.14,0,344,813,1
2026-08-28T15:35:31.321204,1541.3,cam_06,ONLINE,0.28,0,203,585,1
2026-08-28T15:35:31.321204,1541.3,cam_07,ONLINE,0.12,0,215,559,1
2026-08-28T15:35:31.321204,1541.3,cam_08,ONLINE,0.11,0,317,753,1
2026-08-28T15:35:31.321204,1541.3,cam_09,ONLINE,1.88,0,424,926,1
2026-08-28T15:35:31.321204,1541.3,cam_10,ONLINE,0.62,0,397,870,1
2026-08-28T15:35:31.321204,1541.3,cam_11,ONLINE,0.06,0,312,814,1
2026-08-28T15:35:31.321204,1541.3,cam_12,ONLINE,0.11,0,236,622,1
2026-08-28T15:35:31.321204,1541.3,cam_13,ONLINE,0.17,0,297,163,1
2026-08-28T15:35:31.321204,1541.3,cam_14,ONLINE,0.22,0,191,539,1
2026-08-28T15:35:31.321204,1541.3,cam_15,ONLINE,0.41,0,449,932,1
2026-08-28T15:35:41.330939,1551.4,cam_01,ONLINE,0.31,0,418,991,1
2026-08-28T15:35:41.330939,1551.4,cam_02,ONLINE,0.22,0,440,1000,1
2026-08-28T15:35:41.330939,1551.4,cam_03,ONLINE,0.06,0,262,685,1
2026-08-28T15:35:41.330939,1551.4,cam_04,ONLINE,0.14,0,287,751,1
2026-08-28T15:35:41.330939,1551.4,cam_05,ONLINE,0.14,0,344,813,1
2026-08-28T15:35:41.330939,1551.4,cam_06,ONLINE,0.28,0,203,585,1
2026-08-28T15:35:41.330939,1551.4,cam_07,ONLINE,0.12,0,215,559,1
2026-08-28T15:35:41.330939,1551.4,cam_08,ONLINE,0.11,0,317,753,1
2026-08-28T15:35:41.330939,1551.4,cam_09,ONLINE,1.88,0,424,926,1
2026-08-28T15:35:41.330939,1551.4,cam_10,ONLINE,0.62,0,397,870,1
2026-08-28T15:35:41.330939,1551.4,cam_11,ONLINE,0.06,0,312,814,1
2026-08-28T15:35:41.330939,1551.4,cam_12,ONLINE,0.11,0,236,622,1
2026-08-28T15:35:41.330939,1551.4,cam_13,ONLINE,0.17,0,297,163,1
2026-08-28T15:35:41.330939,1551.4,cam_14,ONLINE,0.22,0,191,539,1
2026-08-28T15:35:41.330939,1551.4,cam_15,ONLINE,0.41,0,449,932,1
2026-08-28T15:35:51.339463,1561.4,cam_01,ONLINE,0.31,0,418,991,1
2026-08-28T15:35:51.339463,1561.4,cam_02,ONLINE,0.22,0,440,1000,1
2026-08-28T15:35:51.339463,1561.4,cam_03,ONLINE,0.06,0,262,685,1
2026-08-28T15:35:51.339463,1561.4,cam_04,ONLINE,0.14,0,287,751,1
2026-08-28T15:35:51.339463,1561.4,cam_05,ONLINE,0.14,0,344,813,1
2026-08-28T15:35:51.339463,1561.4,cam_06,ONLINE,0.28,0,203,585,1
2026-08-28T15:35:51.339463,1561.4,cam_07,ONLINE,0.12,0,215,559,1
2026-08-28T15:35:51.339463,1561.4,cam_08,ONLINE,0.11,0,317,753,1
2026-08-28T15:35:51.339463,1561.4,cam_09,ONLINE,1.88,0,424,926,1
2026-08-28T15:35:51.339463,1561.4,cam_10,ONLINE,0.62,0,397,870,1
2026-08-28T15:35:51.339463,1561.4,cam_11,ONLINE,0.06,0,312,814,1
2026-08-28T15:35:51.339463,1561.4,cam_12,ONLINE,0.11,0,236,622,1
2026-08-28T15:35:51.339463,1561.4,cam_13,ONLINE,0.17,0,297,163,1
2026-08-28T15:35:51.339463,1561.4,cam_14,ONLINE,0.22,0,191,539,1
2026-08-28T15:35:51.339463,1561.4,cam_15,ONLINE,0.41,0,449,932,1
2026-08-28T15:36:01.351718,1571.4,cam_01,ONLINE,0.31,0,418,991,1
2026-08-28T15:36:01.351718,1571.4,cam_02,ONLINE,0.22,0,440,1000,1
2026-08-28T15:36:01.351718,1571.4,cam_03,ONLINE,0.06,0,262,685,1
2026-08-28T15:36:01.351718,1571.4,cam_04,ONLINE,0.14,0,287,751,1
2026-08-28T15:36:01.351718,1571.4,cam_05,ONLINE,0.14,0,344,813,1
2026-08-28T15:36:01.351718,1571.4,cam_06,ONLINE,0.28,0,203,585,1
2026-08-28T15:36:01.351718,1571.4,cam_07,ONLINE,0.12,0,215,559,1
2026-08-28T15:36:01.351718,1571.4,cam_08,ONLINE,0.11,0,317,753,1
2026-08-28T15:36:01.351718,1571.4,cam_09,ONLINE,1.88,0,424,926,1
2026-08-28T15:36:01.351718,1571.4,cam_10,ONLINE,0.62,0,397,870,1
2026-08-28T15:36:01.351718,1571.4,cam_11,ONLINE,0.06,0,312,814,1
2026-08-28T15:36:01.351718,1571.4,cam_12,ONLINE,0.11,0,236,622,1
2026-08-28T15:36:01.351718,1571.4,cam_13,ONLINE,0.17,0,297,163,1
2026-08-28T15:36:01.351718,1571.4,cam_14,ONLINE,0.22,0,191,539,1
2026-08-28T15:36:01.351718,1571.4,cam_15,ONLINE,0.41,0,449,932,1
2026-08-28T15:36:11.359681,1581.4,cam_01,ONLINE,0.31,0,418,991,1
2026-08-28T15:36:11.359681,1581.4,cam_02,ONLINE,0.22,0,440,1000,1
2026-08-28T15:36:11.359681,1581.4,cam_03,ONLINE,0.06,0,262,685,1
2026-08-28T15:36:11.359681,1581.4,cam_04,ONLINE,0.14,0,287,751,1
2026-08-28T15:36:11.359681,1581.4,cam_05,ONLINE,0.14,0,344,813,1
2026-08-28T15:36:11.359681,1581.4,cam_06,ONLINE,0.28,0,203,585,1
2026-08-28T15:36:11.359681,1581.4,cam_07,ONLINE,0.12,0,215,559,1
2026-08-28T15:36:11.359681,1581.4,cam_08,ONLINE,0.11,0,317,753,1
2026-08-28T15:36:11.359681,1581.4,cam_09,ONLINE,1.88,0,424,926,1
2026-08-28T15:36:11.359681,1581.4,cam_10,ONLINE,0.62,0,397,870,1
2026-08-28T15:36:11.359681,1581.4,cam_11,ONLINE,0.06,0,312,814,1
2026-08-28T15:36:11.359681,1581.4,cam_12,ONLINE,0.11,0,236,622,1
2026-08-28T15:36:11.359681,1581.4,cam_13,ONLINE,0.17,0,297,163,1
2026-08-28T15:36:11.359681,1581.4,cam_14,ONLINE,0.22,0,191,539,1
2026-08-28T15:36:11.359681,1581.4,cam_15,ONLINE,0.41,0,449,932,1
2026-08-28T15:36:21.367066,1591.4,cam_01,ONLINE,0.31,0,418,991,1
2026-08-28T15:36:21.367066,1591.4,cam_02,ONLINE,0.22,0,440,1000,1
2026-08-28T15:36:21.367066,1591.4,cam_03,ONLINE,0.06,0,262,685,1
2026-08-28T15:36:21.367066,1591.4,cam_04,ONLINE,0.14,0,287,751,1
2026-08-28T15:36:21.367066,1591.4,cam_05,ONLINE,0.14,0,344,813,1
2026-08-28T15:36:21.367066,1591.4,cam_06,ONLINE,0.28,0,203,585,1
2026-08-28T15:36:21.367066,1591.4,cam_07,ONLINE,0.12,0,215,559,1
2026-08-28T15:36:21.367066,1591.4,cam_08,ONLINE,0.11,0,317,753,1
2026-08-28T15:36:21.367066,1591.4,cam_09,ONLINE,1.88,0,424,926,1
2026-08-28T15:36:21.367066,1591.4,cam_10,ONLINE,0.62,0,397,870,1
2026-08-28T15:36:21.367066,1591.4,cam_11,ONLINE,0.06,0,312,814,1
2026-08-28T15:36:21.367066,1591.4,cam_12,ONLINE,0.11,0,236,622,1
2026-08-28T15:36:21.367066,1591.4,cam_13,ONLINE,0.17,0,297,163,1
2026-08-28T15:36:21.367066,1591.4,cam_14,ONLINE,0.22,0,191,539,1
2026-08-28T15:36:21.367066,1591.4,cam_15,ONLINE,0.41,0,449,932,1
2026-08-28T15:36:31.375224,1601.4,cam_01,ONLINE,0.31,0,418,991,1
2026-08-28T15:36:31.375224,1601.4,cam_02,ONLINE,0.22,0,440,1000,1
2026-08-28T15:36:31.375224,1601.4,cam_03,ONLINE,0.06,0,262,685,1
2026-08-28T15:36:31.375224,1601.4,cam_04,ONLINE,0.14,0,287,751,1
2026-08-28T15:36:31.375224,1601.4,cam_05,ONLINE,0.14,0,344,813,1
2026-08-28T15:36:31.375224,1601.4,cam_06,ONLINE,0.28,0,203,585,1
2026-08-28T15:36:31.375224,1601.4,cam_07,ONLINE,0.12,0,215,559,1
2026-08-28T15:36:31.375224,1601.4,cam_08,ONLINE,0.11,0,317,753,1
2026-08-28T15:36:31.375224,1601.4,cam_09,ONLINE,1.88,0,424,926,1
2026-08-28T15:36:31.375224,1601.4,cam_10,ONLINE,0.62,0,397,870,1
2026-08-28T15:36:31.375224,1601.4,cam_11,ONLINE,0.06,0,312,814,1
2026-08-28T15:36:31.375224,1601.4,cam_12,ONLINE,0.11,0,236,622,1
2026-08-28T15:36:31.375224,1601.4,cam_13,ONLINE,0.17,0,297,163,1
2026-08-28T15:36:31.375224,1601.4,cam_14,ONLINE,0.22,0,191,539,1
2026-08-28T15:36:31.375224,1601.4,cam_15,ONLINE,0.41,0,449,932,1
2026-08-28T15:36:41.384225,1611.4,cam_01,ONLINE,0.31,0,418,991,1
2026-08-28T15:36:41.384225,1611.4,cam_02,ONLINE,0.22,0,440,1000,1
2026-08-28T15:36:41.384225,1611.4,cam_03,ONLINE,0.06,0,262,685,1
2026-08-28T15:36:41.384225,1611.4,cam_04,ONLINE,0.14,0,287,751,1
2026-08-28T15:36:41.384225,1611.4,cam_05,ONLINE,0.14,0,344,813,1
2026-08-28T15:36:41.384225,1611.4,cam_06,ONLINE,0.28,0,203,585,1
2026-08-28T15:36:41.384225,1611.4,cam_07,ONLINE,0.12,0,215,559,1
2026-08-28T15:36:41.384225,1611.4,cam_08,ONLINE,0.11,0,317,753,1
2026-08-28T15:36:41.384225,1611.4,cam_09,ONLINE,1.88,0,424,926,1
2026-08-28T15:36:41.384225,1611.4,cam_10,ONLINE,0.62,0,397,870,1
2026-08-28T15:36:41.384225,1611.4,cam_11,ONLINE,0.06,0,312,814,1
2026-08-28T15:36:41.384225,1611.4,cam_12,ONLINE,0.11,0,236,622,1
2026-08-28T15:36:41.384225,1611.4,cam_13,ONLINE,0.17,0,297,163,1
2026-08-28T15:36:41.384225,1611.4,cam_14,ONLINE,0.22,0,191,539,1
2026-08-28T15:36:41.384225,1611.4,cam_15,ONLINE,0.41,0,449,932,1
2026-08-28T15:36:51.392223,1621.4,cam_01,ONLINE,0.31,0,418,991,1
2026-08-28T15:36:51.392223,1621.4,cam_02,ONLINE,0.22,0,440,1000,1
2026-08-28T15:36:51.392223,1621.4,cam_03,ONLINE,0.06,0,262,685,1
2026-08-28T15:36:51.392223,1621.4,cam_04,ONLINE,0.14,0,287,751,1
2026-08-28T15:36:51.392223,1621.4,cam_05,ONLINE,0.14,0,344,813,1
2026-08-28T15:36:51.392223,1621.4,cam_06,ONLINE,0.28,0,203,585,1
2026-08-28T15:36:51.392223,1621.4,cam_07,ONLINE,0.12,0,215,559,1
2026-08-28T15:36:51.392223,1621.4,cam_08,ONLINE,0.11,0,317,753,1
2026-08-28T15:36:51.392223,1621.4,cam_09,ONLINE,1.88,0,424,926,1
2026-08-28T15:36:51.392223,1621.4,cam_10,ONLINE,0.62,0,397,870,1
2026-08-28T15:36:51.392223,1621.4,cam_11,ONLINE,0.06,0,312,814,1
2026-08-28T15:36:51.392223,1621.4,cam_12,ONLINE,0.11,0,236,622,1
2026-08-28T15:36:51.392223,1621.4,cam_13,ONLINE,0.17,0,297,163,1
2026-08-28T15:36:51.392223,1621.4,cam_14,ONLINE,0.22,0,191,539,1
2026-08-28T15:36:51.392223,1621.4,cam_15,ONLINE,0.41,0,449,932,1
2026-08-28T15:37:01.406522,1631.4,cam_01,ONLINE,0.31,0,418,991,1
2026-08-28T15:37:01.406522,1631.4,cam_02,ONLINE,0.22,0,440,1000,1
2026-08-28T15:37:01.406522,1631.4,cam_03,ONLINE,0.06,0,262,685,1
2026-08-28T15:37:01.406522,1631.4,cam_04,ONLINE,0.14,0,287,751,1
2026-08-28T15:37:01.406522,1631.4,cam_05,ONLINE,0.14,0,344,813,1
2026-08-28T15:37:01.406522,1631.4,cam_06,ONLINE,0.28,0,203,585,1
2026-08-28T15:37:01.406522,1631.4,cam_07,ONLINE,0.12,0,215,559,1
2026-08-28T15:37:01.406522,1631.4,cam_08,ONLINE,0.11,0,317,753,1
2026-08-28T15:37:01.406522,1631.4,cam_09,ONLINE,1.88,0,424,926,1
2026-08-28T15:37:01.406522,1631.4,cam_10,ONLINE,0.62,0,397,870,1
2026-08-28T15:37:01.406522,1631.4,cam_11,ONLINE,0.06,0,312,814,1
2026-08-28T15:37:01.406522,1631.4,cam_12,ONLINE,0.11,0,236,622,1
2026-08-28T15:37:01.406522,1631.4,cam_13,ONLINE,0.17,0,297,163,1
2026-08-28T15:37:01.406522,1631.4,cam_14,ONLINE,0.22,0,191,539,1
2026-08-28T15:37:01.406522,1631.4,cam_15,ONLINE,0.41,0,449,932,1
2026-08-28T15:37:11.413680,1641.4,cam_01,ONLINE,0.31,0,418,991,1
2026-08-28T15:37:11.413680,1641.4,cam_02,ONLINE,0.22,0,440,1000,1
2026-08-28T15:37:11.413680,1641.4,cam_03,ONLINE,0.06,0,262,685,1
2026-08-28T15:37:11.413680,1641.4,cam_04,ONLINE,0.14,0,287,751,1
2026-08-28T15:37:11.413680,1641.4,cam_05,ONLINE,0.14,0,344,813,1
2026-08-28T15:37:11.413680,1641.4,cam_06,ONLINE,0.28,0,203,585,1
2026-08-28T15:37:11.413680,1641.4,cam_07,ONLINE,0.12,0,215,559,1
2026-08-28T15:37:11.413680,1641.4,cam_08,ONLINE,0.11,0,317,753,1
2026-08-28T15:37:11.413680,1641.4,cam_09,ONLINE,1.88,0,424,926,1
2026-08-28T15:37:11.413680,1641.4,cam_10,ONLINE,0.62,0,397,870,1
2026-08-28T15:37:11.413680,1641.4,cam_11,ONLINE,0.06,0,312,814,1
2026-08-28T15:37:11.413680,1641.4,cam_12,ONLINE,0.11,0,236,622,1
2026-08-28T15:37:11.413680,1641.4,cam_13,ONLINE,0.17,0,297,163,1
2026-08-28T15:37:11.413680,1641.4,cam_14,ONLINE,0.22,0,191,539,1
2026-08-28T15:37:11.413680,1641.4,cam_15,ONLINE,0.41,0,449,932,1
2026-08-28T15:37:21.422852,1651.5,cam_01,ONLINE,0.31,0,418,991,1
2026-08-28T15:37:21.422852,1651.5,cam_02,ONLINE,0.22,0,440,1000,1
2026-08-28T15:37:21.422852,1651.5,cam_03,ONLINE,0.06,0,262,685,1
2026-08-28T15:37:21.422852,1651.5,cam_04,ONLINE,0.14,0,287,751,1
2026-08-28T15:37:21.422852,1651.5,cam_05,ONLINE,0.14,0,344,813,1
2026-08-28T15:37:21.422852,1651.5,cam_06,ONLINE,0.28,0,203,585,1
2026-08-28T15:37:21.422852,1651.5,cam_07,ONLINE,0.12,0,215,559,1
2026-08-28T15:37:21.422852,1651.5,cam_08,ONLINE,0.11,0,317,753,1
2026-08-28T15:37:21.422852,1651.5,cam_09,ONLINE,1.88,0,424,926,1
2026-08-28T15:37:21.422852,1651.5,cam_10,ONLINE,0.62,0,397,870,1
2026-08-28T15:37:21.422852,1651.5,cam_11,ONLINE,0.06,0,312,814,1
2026-08-28T15:37:21.422852,1651.5,cam_12,ONLINE,0.11,0,236,622,1
2026-08-28T15:37:21.422852,1651.5,cam_13,ONLINE,0.17,0,297,163,1
2026-08-28T15:37:21.422852,1651.5,cam_14,ONLINE,0.22,0,191,539,1
2026-08-28T15:37:21.422852,1651.5,cam_15,ONLINE,0.41,0,449,932,1
2026-08-28T15:37:31.430322,1661.5,cam_01,ONLINE,0.31,0,418,991,1
2026-08-28T15:37:31.430322,1661.5,cam_02,ONLINE,0.22,0,440,1000,1
2026-08-28T15:37:31.430322,1661.5,cam_03,ONLINE,0.06,0,262,685,1
2026-08-28T15:37:31.430322,1661.5,cam_04,ONLINE,0.14,0,287,751,1
2026-08-28T15:37:31.430322,1661.5,cam_05,ONLINE,0.14,0,344,813,1
2026-08-28T15:37:31.430322,1661.5,cam_06,ONLINE,0.28,0,203,585,1
2026-08-28T15:37:31.430322,1661.5,cam_07,ONLINE,0.12,0,215,559,1
2026-08-28T15:37:31.430322,1661.5,cam_08,ONLINE,0.11,0,317,753,1
2026-08-28T15:37:31.430322,1661.5,cam_09,ONLINE,1.88,0,424,926,1
2026-08-28T15:37:31.430322,1661.5,cam_10,ONLINE,0.62,0,397,870,1
2026-08-28T15:37:31.430322,1661.5,cam_11,ONLINE,0.06,0,312,814,1
2026-08-28T15:37:31.430322,1661.5,cam_12,ONLINE,0.11,0,236,622,1
2026-08-28T15:37:31.430322,1661.5,cam_13,ONLINE,0.17,0,297,163,1
2026-08-28T15:37:31.430322,1661.5,cam_14,ONLINE,0.22,0,191,539,1
2026-08-28T15:37:31.430322,1661.5,cam_15,ONLINE,0.41,0,449,932,1
2026-08-28T15:37:41.435807,1671.5,cam_01,ONLINE,0.31,0,418,991,1
2026-08-28T15:37:41.435807,1671.5,cam_02,ONLINE,0.22,0,440,1000,1
2026-08-28T15:37:41.435807,1671.5,cam_03,ONLINE,0.06,0,262,685,1
2026-08-28T15:37:41.435807,1671.5,cam_04,ONLINE,0.14,0,287,751,1
2026-08-28T15:37:41.435807,1671.5,cam_05,ONLINE,0.14,0,344,813,1
2026-08-28T15:37:41.435807,1671.5,cam_06,ONLINE,0.28,0,203,585,1
2026-08-28T15:37:41.435807,1671.5,cam_07,ONLINE,0.12,0,215,559,1
2026-08-28T15:37:41.435807,1671.5,cam_08,ONLINE,0.11,0,317,753,1
2026-08-28T15:37:41.435807,1671.5,cam_09,ONLINE,1.88,0,424,926,1
2026-08-28T15:37:41.435807,1671.5,cam_10,ONLINE,0.62,0,397,870,1
2026-08-28T15:37:41.435807,1671.5,cam_11,ONLINE,0.06,0,312,814,1
2026-08-28T15:37:41.435807,1671.5,cam_12,ONLINE,0.11,0,236,622,1
2026-08-28T15:37:41.435807,1671.5,cam_13,ONLINE,0.17,0,297,163,1
2026-08-28T15:37:41.435807,1671.5,cam_14,ONLINE,0.22,0,191,539,1
2026-08-28T15:37:41.435807,1671.5,cam_15,ONLINE,0.41,0,449,932,1
2026-08-28T15:37:51.445854,1681.5,cam_01,ONLINE,0.31,0,418,991,1
2026-08-28T15:37:51.445854,1681.5,cam_02,ONLINE,0.22,0,440,1000,1
2026-08-28T15:37:51.445854,1681.5,cam_03,ONLINE,0.06,0,262,685,1
2026-08-28T15:37:51.445854,1681.5,cam_04,ONLINE,0.14,0,287,751,1
2026-08-28T15:37:51.445854,1681.5,cam_05,ONLINE,0.14,0,344,813,1
2026-08-28T15:37:51.445854,1681.5,cam_06,ONLINE,0.28,0,203,585,1
2026-08-28T15:37:51.445854,1681.5,cam_07,ONLINE,0.12,0,215,559,1
2026-08-28T15:37:51.445854,1681.5,cam_08,ONLINE,0.11,0,317,753,1
2026-08-28T15:37:51.445854,1681.5,cam_09,ONLINE,1.88,0,424,926,1
2026-08-28T15:37:51.445854,1681.5,cam_10,ONLINE,0.62,0,397,870,1
2026-08-28T15:37:51.445854,1681.5,cam_11,ONLINE,0.06,0,312,814,1
2026-08-28T15:37:51.445854,1681.5,cam_12,ONLINE,0.11,0,236,622,1
2026-08-28T15:37:51.445854,1681.5,cam_13,ONLINE,0.17,0,297,163,1
2026-08-28T15:37:51.445854,1681.5,cam_14,ONLINE,0.22,0,191,539,1
2026-08-28T15:37:51.445854,1681.5,cam_15,ONLINE,0.41,0,449,932,1
2026-08-28T15:38:01.460154,1691.5,cam_01,ONLINE,0.31,0,418,991,1
2026-08-28T15:38:01.460154,1691.5,cam_02,ONLINE,0.22,0,440,1000,1
2026-08-28T15:38:01.460154,1691.5,cam_03,ONLINE,0.06,0,262,685,1
2026-08-28T15:38:01.460154,1691.5,cam_04,ONLINE,0.14,0,287,751,1
2026-08-28T15:38:01.460154,1691.5,cam_05,ONLINE,0.14,0,344,813,1
2026-08-28T15:38:01.460154,1691.5,cam_06,ONLINE,0.28,0,203,585,1
2026-08-28T15:38:01.460154,1691.5,cam_07,ONLINE,0.12,0,215,559,1
2026-08-28T15:38:01.460154,1691.5,cam_08,ONLINE,0.11,0,317,753,1
2026-08-28T15:38:01.460154,1691.5,cam_09,ONLINE,1.88,0,424,926,1
2026-08-28T15:38:01.460154,1691.5,cam_10,ONLINE,0.62,0,397,870,1
2026-08-28T15:38:01.460154,1691.5,cam_11,ONLINE,0.06,0,312,814,1
2026-08-28T15:38:01.460154,1691.5,cam_12,ONLINE,0.11,0,236,622,1
2026-08-28T15:38:01.460154,1691.5,cam_13,ONLINE,0.17,0,297,163,1
2026-08-28T15:38:01.460154,1691.5,cam_14,ONLINE,0.22,0,191,539,1
2026-08-28T15:38:01.460154,1691.5,cam_15,ONLINE,0.41,0,449,932,1
2026-08-28T15:38:11.469395,1701.5,cam_01,ONLINE,0.31,0,418,991,1
2026-08-28T15:38:11.469395,1701.5,cam_02,ONLINE,0.22,0,440,1000,1
2026-08-28T15:38:11.469395,1701.5,cam_03,ONLINE,0.06,0,262,685,1
2026-08-28T15:38:11.469395,1701.5,cam_04,ONLINE,0.14,0,287,751,1
2026-08-28T15:38:11.469395,1701.5,cam_05,ONLINE,0.14,0,344,813,1
2026-08-28T15:38:11.469395,1701.5,cam_06,ONLINE,0.28,0,203,585,1
2026-08-28T15:38:11.469395,1701.5,cam_07,ONLINE,0.12,0,215,559,1
2026-08-28T15:38:11.469395,1701.5,cam_08,ONLINE,0.11,0,317,753,1
2026-08-28T15:38:11.469395,1701.5,cam_09,ONLINE,1.88,0,424,926,1
2026-08-28T15:38:11.469395,1701.5,cam_10,ONLINE,0.62,0,397,870,1
2026-08-28T15:38:11.469395,1701.5,cam_11,ONLINE,0.06,0,312,814,1
2026-08-28T15:38:11.469395,1701.5,cam_12,ONLINE,0.11,0,236,622,1
2026-08-28T15:38:11.469395,1701.5,cam_13,ONLINE,0.17,0,297,163,1
2026-08-28T15:38:11.469395,1701.5,cam_14,ONLINE,0.22,0,191,539,1
2026-08-28T15:38:11.469395,1701.5,cam_15,ONLINE,0.41,0,449,932,1
2026-08-28T15:38:21.479830,1711.5,cam_01,ONLINE,0.31,0,418,991,1
2026-08-28T15:38:21.479830,1711.5,cam_02,ONLINE,0.22,0,440,1000,1
2026-08-28T15:38:21.479830,1711.5,cam_03,ONLINE,0.06,0,262,685,1
2026-08-28T15:38:21.479830,1711.5,cam_04,ONLINE,0.14,0,287,751,1
2026-08-28T15:38:21.479830,1711.5,cam_05,ONLINE,0.14,0,344,813,1
2026-08-28T15:38:21.479830,1711.5,cam_06,ONLINE,0.28,0,203,585,1
2026-08-28T15:38:21.479830,1711.5,cam_07,ONLINE,0.12,0,215,559,1
2026-08-28T15:38:21.479830,1711.5,cam_08,ONLINE,0.11,0,317,753,1
2026-08-28T15:38:21.479830,1711.5,cam_09,ONLINE,1.88,0,424,926,1
2026-08-28T15:38:21.479830,1711.5,cam_10,ONLINE,0.62,0,397,870,1
2026-08-28T15:38:21.479830,1711.5,cam_11,ONLINE,0.06,0,312,814,1
2026-08-28T15:38:21.479830,1711.5,cam_12,ONLINE,0.11,0,236,622,1
2026-08-28T15:38:21.479830,1711.5,cam_13,ONLINE,0.17,0,297,163,1
2026-08-28T15:38:21.479830,1711.5,cam_14,ONLINE,0.22,0,191,539,1
2026-08-28T15:38:21.479830,1711.5,cam_15,ONLINE,0.41,0,449,932,1
2026-08-28T15:38:31.487645,1721.5,cam_01,ONLINE,0.31,0,418,991,1
2026-08-28T15:38:31.487645,1721.5,cam_02,ONLINE,0.22,0,440,1000,1
2026-08-28T15:38:31.487645,1721.5,cam_03,ONLINE,0.06,0,262,685,1
2026-08-28T15:38:31.487645,1721.5,cam_04,ONLINE,0.14,0,287,751,1
2026-08-28T15:38:31.487645,1721.5,cam_05,ONLINE,0.14,0,344,813,1
2026-08-28T15:38:31.487645,1721.5,cam_06,ONLINE,0.28,0,203,585,1
2026-08-28T15:38:31.487645,1721.5,cam_07,ONLINE,0.12,0,215,559,1
2026-08-28T15:38:31.487645,1721.5,cam_08,ONLINE,0.11,0,317,753,1
2026-08-28T15:38:31.487645,1721.5,cam_09,ONLINE,1.88,0,424,926,1
2026-08-28T15:38:31.487645,1721.5,cam_10,ONLINE,0.62,0,397,870,1
2026-08-28T15:38:31.487645,1721.5,cam_11,ONLINE,0.06,0,312,814,1
2026-08-28T15:38:31.487645,1721.5,cam_12,ONLINE,0.11,0,236,622,1
2026-08-28T15:38:31.487645,1721.5,cam_13,ONLINE,0.17,0,297,163,1
2026-08-28T15:38:31.487645,1721.5,cam_14,ONLINE,0.22,0,191,539,1
2026-08-28T15:38:31.487645,1721.5,cam_15,ONLINE,0.41,0,449,932,1
2026-08-28T15:38:41.494575,1731.5,cam_01,ONLINE,0.31,0,418,991,1
2026-08-28T15:38:41.494575,1731.5,cam_02,ONLINE,0.22,0,440,1000,1
2026-08-28T15:38:41.494575,1731.5,cam_03,ONLINE,0.06,0,262,685,1
2026-08-28T15:38:41.494575,1731.5,cam_04,ONLINE,0.14,0,287,751,1
2026-08-28T15:38:41.494575,1731.5,cam_05,ONLINE,0.14,0,344,813,1
2026-08-28T15:38:41.494575,1731.5,cam_06,ONLINE,0.28,0,203,585,1
2026-08-28T15:38:41.494575,1731.5,cam_07,ONLINE,0.12,0,215,559,1
2026-08-28T15:38:41.494575,1731.5,cam_08,ONLINE,0.11,0,317,753,1
2026-08-28T15:38:41.494575,1731.5,cam_09,ONLINE,1.88,0,424,926,1
2026-08-28T15:38:41.494575,1731.5,cam_10,ONLINE,0.62,0,397,870,1
2026-08-28T15:38:41.494575,1731.5,cam_11,ONLINE,0.06,0,312,814,1
2026-08-28T15:38:41.494575,1731.5,cam_12,ONLINE,0.11,0,236,622,1
2026-08-28T15:38:41.494575,1731.5,cam_13,ONLINE,0.17,0,297,163,1
2026-08-28T15:38:41.494575,1731.5,cam_14,ONLINE,0.22,0,191,539,1
2026-08-28T15:38:41.494575,1731.5,cam_15,ONLINE,0.41,0,449,932,1
2026-08-28T15:38:51.502378,1741.5,cam_01,ONLINE,0.31,0,418,991,1
2026-08-28T15:38:51.502378,1741.5,cam_02,ONLINE,0.22,0,440,1000,1
2026-08-28T15:38:51.502378,1741.5,cam_03,ONLINE,0.06,0,262,685,1
2026-08-28T15:38:51.502378,1741.5,cam_04,ONLINE,0.14,0,287,751,1
2026-08-28T15:38:51.502378,1741.5,cam_05,ONLINE,0.14,0,344,813,1
2026-08-28T15:38:51.502378,1741.5,cam_06,ONLINE,0.28,0,203,585,1
2026-08-28T15:38:51.502378,1741.5,cam_07,ONLINE,0.12,0,215,559,1
2026-08-28T15:38:51.502378,1741.5,cam_08,ONLINE,0.11,0,317,753,1
2026-08-28T15:38:51.502378,1741.5,cam_09,ONLINE,1.88,0,424,926,1
2026-08-28T15:38:51.502378,1741.5,cam_10,ONLINE,0.62,0,397,870,1
2026-08-28T15:38:51.502378,1741.5,cam_11,ONLINE,0.06,0,312,814,1
2026-08-28T15:38:51.502378,1741.5,cam_12,ONLINE,0.11,0,236,622,1
2026-08-28T15:38:51.502378,1741.5,cam_13,ONLINE,0.17,0,297,163,1
2026-08-28T15:38:51.502378,1741.5,cam_14,ONLINE,0.22,0,191,539,1
2026-08-28T15:38:51.502378,1741.5,cam_15,ONLINE,0.41,0,449,932,1
2026-08-28T15:39:01.516352,1751.5,cam_01,ONLINE,0.31,0,418,991,1
2026-08-28T15:39:01.516352,1751.5,cam_02,ONLINE,0.22,0,440,1000,1
2026-08-28T15:39:01.516352,1751.5,cam_03,ONLINE,0.06,0,262,685,1
2026-08-28T15:39:01.516352,1751.5,cam_04,ONLINE,0.14,0,287,751,1
2026-08-28T15:39:01.516352,1751.5,cam_05,ONLINE,0.14,0,344,813,1
2026-08-28T15:39:01.516352,1751.5,cam_06,ONLINE,0.28,0,203,585,1
2026-08-28T15:39:01.516352,1751.5,cam_07,ONLINE,0.12,0,215,559,1
2026-08-28T15:39:01.516352,1751.5,cam_08,ONLINE,0.11,0,317,753,1
2026-08-28T15:39:01.516352,1751.5,cam_09,ONLINE,1.88,0,424,926,1
2026-08-28T15:39:01.516352,1751.5,cam_10,ONLINE,0.62,0,397,870,1
2026-08-28T15:39:01.516352,1751.5,cam_11,ONLINE,0.06,0,312,814,1
2026-08-28T15:39:01.516352,1751.5,cam_12,ONLINE,0.11,0,236,622,1
2026-08-28T15:39:01.516352,1751.5,cam_13,ONLINE,0.17,0,297,163,1
2026-08-28T15:39:01.516352,1751.5,cam_14,ONLINE,0.22,0,191,539,1
2026-08-28T15:39:01.516352,1751.5,cam_15,ONLINE,0.41,0,449,932,1
2026-08-28T15:39:11.524044,1761.5,cam_01,ONLINE,0.31,0,418,991,1
2026-08-28T15:39:11.524044,1761.5,cam_02,ONLINE,0.22,0,440,1000,1
2026-08-28T15:39:11.524044,1761.5,cam_03,ONLINE,0.06,0,262,685,1
2026-08-28T15:39:11.524044,1761.5,cam_04,ONLINE,0.14,0,287,751,1
2026-08-28T15:39:11.524044,1761.5,cam_05,ONLINE,0.14,0,344,813,1
2026-08-28T15:39:11.524044,1761.5,cam_06,ONLINE,0.28,0,203,585,1
2026-08-28T15:39:11.524044,1761.5,cam_07,ONLINE,0.12,0,215,559,1
2026-08-28T15:39:11.524044,1761.5,cam_08,ONLINE,0.11,0,317,753,1
2026-08-28T15:39:11.524044,1761.5,cam_09,ONLINE,1.88,0,424,926,1
2026-08-28T15:39:11.524044,1761.5,cam_10,ONLINE,0.62,0,397,870,1
2026-08-28T15:39:11.524044,1761.5,cam_11,ONLINE,0.06,0,312,814,1
2026-08-28T15:39:11.524044,1761.5,cam_12,ONLINE,0.11,0,236,622,1
2026-08-28T15:39:11.524044,1761.5,cam_13,ONLINE,0.17,0,297,163,1
2026-08-28T15:39:11.524044,1761.5,cam_14,ONLINE,0.22,0,191,539,1
2026-08-28T15:39:11.524044,1761.5,cam_15,ONLINE,0.41,0,449,932,1
2026-08-28T15:39:21.529664,1771.6,cam_01,ONLINE,0.31,0,418,991,1
2026-08-28T15:39:21.529664,1771.6,cam_02,ONLINE,0.22,0,440,1000,1
2026-08-28T15:39:21.529664,1771.6,cam_03,ONLINE,0.06,0,262,685,1
2026-08-28T15:39:21.529664,1771.6,cam_04,ONLINE,0.14,0,287,751,1
2026-08-28T15:39:21.529664,1771.6,cam_05,ONLINE,0.14,0,344,813,1
2026-08-28T15:39:21.529664,1771.6,cam_06,ONLINE,0.28,0,203,585,1
2026-08-28T15:39:21.529664,1771.6,cam_07,ONLINE,0.12,0,215,559,1
2026-08-28T15:39:21.529664,1771.6,cam_08,ONLINE,0.11,0,317,753,1
2026-08-28T15:39:21.529664,1771.6,cam_09,ONLINE,1.88,0,424,926,1
2026-08-28T15:39:21.529664,1771.6,cam_10,ONLINE,0.62,0,397,870,1
2026-08-28T15:39:21.529664,1771.6,cam_11,ONLINE,0.06,0,312,814,1
2026-08-28T15:39:21.529664,1771.6,cam_12,ONLINE,0.11,0,236,622,1
2026-08-28T15:39:21.529664,1771.6,cam_13,ONLINE,0.17,0,297,163,1
2026-08-28T15:39:21.529664,1771.6,cam_14,ONLINE,0.22,0,191,539,1
2026-08-28T15:39:21.529664,1771.6,cam_15,ONLINE,0.41,0,449,932,1
2026-08-28T15:39:31.534836,1781.6,cam_01,ONLINE,0.31,0,418,991,1
2026-08-28T15:39:31.534836,1781.6,cam_02,ONLINE,0.22,0,440,1000,1
2026-08-28T15:39:31.534836,1781.6,cam_03,ONLINE,0.06,0,262,685,1
2026-08-28T15:39:31.534836,1781.6,cam_04,ONLINE,0.14,0,287,751,1
2026-08-28T15:39:31.534836,1781.6,cam_05,ONLINE,0.14,0,344,813,1
2026-08-28T15:39:31.534836,1781.6,cam_06,ONLINE,0.28,0,203,585,1
2026-08-28T15:39:31.534836,1781.6,cam_07,ONLINE,0.12,0,215,559,1
2026-08-28T15:39:31.534836,1781.6,cam_08,ONLINE,0.11,0,317,753,1
2026-08-28T15:39:31.534836,1781.6,cam_09,ONLINE,1.88,0,424,926,1
2026-08-28T15:39:31.534836,1781.6,cam_10,ONLINE,0.62,0,397,870,1
2026-08-28T15:39:31.534836,1781.6,cam_11,ONLINE,0.06,0,312,814,1
2026-08-28T15:39:31.534836,1781.6,cam_12,ONLINE,0.11,0,236,622,1
2026-08-28T15:39:31.534836,1781.6,cam_13,ONLINE,0.17,0,297,163,1
2026-08-28T15:39:31.534836,1781.6,cam_14,ONLINE,0.22,0,191,539,1
2026-08-28T15:39:31.534836,1781.6,cam_15,ONLINE,0.41,0,449,932,1
2026-08-28T15:39:41.543299,1791.6,cam_01,ONLINE,0.31,0,418,991,1
2026-08-28T15:39:41.543299,1791.6,cam_02,ONLINE,0.22,0,440,1000,1
2026-08-28T15:39:41.543299,1791.6,cam_03,ONLINE,0.06,0,262,685,1
2026-08-28T15:39:41.543299,1791.6,cam_04,ONLINE,0.14,0,287,751,1
2026-08-28T15:39:41.543299,1791.6,cam_05,ONLINE,0.14,0,344,813,1
2026-08-28T15:39:41.543299,1791.6,cam_06,ONLINE,0.28,0,203,585,1
2026-08-28T15:39:41.543299,1791.6,cam_07,ONLINE,0.12,0,215,559,1
2026-08-28T15:39:41.543299,1791.6,cam_08,ONLINE,0.11,0,317,753,1
2026-08-28T15:39:41.543299,1791.6,cam_09,ONLINE,1.88,0,424,926,1
2026-08-28T15:39:41.543299,1791.6,cam_10,ONLINE,0.62,0,397,870,1
2026-08-28T15:39:41.543299,1791.6,cam_11,ONLINE,0.06,0,312,814,1
2026-08-28T15:39:41.543299,1791.6,cam_12,ONLINE,0.11,0,236,622,1
2026-08-28T15:39:41.543299,1791.6,cam_13,ONLINE,0.17,0,297,163,1
2026-08-28T15:39:41.543299,1791.6,cam_14,ONLINE,0.22,0,191,539,1
2026-08-28T15:39:41.543299,1791.6,cam_15,ONLINE,0.41,0,449,932,1
2026-08-28T15:39:51.551011,1801.6,cam_01,ONLINE,0.31,0,418,991,1
2026-08-28T15:39:51.551011,1801.6,cam_02,ONLINE,0.22,0,440,1000,1
2026-08-28T15:39:51.551011,1801.6,cam_03,ONLINE,0.06,0,262,685,1
2026-08-28T15:39:51.551011,1801.6,cam_04,ONLINE,0.14,0,287,751,1
2026-08-28T15:39:51.551011,1801.6,cam_05,ONLINE,0.14,0,344,813,1
2026-08-28T15:39:51.551011,1801.6,cam_06,ONLINE,0.28,0,203,585,1
2026-08-28T15:39:51.551011,1801.6,cam_07,ONLINE,0.12,0,215,559,1
2026-08-28T15:39:51.551011,1801.6,cam_08,ONLINE,0.11,0,317,753,1
2026-08-28T15:39:51.551011,1801.6,cam_09,ONLINE,1.88,0,424,926,1
2026-08-28T15:39:51.551011,1801.6,cam_10,ONLINE,0.62,0,397,870,1
2026-08-28T15:39:51.551011,1801.6,cam_11,ONLINE,0.06,0,312,814,1
2026-08-28T15:39:51.551011,1801.6,cam_12,ONLINE,0.11,0,236,622,1
2026-08-28T15:39:51.551011,1801.6,cam_13,ONLINE,0.17,0,297,163,1
2026-08-28T15:39:51.551011,1801.6,cam_14,ONLINE,0.22,0,191,539,1
2026-08-28T15:39:51.551011,1801.6,cam_15,ONLINE,0.41,0,449,932,1
2026-08-28T15:40:01.562967,1811.6,cam_01,ONLINE,0.31,0,418,991,1
2026-08-28T15:40:01.562967,1811.6,cam_02,ONLINE,0.22,0,440,1000,1
2026-08-28T15:40:01.562967,1811.6,cam_03,ONLINE,0.06,0,262,685,1
2026-08-28T15:40:01.562967,1811.6,cam_04,ONLINE,0.14,0,287,751,1
2026-08-28T15:40:01.562967,1811.6,cam_05,ONLINE,0.14,0,344,813,1
2026-08-28T15:40:01.562967,1811.6,cam_06,ONLINE,0.28,0,203,585,1
2026-08-28T15:40:01.562967,1811.6,cam_07,ONLINE,0.12,0,215,559,1
2026-08-28T15:40:01.562967,1811.6,cam_08,ONLINE,0.11,0,317,753,1
2026-08-28T15:40:01.562967,1811.6,cam_09,ONLINE,1.88,0,424,926,1
2026-08-28T15:40:01.562967,1811.6,cam_10,ONLINE,0.62,0,397,870,1
2026-08-28T15:40:01.562967,1811.6,cam_11,ONLINE,0.06,0,312,814,1
2026-08-28T15:40:01.562967,1811.6,cam_12,ONLINE,0.11,0,236,622,1
2026-08-28T15:40:01.562967,1811.6,cam_13,ONLINE,0.17,0,297,163,1
2026-08-28T15:40:01.562967,1811.6,cam_14,ONLINE,0.22,0,191,539,1
2026-08-28T15:40:01.562967,1811.6,cam_15,ONLINE,0.41,0,449,932,1
2026-08-28T15:40:11.569757,1821.6,cam_01,ONLINE,0.31,0,418,991,1
2026-08-28T15:40:11.569757,1821.6,cam_02,ONLINE,0.22,0,440,1000,1
2026-08-28T15:40:11.569757,1821.6,cam_03,ONLINE,0.06,0,262,685,1
2026-08-28T15:40:11.569757,1821.6,cam_04,ONLINE,0.14,0,287,751,1
2026-08-28T15:40:11.569757,1821.6,cam_05,ONLINE,0.14,0,344,813,1
2026-08-28T15:40:11.569757,1821.6,cam_06,ONLINE,0.28,0,203,585,1
2026-08-28T15:40:11.569757,1821.6,cam_07,ONLINE,0.12,0,215,559,1
2026-08-28T15:40:11.569757,1821.6,cam_08,ONLINE,0.11,0,317,753,1
2026-08-28T15:40:11.569757,1821.6,cam_09,ONLINE,1.88,0,424,926,1
2026-08-28T15:40:11.569757,1821.6,cam_10,ONLINE,0.62,0,397,870,1
2026-08-28T15:40:11.569757,1821.6,cam_11,ONLINE,0.06,0,312,814,1
2026-08-28T15:40:11.569757,1821.6,cam_12,ONLINE,0.11,0,236,622,1
2026-08-28T15:40:11.569757,1821.6,cam_13,ONLINE,0.17,0,297,163,1
2026-08-28T15:40:11.569757,1821.6,cam_14,ONLINE,0.22,0,191,539,1
2026-08-28T15:40:11.569757,1821.6,cam_15,ONLINE,0.41,0,449,932,1
2026-08-28T15:40:21.576168,1831.6,cam_01,ONLINE,0.31,0,418,991,1
2026-08-28T15:40:21.576168,1831.6,cam_02,ONLINE,0.22,0,440,1000,1
2026-08-28T15:40:21.576168,1831.6,cam_03,ONLINE,0.06,0,262,685,1
2026-08-28T15:40:21.576168,1831.6,cam_04,ONLINE,0.14,0,287,751,1
2026-08-28T15:40:21.576168,1831.6,cam_05,ONLINE,0.14,0,344,813,1
2026-08-28T15:40:21.576168,1831.6,cam_06,ONLINE,0.28,0,203,585,1
2026-08-28T15:40:21.576168,1831.6,cam_07,ONLINE,0.12,0,215,559,1
2026-08-28T15:40:21.576168,1831.6,cam_08,ONLINE,0.11,0,317,753,1
2026-08-28T15:40:21.576168,1831.6,cam_09,ONLINE,1.88,0,424,926,1
2026-08-28T15:40:21.576168,1831.6,cam_10,ONLINE,0.62,0,397,870,1
2026-08-28T15:40:21.576168,1831.6,cam_11,ONLINE,0.06,0,312,814,1
2026-08-28T15:40:21.576168,1831.6,cam_12,ONLINE,0.11,0,236,622,1
2026-08-28T15:40:21.576168,1831.6,cam_13,ONLINE,0.17,0,297,163,1
2026-08-28T15:40:21.576168,1831.6,cam_14,ONLINE,0.22,0,191,539,1
2026-08-28T15:40:21.576168,1831.6,cam_15,ONLINE,0.41,0,449,932,1
2026-08-28T15:40:31.580767,1841.6,cam_01,ONLINE,0.31,0,418,991,1
2026-08-28T15:40:31.580767,1841.6,cam_02,ONLINE,0.22,0,440,1000,1
2026-08-28T15:40:31.580767,1841.6,cam_03,ONLINE,0.06,0,262,685,1
2026-08-28T15:40:31.580767,1841.6,cam_04,ONLINE,0.14,0,287,751,1
2026-08-28T15:40:31.580767,1841.6,cam_05,ONLINE,0.14,0,344,813,1
2026-08-28T15:40:31.580767,1841.6,cam_06,ONLINE,0.28,0,203,585,1
2026-08-28T15:40:31.580767,1841.6,cam_07,ONLINE,0.12,0,215,559,1
2026-08-28T15:40:31.580767,1841.6,cam_08,ONLINE,0.11,0,317,753,1
2026-08-28T15:40:31.580767,1841.6,cam_09,ONLINE,1.88,0,424,926,1
2026-08-28T15:40:31.580767,1841.6,cam_10,ONLINE,0.62,0,397,870,1
2026-08-28T15:40:31.580767,1841.6,cam_11,ONLINE,0.06,0,312,814,1
2026-08-28T15:40:31.580767,1841.6,cam_12,ONLINE,0.11,0,236,622,1
2026-08-28T15:40:31.580767,1841.6,cam_13,ONLINE,0.17,0,297,163,1
2026-08-28T15:40:31.580767,1841.6,cam_14,ONLINE,0.22,0,191,539,1
2026-08-28T15:40:31.580767,1841.6,cam_15,ONLINE,0.41,0,449,932,1
